"TypeCode","FreqCode","RefPeriodId","RefYear","RefMonth","Period","ReporterCode","ReporterISO","ReporterDesc","FlowCode","FlowDesc","PartnerCode","PartnerISO","PartnerDesc","Partner2Code","Partner2ISO","Partner2Desc","ClassificationCode","ClassificationSearchCode","IsOriginalClassification","CmdCode","CmdDesc","AggrLevel","IsLeaf","CustomsCode","CustomsDesc","MosCode","MotCode","MotDesc","QtyUnitCode","QtyUnitAbbr","Qty","IsQtyEstimated","AltQtyUnitCode","AltQtyUnitAbbr","AtlQty","IsAltQtyEstimated","NetWgt","IsNetWgtEstimated","GrossWgt","IsGrossWgtEstimated","Cifvalue","Fobvalue","PrimaryValue","LegacyEstimationFlag","IsReported","IsAggregate",
"C","A","20000101","2000","52","2000","40","AUT","Austria","M","Import","0","W00","World","0","W00","World","GG","GG","false","-2","16,17,23,24,35,37,46,47,48,56,58,59,61,62,73,98,111,112,122,232,247,248,251,264,265,269,421,422,431,621,625,629,633,634,635,641,281,282,283,284,285,286,287,288,289,322,325,334,335,411,511,514,515,516,522,523,524,531,532,551,592,661,662,663,664,667,689","0","false","C00","TOTAL CPC","0","0","TOTAL MOT","-1","n/a",,"true","-1","n/a",,"false","23440225642","true",,"false","11792381966",,"11792381966","0","true","false",
"C","A","20000101","2000","52","2000","56","BEL","Belgium","M","Import","0","W00","World","0","W00","World","GG","GG","false","-2","16,17,23,24,35,37,46,47,48,56,58,59,61,62,73,98,111,112,122,232,247,248,251,264,265,269,421,422,431,621,625,629,633,634,635,641,281,282,283,284,285,286,287,288,289,322,325,334,335,411,511,514,515,516,522,523,524,531,532,551,592,661,662,663,664,667,689","0","false","C00","TOTAL CPC","0","0","TOTAL MOT","-1","n/a",,"true","-1","n/a",,"false","62911242599","true",,"false","48707719561",,"48707719561","0","true","false",
"C","A","20000101","2000","52","2000","246","FIN","Finland","M","Import","0","W00","World","0","W00","World","GG","GG","false","-2","16,17,23,24,35,37,46,47,48,56,58,59,61,62,73,98,111,112,122,232,247,248,251,264,265,269,421,422,431,621,625,629,633,634,635,641,281,282,283,284,285,286,287,288,289,322,325,334,335,411,511,514,515,516,522,523,524,531,532,551,592,661,662,663,664,667,689","0","false","C00","TOTAL CPC","0","0","TOTAL MOT","-1","n/a",,"true","-1","n/a",,"false","20046091638","true",,"false","6696331355",,"6696331355","0","true","false",
"C","A","20000101","2000","52","2000","251","FRA","France","M","Import","0","W00","World","0","W00","World","GG","GG","false","-2","16,17,23,24,35,37,46,47,48,56,58,59,61,62,73,98,111,112,122,232,247,248,251,264,265,269,421,422,431,621,625,629,633,634,635,641,281,282,283,284,285,286,287,288,289,322,325,334,335,411,511,514,515,516,522,523,524,531,532,551,592,661,662,663,664,667,689","0","false","C00","TOTAL CPC","0","0","TOTAL MOT","-1","n/a",,"true","-1","n/a",,"false","97368455707","true",,"false","53413388367",,"53413388367","0","true","false",
"C","A","20000101","2000","52","2000","276","DEU","Germany","M","Import","0","W00","World","0","W00","World","GG","GG","false","-2","16,17,23,24,35,37,46,47,48,56,58,59,61,62,73,98,111,112,122,232,247,248,251,264,265,269,421,422,431,621,625,629,633,634,635,641,281,282,283,284,285,286,287,288,289,322,325,334,335,411,511,514,515,516,522,523,524,531,532,551,592,661,662,663,664,667,689","0","false","C00","TOTAL CPC","0","0","TOTAL MOT","-1","n/a",,"true","-1","n/a",,"false","162381611131","true",,"false","78043300000",,"78043300000","0","true","false",
"C","A","20000101","2000","52","2000","300","GRC","Greece","M","Import","0","W00","World","0","W00","World","GG","GG","false","-2","16,17,23,24,35,37,46,47,48,56,58,59,61,62,73,98,111,112,122,232,247,248,251,264,265,269,421,422,431,621,625,629,633,634,635,641,281,282,283,284,285,286,287,288,289,322,325,334,335,411,511,514,515,516,522,523,524,531,532,551,592,661,662,663,664,667,689","0","false","C00","TOTAL CPC","0","0","TOTAL MOT","-1","n/a",,"true","-1","n/a",,"false","9497518469","false",,"false","4480433856",,"4480433856","0","true","false",
"C","A","20000101","2000","52","2000","372","IRL","Ireland","M","Import","0","W00","World","0","W00","World","GG","GG","false","-2","16,17,23,24,35,37,46,47,48,56,58,59,61,62,73,98,111,112,122,232,247,248,251,264,265,269,421,422,431,621,625,629,633,634,635,641,281,282,283,284,285,286,287,288,289,322,325,334,335,411,511,514,515,516,522,523,524,531,532,551,592,661,662,663,664,667,689","0","false","C00","TOTAL CPC","0","0","TOTAL MOT","-1","n/a",,"true","-1","n/a",,"false","12091452784.411001","true","0","false","6970817996.553999","0","6970817996.553999","0","false","true",
"C","A","20000101","2000","52","2000","380","ITA","Italy","M","Import","0","W00","World","0","W00","World","GG","GG","false","-2","16,17,23,24,35,37,46,47,48,56,58,59,61,62,73,98,111,112,122,232,247,248,251,264,265,269,421,422,431,621,625,629,633,634,635,641,281,282,283,284,285,286,287,288,289,322,325,334,335,411,511,514,515,516,522,523,524,531,532,551,592,661,662,663,664,667,689","0","false","C00","TOTAL CPC","0","0","TOTAL MOT","-1","n/a",,"true","-1","n/a",,"true","85489956971","true","-59","true","44649734197",,"44649734197","0","false","false",
"C","A","20000101","2000","52","2000","528","NLD","Netherlands","M","Import","0","W00","World","0","W00","World","GG","GG","false","-2","16,17,23,24,35,37,46,47,48,56,58,59,61,62,73,98,111,112,122,232,247,248,251,264,265,269,421,422,431,621,625,629,633,634,635,641,281,282,283,284,285,286,287,288,289,322,325,334,335,411,511,514,515,516,522,523,524,531,532,551,592,661,662,663,664,667,689","0","false","C00","TOTAL CPC","0","0","TOTAL MOT","-1","n/a",,"true","-1","n/a",,"false","60174962515","true",,"false","28855440103",,"28855440103","0","true","false",
"C","A","20000101","2000","52","2000","620","PRT","Portugal","M","Import","0","W00","World","0","W00","World","GG","GG","false","-2","16,17,23,24,35,37,46,47,48,56,58,59,61,62,73,98,111,112,122,232,247,248,251,264,265,269,421,422,431,621,625,629,633,634,635,641,281,282,283,284,285,286,287,288,289,322,325,334,335,411,511,514,515,516,522,523,524,531,532,551,592,661,662,663,664,667,689","0","false","C00","TOTAL CPC","0","0","TOTAL MOT","-1","n/a",,"true","-1","n/a",,"false","12413346893","true",,"false","6442948533",,"6442948533","0","true","false",
"C","A","20000101","2000","52","2000","724","ESP","Spain","M","Import","0","W00","World","0","W00","World","GG","GG","false","-2","16,17,23,24,35,37,46,47,48,56,58,59,61,62,73,98,111,112,122,232,247,248,251,264,265,269,421,422,431,621,625,629,633,634,635,641,281,282,283,284,285,286,287,288,289,322,325,334,335,411,511,514,515,516,522,523,524,531,532,551,592,661,662,663,664,667,689","0","false","C00","TOTAL CPC","0","0","TOTAL MOT","-1","n/a",,"true","-1","n/a",,"false","29541133606.146","true","0","false","27627454060.77201","0","27627454060.77201","0","false","true",
"C","A","20010101","2001","52","2001","40","AUT","Austria","M","Import","0","W00","World","0","W00","World","GG","GG","false","-2","16,17,23,24,35,37,46,47,48,56,58,59,61,62,73,98,111,112,122,232,247,248,251,264,265,269,421,422,431,621,625,629,633,634,635,641,281,282,283,284,285,286,287,288,289,322,325,334,335,411,511,514,515,516,522,523,524,531,532,551,592,661,662,663,664,667,689","0","false","C00","TOTAL CPC","0","0","TOTAL MOT","-1","n/a",,"true","-1","n/a",,"false","23515043809","true",,"false","12284818871",,"12284818871","0","true","false",
"C","A","20010101","2001","52","2001","56","BEL","Belgium","M","Import","0","W00","World","0","W00","World","GG","GG","false","-2","16,17,23,24,35,37,46,47,48,56,58,59,61,62,73,98,111,112,122,232,247,248,251,264,265,269,421,422,431,621,625,629,633,634,635,641,281,282,283,284,285,286,287,288,289,322,325,334,335,411,511,514,515,516,522,523,524,531,532,551,592,661,662,663,664,667,689","0","false","C00","TOTAL CPC","0","0","TOTAL MOT","-1","n/a",,"true","-1","n/a",,"false","60127588882","true",,"false","46642817945",,"46642817945","0","true","false",
"C","A","20010101","2001","52","2001","246","FIN","Finland","M","Import","0","W00","World","0","W00","World","GG","GG","false","-2","16,17,23,24,35,37,46,47,48,56,58,59,61,62,73,98,111,112,122,232,247,248,251,264,265,269,421,422,431,621,625,629,633,634,635,641,281,282,283,284,285,286,287,288,289,322,325,334,335,411,511,514,515,516,522,523,524,531,532,551,592,661,662,663,664,667,689","0","false","C00","TOTAL CPC","0","0","TOTAL MOT","-1","n/a",,"true","-1","n/a",,"false","25171886346","true",,"false","6908664087",,"6908664087","0","true","false",
"C","A","20010101","2001","52","2001","251","FRA","France","M","Import","0","W00","World","0","W00","World","GG","GG","false","-2","16,17,23,24,35,37,46,47,48,56,58,59,61,62,73,98,111,112,122,232,247,248,251,264,265,269,421,422,431,621,625,629,633,634,635,641,281,282,283,284,285,286,287,288,289,322,325,334,335,411,511,514,515,516,522,523,524,531,532,551,592,661,662,663,664,667,689","0","false","C00","TOTAL CPC","0","0","TOTAL MOT","-1","n/a",,"true","-1","n/a",,"false","88755903541","true",,"false","51081827112",,"51081827112","0","true","false",
"C","A","20010101","2001","52","2001","276","DEU","Germany","M","Import","0","W00","World","0","W00","World","GG","GG","false","-2","16,17,23,24,35,37,46,47,48,56,58,59,61,62,73,98,111,112,122,232,247,248,251,264,265,269,421,422,431,621,625,629,633,634,635,641,281,282,283,284,285,286,287,288,289,322,325,334,335,411,511,514,515,516,522,523,524,531,532,551,592,661,662,663,664,667,689","0","false","C00","TOTAL CPC","0","0","TOTAL MOT","-1","n/a",,"true","-1","n/a",,"false","156201113158","true",,"false","82277374000",,"82277374000","0","true","false",
"C","A","20010101","2001","52","2001","300","GRC","Greece","M","Import","0","W00","World","0","W00","World","GG","GG","false","-2","16,17,23,24,35,37,46,47,48,56,58,59,61,62,73,98,111,112,122,232,247,248,251,264,265,269,421,422,431,621,625,629,633,634,635,641,281,282,283,284,285,286,287,288,289,322,325,334,335,411,511,514,515,516,522,523,524,531,532,551,592,661,662,663,664,667,689","0","false","C00","TOTAL CPC","0","0","TOTAL MOT","-1","n/a",,"true","-1","n/a",,"false","10092944601","true",,"false","4327356495",,"4327356495","0","true","false",
"C","A","20010101","2001","52","2001","372","IRL","Ireland","M","Import","0","W00","World","0","W00","World","GG","GG","false","-2","16,17,23,24,35,37,46,47,48,56,58,59,61,62,73,98,111,112,122,232,247,248,251,264,265,269,421,422,431,621,625,629,633,634,635,641,281,282,283,284,285,286,287,288,289,322,325,334,335,411,511,514,515,516,522,523,524,531,532,551,592,661,662,663,664,667,689","0","false","C00","TOTAL CPC","0","0","TOTAL MOT","-1","n/a",,"true","-1","n/a",,"false","12229701154.739002","true","0","false","6389688673.717997","0","6389688673.717997","0","false","true",
"C","A","20010101","2001","52","2001","380","ITA","Italy","M","Import","0","W00","World","0","W00","World","GG","GG","false","-2","16,17,23,24,35,37,46,47,48,56,58,59,61,62,73,98,111,112,122,232,247,248,251,264,265,269,421,422,431,621,625,629,633,634,635,641,281,282,283,284,285,286,287,288,289,322,325,334,335,411,511,514,515,516,522,523,524,531,532,551,592,661,662,663,664,667,689","0","false","C00","TOTAL CPC","0","0","TOTAL MOT","-1","n/a",,"true","-1","n/a",,"true","82881103620","true","-60","true","44165668441",,"44165668441","0","false","false",
"C","A","20010101","2001","52","2001","528","NLD","Netherlands","M","Import","0","W00","World","0","W00","World","GG","GG","false","-2","16,17,23,24,35,37,46,47,48,56,58,59,61,62,73,98,111,112,122,232,247,248,251,264,265,269,421,422,431,621,625,629,633,634,635,641,281,282,283,284,285,286,287,288,289,322,325,334,335,411,511,514,515,516,522,523,524,531,532,551,592,661,662,663,664,667,689","0","false","C00","TOTAL CPC","0","0","TOTAL MOT","-1","n/a",,"true","-1","n/a",,"false","56486644107","true",,"false","26860399388",,"26860399388","0","true","false",
"C","A","20010101","2001","52","2001","620","PRT","Portugal","M","Import","0","W00","World","0","W00","World","GG","GG","false","-2","16,17,23,24,35,37,46,47,48,56,58,59,61,62,73,98,111,112,122,232,247,248,251,264,265,269,421,422,431,621,625,629,633,634,635,641,281,282,283,284,285,286,287,288,289,322,325,334,335,411,511,514,515,516,522,523,524,531,532,551,592,661,662,663,664,667,689","0","false","C00","TOTAL CPC","0","0","TOTAL MOT","-1","n/a",,"true","-1","n/a",,"false","12843329153","true",,"false","6443101342",,"6443101342","0","true","false",
"C","A","20010101","2001","52","2001","724","ESP","Spain","M","Import","0","W00","World","0","W00","World","GG","GG","false","-2","16,17,23,24,35,37,46,47,48,56,58,59,61,62,73,98,111,112,122,232,247,248,251,264,265,269,421,422,431,621,625,629,633,634,635,641,281,282,283,284,285,286,287,288,289,322,325,334,335,411,511,514,515,516,522,523,524,531,532,551,592,661,662,663,664,667,689","0","false","C00","TOTAL CPC","0","0","TOTAL MOT","-1","n/a",,"true","-1","n/a",,"false","38716560400.045","true","0","false","28213035409.22","0","28213035409.22","0","false","true",
"C","A","20020101","2002","52","2002","40","AUT","Austria","M","Import","0","W00","World","0","W00","World","GG","GG","false","-2","16,17,23,24,35,37,46,47,48,56,58,59,61,62,73,98,111,112,122,232,247,248,251,264,265,269,421,422,431,621,625,629,633,634,635,641,281,282,283,284,285,286,287,288,289,322,325,334,335,411,511,514,515,516,522,523,524,531,532,551,592,661,662,663,664,667,689","0","false","C00","TOTAL CPC","0","0","TOTAL MOT","-1","n/a",,"true","-1","n/a",,"false","24454980419","true",,"false","13131802230",,"13131802230","0","true","false",
"C","A","20020101","2002","52","2002","56","BEL","Belgium","M","Import","0","W00","World","0","W00","World","GG","GG","false","-2","16,17,23,24,35,37,46,47,48,56,58,59,61,62,73,98,111,112,122,232,247,248,251,264,265,269,421,422,431,621,625,629,633,634,635,641,281,282,283,284,285,286,287,288,289,322,325,334,335,411,511,514,515,516,522,523,524,531,532,551,592,661,662,663,664,667,689","0","false","C00","TOTAL CPC","0","0","TOTAL MOT","-1","n/a",,"true","-1","n/a",,"false","62423986885","true",,"false","50579045008",,"50579045008","0","true","false",
"C","A","20020101","2002","52","2002","246","FIN","Finland","M","Import","0","W00","World","0","W00","World","GG","GG","false","-2","16,17,23,24,35,37,46,47,48,56,58,59,61,62,73,98,111,112,122,232,247,248,251,264,265,269,421,422,431,621,625,629,633,634,635,641,281,282,283,284,285,286,287,288,289,322,325,334,335,411,511,514,515,516,522,523,524,531,532,551,592,661,662,663,664,667,689","0","false","C00","TOTAL CPC","0","0","TOTAL MOT","-1","n/a",,"true","-1","n/a",,"false","25505718073","true",,"false","6879245033",,"6879245033","0","true","false",
"C","A","20020101","2002","52","2002","251","FRA","France","M","Import","0","W00","World","0","W00","World","GG","GG","false","-2","16,17,23,24,35,37,46,47,48,56,58,59,61,62,73,98,111,112,122,232,247,248,251,264,265,269,421,422,431,621,625,629,633,634,635,641,281,282,283,284,285,286,287,288,289,322,325,334,335,411,511,514,515,516,522,523,524,531,532,551,592,661,662,663,664,667,689","0","false","C00","TOTAL CPC","0","0","TOTAL MOT","-1","n/a",,"true","-1","n/a",,"false","94407349309","true",,"false","53545475637",,"53545475637","0","true","false",
"C","A","20020101","2002","52","2002","276","DEU","Germany","M","Import","0","W00","World","0","W00","World","GG","GG","false","-2","16,17,23,24,35,37,46,47,48,56,58,59,61,62,73,98,111,112,122,232,247,248,251,264,265,269,421,422,431,621,625,629,633,634,635,641,281,282,283,284,285,286,287,288,289,322,325,334,335,411,511,514,515,516,522,523,524,531,532,551,592,661,662,663,664,667,689","0","false","C00","TOTAL CPC","0","0","TOTAL MOT","-1","n/a",,"true","-1","n/a",,"false","154943606802","true",,"false","77357106000",,"77357106000","0","true","false",
"C","A","20020101","2002","52","2002","300","GRC","Greece","M","Import","0","W00","World","0","W00","World","GG","GG","false","-2","16,17,23,24,35,37,46,47,48,56,58,59,61,62,73,98,111,112,122,232,247,248,251,264,265,269,421,422,431,621,625,629,633,634,635,641,281,282,283,284,285,286,287,288,289,322,325,334,335,411,511,514,515,516,522,523,524,531,532,551,592,661,662,663,664,667,689","0","false","C00","TOTAL CPC","0","0","TOTAL MOT","-1","n/a",,"true","-1","n/a",,"false","9067622475","true",,"false","4899560472",,"4899560472","0","true","false",
"C","A","20020101","2002","52","2002","372","IRL","Ireland","M","Import","0","W00","World","0","W00","World","GG","GG","false","-2","16,17,23,24,35,37,46,47,48,56,58,59,61,62,73,98,111,112,122,232,247,248,251,264,265,269,421,422,431,621,625,629,633,634,635,641,281,282,283,284,285,286,287,288,289,322,325,334,335,411,511,514,515,516,522,523,524,531,532,551,592,661,662,663,664,667,689","0","false","C00","TOTAL CPC","0","0","TOTAL MOT","-1","n/a",,"true","-1","n/a",,"false","13173287553.144","true","0","false","7313042925.268","0","7313042925.268","0","false","true",
"C","A","20020101","2002","52","2002","380","ITA","Italy","M","Import","0","W00","World","0","W00","World","GG","GG","false","-2","16,17,23,24,35,37,46,47,48,56,58,59,61,62,73,98,111,112,122,232,247,248,251,264,265,269,421,422,431,621,625,629,633,634,635,641,281,282,283,284,285,286,287,288,289,322,325,334,335,411,511,514,515,516,522,523,524,531,532,551,592,661,662,663,664,667,689","0","false","C00","TOTAL CPC","0","0","TOTAL MOT","-1","n/a",,"true","-1","n/a",,"true","86064385529","true","-60","true","46663714967",,"46663714967","0","false","false",
"C","A","20020101","2002","52","2002","528","NLD","Netherlands","M","Import","0","W00","World","0","W00","World","GG","GG","false","-2","16,17,23,24,35,37,46,47,48,56,58,59,61,62,73,98,111,112,122,232,247,248,251,264,265,269,421,422,431,621,625,629,633,634,635,641,281,282,283,284,285,286,287,288,289,322,325,334,335,411,511,514,515,516,522,523,524,531,532,551,592,661,662,663,664,667,689","0","false","C00","TOTAL CPC","0","0","TOTAL MOT","-1","n/a",,"true","-1","n/a",,"false","69170876711","true",,"false","29946148321",,"29946148321","0","true","false",
"C","A","20020101","2002","52","2002","620","PRT","Portugal","M","Import","0","W00","World","0","W00","World","GG","GG","false","-2","16,17,23,24,35,37,46,47,48,56,58,59,61,62,73,98,111,112,122,232,247,248,251,264,265,269,421,422,431,621,625,629,633,634,635,641,281,282,283,284,285,286,287,288,289,322,325,334,335,411,511,514,515,516,522,523,524,531,532,551,592,661,662,663,664,667,689","0","false","C00","TOTAL CPC","0","0","TOTAL MOT","-1","n/a",,"true","-1","n/a",,"false","12800225321","true",,"false","6808437227",,"6808437227","0","true","false",
"C","A","20020101","2002","52","2002","724","ESP","Spain","M","Import","0","W00","World","0","W00","World","GG","GG","false","-2","16,17,23,24,35,37,46,47,48,56,58,59,61,62,73,98,111,112,122,232,247,248,251,264,265,269,421,422,431,621,625,629,633,634,635,641,281,282,283,284,285,286,287,288,289,322,325,334,335,411,511,514,515,516,522,523,524,531,532,551,592,661,662,663,664,667,689","0","false","C00","TOTAL CPC","0","0","TOTAL MOT","-1","n/a",,"true","-1","n/a",,"false","31701159718.235","true","0","false","30263265102.722004","0","30263265102.722004","0","false","true",
"C","A","20030101","2003","52","2003","40","AUT","Austria","M","Import","0","W00","World","0","W00","World","GG","GG","false","-2","16,17,23,24,35,37,46,47,48,56,58,59,61,62,73,98,111,112,122,232,247,248,251,264,265,269,421,422,431,621,625,629,633,634,635,641,281,282,283,284,285,286,287,288,289,322,325,334,335,411,511,514,515,516,522,523,524,531,532,551,592,661,662,663,664,667,689","0","false","C00","TOTAL CPC","0","0","TOTAL MOT","-1","n/a",,"true","-1","n/a",,"false","32256199885","true",,"false","17786241077",,"17786241077","0","true","false",
"C","A","20030101","2003","52","2003","56","BEL","Belgium","M","Import","0","W00","World","0","W00","World","GG","GG","false","-2","16,17,23,24,35,37,46,47,48,56,58,59,61,62,73,98,111,112,122,232,247,248,251,264,265,269,421,422,431,621,625,629,633,634,635,641,281,282,283,284,285,286,287,288,289,322,325,334,335,411,511,514,515,516,522,523,524,531,532,551,592,661,662,663,664,667,689","0","false","C00","TOTAL CPC","0","0","TOTAL MOT","-1","n/a",,"true","-1","n/a",,"false","65497715495","true",,"false","56125160509",,"56125160509","0","true","false",
"C","A","20030101","2003","52","2003","246","FIN","Finland","M","Import","0","W00","World","0","W00","World","GG","GG","false","-2","16,17,23,24,35,37,46,47,48,56,58,59,61,62,73,98,111,112,122,232,247,248,251,264,265,269,421,422,431,621,625,629,633,634,635,641,281,282,283,284,285,286,287,288,289,322,325,334,335,411,511,514,515,516,522,523,524,531,532,551,592,661,662,663,664,667,689","0","false","C00","TOTAL CPC","0","0","TOTAL MOT","-1","n/a",,"true","-1","n/a",,"false","28458471339","true",,"false","9006219408",,"9006219408","0","true","false",
"C","A","20030101","2003","52","2003","251","FRA","France","M","Import","0","W00","World","0","W00","World","GG","GG","false","-2","16,17,23,24,35,37,46,47,48,56,58,59,61,62,73,98,111,112,122,232,247,248,251,264,265,269,421,422,431,621,625,629,633,634,635,641,281,282,283,284,285,286,287,288,289,322,325,334,335,411,511,514,515,516,522,523,524,531,532,551,592,661,662,663,664,667,689","0","false","C00","TOTAL CPC","0","0","TOTAL MOT","-1","n/a",,"true","-1","n/a",,"false","93946256077","true",,"false","64447411071",,"64447411071","0","true","false",
"C","A","20030101","2003","52","2003","276","DEU","Germany","M","Import","0","W00","World","0","W00","World","GG","GG","false","-2","16,17,23,24,35,37,46,47,48,56,58,59,61,62,73,98,111,112,122,232,247,248,251,264,265,269,421,422,431,621,625,629,633,634,635,641,281,282,283,284,285,286,287,288,289,322,325,334,335,411,511,514,515,516,522,523,524,531,532,551,592,661,662,663,664,667,689","0","false","C00","TOTAL CPC","0","0","TOTAL MOT","-1","n/a",,"true","-1","n/a",,"false","138101428564","true",,"false","87616659000",,"87616659000","0","true","false",
"C","A","20030101","2003","52","2003","300","GRC","Greece","M","Import","0","W00","World","0","W00","World","GG","GG","false","-2","16,17,23,24,35,37,46,47,48,56,58,59,61,62,73,98,111,112,122,232,247,248,251,264,265,269,421,422,431,621,625,629,633,634,635,641,281,282,283,284,285,286,287,288,289,322,325,334,335,411,511,514,515,516,522,523,524,531,532,551,592,661,662,663,664,667,689","0","false","C00","TOTAL CPC","0","0","TOTAL MOT","-1","n/a",,"true","-1","n/a",,"false","10000869935","true",,"false","7376640377",,"7376640377","0","true","false",
"C","A","20030101","2003","52","2003","372","IRL","Ireland","M","Import","0","W00","World","0","W00","World","GG","GG","false","-2","16,17,23,24,35,37,46,47,48,56,58,59,61,62,73,98,111,112,122,232,247,248,251,264,265,269,421,422,431,621,625,629,633,634,635,641,281,282,283,284,285,286,287,288,289,322,325,334,335,411,511,514,515,516,522,523,524,531,532,551,592,661,662,663,664,667,689","0","false","C00","TOTAL CPC","0","0","TOTAL MOT","-1","n/a",,"true","-1","n/a",,"false","13133700876.450005","true","0","false","8779112472.428999","0","8779112472.428999","0","false","true",
"C","A","20030101","2003","52","2003","380","ITA","Italy","M","Import","0","W00","World","0","W00","World","GG","GG","false","-2","16,17,23,24,35,37,46,47,48,56,58,59,61,62,73,98,111,112,122,232,247,248,251,264,265,269,421,422,431,621,625,629,633,634,635,641,281,282,283,284,285,286,287,288,289,322,325,334,335,411,511,514,515,516,522,523,524,531,532,551,592,661,662,663,664,667,689","0","false","C00","TOTAL CPC","0","0","TOTAL MOT","-1","n/a",,"true","-1","n/a",,"true","85373013292","true","-59","true","54531416946",,"54531416946","0","false","false",
"C","A","20030101","2003","52","2003","528","NLD","Netherlands","M","Import","0","W00","World","0","W00","World","GG","GG","false","-2","16,17,23,24,35,37,46,47,48,56,58,59,61,62,73,98,111,112,122,232,247,248,251,264,265,269,421,422,431,621,625,629,633,634,635,641,281,282,283,284,285,286,287,288,289,322,325,334,335,411,511,514,515,516,522,523,524,531,532,551,592,661,662,663,664,667,689","0","false","C00","TOTAL CPC","0","0","TOTAL MOT","-1","n/a",,"true","-1","n/a",,"false","73622717271","true",,"false","37494840142",,"37494840142","0","true","false",
"C","A","20030101","2003","52","2003","620","PRT","Portugal","M","Import","0","W00","World","0","W00","World","GG","GG","false","-2","16,17,23,24,35,37,46,47,48,56,58,59,61,62,73,98,111,112,122,232,247,248,251,264,265,269,421,422,431,621,625,629,633,634,635,641,281,282,283,284,285,286,287,288,289,322,325,334,335,411,511,514,515,516,522,523,524,531,532,551,592,661,662,663,664,667,689","0","false","C00","TOTAL CPC","0","0","TOTAL MOT","-1","n/a",,"true","-1","n/a",,"false","10768040800","true",,"false","7796225275",,"7796225275","0","true","false",
"C","A","20030101","2003","52","2003","724","ESP","Spain","M","Import","0","W00","World","0","W00","World","GG","GG","false","-2","16,17,23,24,35,37,46,47,48,56,58,59,61,62,73,98,111,112,122,232,247,248,251,264,265,269,421,422,431,621,625,629,633,634,635,641,281,282,283,284,285,286,287,288,289,322,325,334,335,411,511,514,515,516,522,523,524,531,532,551,592,661,662,663,664,667,689","0","false","C00","TOTAL CPC","0","0","TOTAL MOT","-1","n/a",,"true","-1","n/a",,"false","12231952586.053","true","0","false","38827422503.281","0","38827422503.281","0","false","true",
"C","A","20040101","2004","52","2004","40","AUT","Austria","M","Import","0","W00","World","0","W00","World","GG","GG","false","-2","16,17,23,24,35,37,46,47,48,56,58,59,61,62,73,98,111,112,122,232,247,248,251,264,265,269,421,422,431,621,625,629,633,634,635,641,281,282,283,284,285,286,287,288,289,322,325,334,335,411,511,514,515,516,522,523,524,531,532,551,592,661,662,663,664,667,689","0","false","C00","TOTAL CPC","0","0","TOTAL MOT","-1","n/a",,"true","-1","n/a",,"false","34543667062","true",,"false","22037790345",,"22037790345","0","true","false",
"C","A","20040101","2004","52","2004","56","BEL","Belgium","M","Import","0","W00","World","0","W00","World","GG","GG","false","-2","16,17,23,24,35,37,46,47,48,56,58,59,61,62,73,98,111,112,122,232,247,248,251,264,265,269,421,422,431,621,625,629,633,634,635,641,281,282,283,284,285,286,287,288,289,322,325,334,335,411,511,514,515,516,522,523,524,531,532,551,592,661,662,663,664,667,689","0","false","C00","TOTAL CPC","0","0","TOTAL MOT","-1","n/a",,"true","-1","n/a",,"false","71281413861","true",,"false","74219670982",,"74219670982","0","true","false",
"C","A","20040101","2004","52","2004","246","FIN","Finland","M","Import","0","W00","World","0","W00","World","GG","GG","false","-2","16,17,23,24,35,37,46,47,48,56,58,59,61,62,73,98,111,112,122,232,247,248,251,264,265,269,421,422,431,621,625,629,633,634,635,641,281,282,283,284,285,286,287,288,289,322,325,334,335,411,511,514,515,516,522,523,524,531,532,551,592,661,662,663,664,667,689","0","false","C00","TOTAL CPC","0","0","TOTAL MOT","-1","n/a",,"true","-1","n/a",,"false","27741873060","true",,"false","11550500722",,"11550500722","0","true","false",
"C","A","20040101","2004","52","2004","251","FRA","France","M","Import","0","W00","World","0","W00","World","GG","GG","false","-2","16,17,23,24,35,37,46,47,48,56,58,59,61,62,73,98,111,112,122,232,247,248,251,264,265,269,421,422,431,621,625,629,633,634,635,641,281,282,283,284,285,286,287,288,289,322,325,334,335,411,511,514,515,516,522,523,524,531,532,551,592,661,662,663,664,667,689","0","false","C00","TOTAL CPC","0","0","TOTAL MOT","-1","n/a",,"true","-1","n/a",,"false","109585646499","true",,"false","76942375768",,"76942375768","0","true","false",
"C","A","20040101","2004","52","2004","276","DEU","Germany","M","Import","0","W00","World","0","W00","World","GG","GG","false","-2","16,17,23,24,35,37,46,47,48,56,58,59,61,62,73,98,111,112,122,232,247,248,251,264,265,269,421,422,431,621,625,629,633,634,635,641,281,282,283,284,285,286,287,288,289,322,325,334,335,411,511,514,515,516,522,523,524,531,532,551,592,661,662,663,664,667,689","0","false","C00","TOTAL CPC","0","0","TOTAL MOT","-1","n/a",,"true","-1","n/a",,"false","151096081522","true",,"false","106293730000",,"106293730000","0","true","false",
"C","A","20040101","2004","52","2004","300","GRC","Greece","M","Import","0","W00","World","0","W00","World","GG","GG","false","-2","16,17,23,24,35,37,46,47,48,56,58,59,61,62,73,98,111,112,122,232,247,248,251,264,265,269,421,422,431,621,625,629,633,634,635,641,281,282,283,284,285,286,287,288,289,322,325,334,335,411,511,514,515,516,522,523,524,531,532,551,592,661,662,663,664,667,689","0","false","C00","TOTAL CPC","0","0","TOTAL MOT","-1","n/a",,"true","-1","n/a",,"false","10790821246","true",,"false","8355025484",,"8355025484","0","true","false",
"C","A","20040101","2004","52","2004","372","IRL","Ireland","M","Import","0","W00","World","0","W00","World","GG","GG","false","-2","16,17,23,24,35,37,46,47,48,56,58,59,61,62,73,98,111,112,122,232,247,248,251,264,265,269,421,422,431,621,625,629,633,634,635,641,281,282,283,284,285,286,287,288,289,322,325,334,335,411,511,514,515,516,522,523,524,531,532,551,592,661,662,663,664,667,689","0","false","C00","TOTAL CPC","0","0","TOTAL MOT","-1","n/a",,"true","-1","n/a",,"false","16065469609.278002","true","0","false","10685375589.709002","0","10685375589.709002","0","false","true",
"C","A","20040101","2004","52","2004","380","ITA","Italy","M","Import","0","W00","World","0","W00","World","GG","GG","false","-2","16,17,23,24,35,37,46,47,48,56,58,59,61,62,73,98,111,112,122,232,247,248,251,264,265,269,421,422,431,621,625,629,633,634,635,641,281,282,283,284,285,286,287,288,289,322,325,334,335,411,511,514,515,516,522,523,524,531,532,551,592,661,662,663,664,667,689","0","false","C00","TOTAL CPC","0","0","TOTAL MOT","-1","n/a",,"true","-1","n/a",,"true","86199629171","true","-60","true","63783065062",,"63783065062","0","false","false",
"C","A","20040101","2004","52","2004","528","NLD","Netherlands","M","Import","0","W00","World","0","W00","World","GG","GG","false","-2","16,17,23,24,35,37,46,47,48,56,58,59,61,62,73,98,111,112,122,232,247,248,251,264,265,269,421,422,431,621,625,629,633,634,635,641,281,282,283,284,285,286,287,288,289,322,325,334,335,411,511,514,515,516,522,523,524,531,532,551,592,661,662,663,664,667,689","0","false","C00","TOTAL CPC","0","0","TOTAL MOT","-1","n/a",,"true","-1","n/a",,"false","78891771572","true",,"false","46884156744",,"46884156744","0","true","false",
"C","A","20040101","2004","52","2004","620","PRT","Portugal","M","Import","0","W00","World","0","W00","World","GG","GG","false","-2","16,17,23,24,35,37,46,47,48,56,58,59,61,62,73,98,111,112,122,232,247,248,251,264,265,269,421,422,431,621,625,629,633,634,635,641,281,282,283,284,285,286,287,288,289,322,325,334,335,411,511,514,515,516,522,523,524,531,532,551,592,661,662,663,664,667,689","0","false","C00","TOTAL CPC","0","0","TOTAL MOT","-1","n/a",,"true","-1","n/a",,"false","10538621043","true",,"false","8932381411",,"8932381411","0","true","false",
"C","A","20040101","2004","52","2004","724","ESP","Spain","M","Import","0","W00","World","0","W00","World","GG","GG","false","-2","16,17,23,24,35,37,46,47,48,56,58,59,61,62,73,98,111,112,122,232,247,248,251,264,265,269,421,422,431,621,625,629,633,634,635,641,281,282,283,284,285,286,287,288,289,322,325,334,335,411,511,514,515,516,522,523,524,531,532,551,592,661,662,663,664,667,689","0","false","C00","TOTAL CPC","0","0","TOTAL MOT","-1","n/a",,"true","-1","n/a",,"false","25732154062.586","true","0","false","46822656912.28099","0","46822656912.28099","0","false","true",
"C","A","20050101","2005","52","2005","40","AUT","Austria","M","Import","0","W00","World","0","W00","World","GG","GG","false","-2","16,17,23,24,35,37,46,47,48,56,58,59,61,62,73,98,111,112,122,232,247,248,251,264,265,269,421,422,431,621,625,629,633,634,635,641,281,282,283,284,285,286,287,288,289,322,325,334,335,411,511,514,515,516,522,523,524,531,532,551,592,661,662,663,664,667,689","0","false","C00","TOTAL CPC","0","0","TOTAL MOT","-1","n/a",,"true","-1","n/a",,"false","36574404505","true",,"false","25797135608",,"25797135608","0","true","false",
"C","A","20050101","2005","52","2005","56","BEL","Belgium","M","Import","0","W00","World","0","W00","World","GG","GG","false","-2","16,17,23,24,35,37,46,47,48,56,58,59,61,62,73,98,111,112,122,232,247,248,251,264,265,269,421,422,431,621,625,629,633,634,635,641,281,282,283,284,285,286,287,288,289,322,325,334,335,411,511,514,515,516,522,523,524,531,532,551,592,661,662,663,664,667,689","0","false","C00","TOTAL CPC","0","0","TOTAL MOT","-1","n/a",,"true","-1","n/a",,"false","70787016587","true",,"false","86671559083",,"86671559083","0","true","false",
"C","A","20050101","2005","52","2005","246","FIN","Finland","M","Import","0","W00","World","0","W00","World","GG","GG","false","-2","16,17,23,24,35,37,46,47,48,56,58,59,61,62,73,98,111,112,122,232,247,248,251,264,265,269,421,422,431,621,625,629,633,634,635,641,281,282,283,284,285,286,287,288,289,322,325,334,335,411,511,514,515,516,522,523,524,531,532,551,592,661,662,663,664,667,689","0","false","C00","TOTAL CPC","0","0","TOTAL MOT","-1","n/a",,"true","-1","n/a",,"false","30612673935","true",,"false","13577385074",,"13577385074","0","true","false",
"C","A","20050101","2005","52","2005","251","FRA","France","M","Import","0","W00","World","0","W00","World","GG","GG","false","-2","16,17,23,24,35,37,46,47,48,56,58,59,61,62,73,98,111,112,122,232,247,248,251,264,265,269,421,422,431,621,625,629,633,634,635,641,281,282,283,284,285,286,287,288,289,322,325,334,335,411,511,514,515,516,522,523,524,531,532,551,592,661,662,663,664,667,689","0","false","C00","TOTAL CPC","0","0","TOTAL MOT","-1","n/a",,"true","-1","n/a",,"false","111428288538","true",,"false","86142648956",,"86142648956","0","true","false",
"C","A","20050101","2005","52","2005","276","DEU","Germany","M","Import","0","W00","World","0","W00","World","GG","GG","false","-2","16,17,23,24,35,37,46,47,48,56,58,59,61,62,73,98,111,112,122,232,247,248,251,264,265,269,421,422,431,621,625,629,633,634,635,641,281,282,283,284,285,286,287,288,289,322,325,334,335,411,511,514,515,516,522,523,524,531,532,551,592,661,662,663,664,667,689","0","false","C00","TOTAL CPC","0","0","TOTAL MOT","-1","n/a",,"true","-1","n/a",,"false","156517474039","true",,"false","125150922000",,"125150922000","0","true","false",
"C","A","20050101","2005","52","2005","300","GRC","Greece","M","Import","0","W00","World","0","W00","World","GG","GG","false","-2","16,17,23,24,35,37,46,47,48,56,58,59,61,62,73,98,111,112,122,232,247,248,251,264,265,269,421,422,431,621,625,629,633,634,635,641,281,282,283,284,285,286,287,288,289,322,325,334,335,411,511,514,515,516,522,523,524,531,532,551,592,661,662,663,664,667,689","0","false","C00","TOTAL CPC","0","0","TOTAL MOT","-1","n/a",,"false","-1","n/a",,"false","11691117646","false",,"false","9199187945",,"9199187945","0","true","false",
"C","A","20050101","2005","52","2005","372","IRL","Ireland","M","Import","0","W00","World","0","W00","World","GG","GG","false","-2","16,17,23,24,35,37,46,47,48,56,58,59,61,62,73,98,111,112,122,232,247,248,251,264,265,269,421,422,431,621,625,629,633,634,635,641,281,282,283,284,285,286,287,288,289,322,325,334,335,411,511,514,515,516,522,523,524,531,532,551,592,661,662,663,664,667,689","0","false","C00","TOTAL CPC","0","0","TOTAL MOT","-1","n/a",,"true","-1","n/a",,"false","15155604548.986002","true","0","false","12509893208.596003","0","12509893208.596003","0","false","true",
"C","A","20050101","2005","52","2005","380","ITA","Italy","M","Import","0","W00","World","0","W00","World","GG","GG","false","-2","16,17,23,24,35,37,46,47,48,56,58,59,61,62,73,98,111,112,122,232,247,248,251,264,265,269,421,422,431,621,625,629,633,634,635,641,281,282,283,284,285,286,287,288,289,322,325,334,335,411,511,514,515,516,522,523,524,531,532,551,592,661,662,663,664,667,689","0","false","C00","TOTAL CPC","0","0","TOTAL MOT","-1","n/a",,"true","-1","n/a",,"true","85579813345","true","-59","true","68109850768",,"68109850768","0","false","false",
"C","A","20050101","2005","52","2005","528","NLD","Netherlands","M","Import","0","W00","World","0","W00","World","GG","GG","false","-2","16,17,23,24,35,37,46,47,48,56,58,59,61,62,73,98,111,112,122,232,247,248,251,264,265,269,421,422,431,621,625,629,633,634,635,641,281,282,283,284,285,286,287,288,289,322,325,334,335,411,511,514,515,516,522,523,524,531,532,551,592,661,662,663,664,667,689","0","false","C00","TOTAL CPC","0","0","TOTAL MOT","-1","n/a",,"true","-1","n/a",,"false","88710443967","true",,"false","54383842796",,"54383842796","0","true","false",
"C","A","20050101","2005","52","2005","620","PRT","Portugal","M","Import","0","W00","World","0","W00","World","GG","GG","false","-2","16,17,23,24,35,37,46,47,48,56,58,59,61,62,73,98,111,112,122,232,247,248,251,264,265,269,421,422,431,621,625,629,633,634,635,641,281,282,283,284,285,286,287,288,289,322,325,334,335,411,511,514,515,516,522,523,524,531,532,551,592,661,662,663,664,667,689","0","false","C00","TOTAL CPC","0","0","TOTAL MOT","-1","n/a",,"true","-1","n/a",,"false","12500073271","true",,"false","10566385094",,"10566385094","0","true","false",
"C","A","20050101","2005","52","2005","724","ESP","Spain","M","Import","0","W00","World","0","W00","World","GG","GG","false","-2","16,17,23,24,35,37,46,47,48,56,58,59,61,62,73,98,111,112,122,232,247,248,251,264,265,269,421,422,431,621,625,629,633,634,635,641,281,282,283,284,285,286,287,288,289,322,325,334,335,411,511,514,515,516,522,523,524,531,532,551,592,661,662,663,664,667,689","0","false","C00","TOTAL CPC","0","0","TOTAL MOT","-1","n/a",,"true","-1","n/a",,"false","31848031237.41","true","0","false","52134175245.455986","0","52134175245.455986","0","false","true",
"C","A","20060101","2006","52","2006","40","AUT","Austria","M","Import","0","W00","World","0","W00","World","GG","GG","false","-2","16,17,23,24,35,37,46,47,48,56,58,59,61,62,73,98,111,112,122,232,247,248,251,264,265,269,421,422,431,621,625,629,633,634,635,641,281,282,283,284,285,286,287,288,289,322,325,334,335,411,511,514,515,516,522,523,524,531,532,551,592,661,662,663,664,667,689","0","false","C00","TOTAL CPC","0","0","TOTAL MOT","-1","n/a",,"true","-1","n/a",,"false","38761674223","true",,"false","30583889086",,"30583889086","0","true","false",
"C","A","20060101","2006","52","2006","56","BEL","Belgium","M","Import","0","W00","World","0","W00","World","GG","GG","false","-2","16,17,23,24,35,37,46,47,48,56,58,59,61,62,73,98,111,112,122,232,247,248,251,264,265,269,421,422,431,621,625,629,633,634,635,641,281,282,283,284,285,286,287,288,289,322,325,334,335,411,511,514,515,516,522,523,524,531,532,551,592,661,662,663,664,667,689","0","false","C00","TOTAL CPC","0","0","TOTAL MOT","-1","n/a",,"true","-1","n/a",,"false","76169386546","true",,"false","96124402169",,"96124402169","0","true","false",
"C","A","20060101","2006","52","2006","246","FIN","Finland","M","Import","0","W00","World","0","W00","World","GG","GG","false","-2","16,17,23,24,35,37,46,47,48,56,58,59,61,62,73,98,111,112,122,232,247,248,251,264,265,269,421,422,431,621,625,629,633,634,635,641,281,282,283,284,285,286,287,288,289,322,325,334,335,411,511,514,515,516,522,523,524,531,532,551,592,661,662,663,664,667,689","0","false","C00","TOTAL CPC","0","0","TOTAL MOT","-1","n/a",,"true","-1","n/a",,"false","29856050901","true",,"false","16677839405",,"16677839405","0","true","false",
"C","A","20060101","2006","52","2006","251","FRA","France","M","Import","0","W00","World","0","W00","World","GG","GG","false","-2","16,17,23,24,35,37,46,47,48,56,58,59,61,62,73,98,111,112,122,232,247,248,251,264,265,269,421,422,431,621,625,629,633,634,635,641,281,282,283,284,285,286,287,288,289,322,325,334,335,411,511,514,515,516,522,523,524,531,532,551,592,661,662,663,664,667,689","0","false","C00","TOTAL CPC","0","0","TOTAL MOT","-1","n/a",,"true","-1","n/a",,"false","114056153654","true",,"false","94833998508",,"94833998508","0","true","false",
"C","A","20060101","2006","52","2006","276","DEU","Germany","M","Import","0","W00","World","0","W00","World","GG","GG","false","-2","16,17,23,24,35,37,46,47,48,56,58,59,61,62,73,98,111,112,122,232,247,248,251,264,265,269,421,422,431,621,625,629,633,634,635,641,281,282,283,284,285,286,287,288,289,322,325,334,335,411,511,514,515,516,522,523,524,531,532,551,592,661,662,663,664,667,689","0","false","C00","TOTAL CPC","0","0","TOTAL MOT","-1","n/a",,"true","-1","n/a",,"false","166932349934","true",,"false","148925347000",,"148925347000","0","true","false",
"C","A","20060101","2006","52","2006","300","GRC","Greece","M","Import","0","W00","World","0","W00","World","GG","GG","false","-2","16,17,23,24,35,37,46,47,48,56,58,59,61,62,73,98,111,112,122,232,247,248,251,264,265,269,421,422,431,621,625,629,633,634,635,641,281,282,283,284,285,286,287,288,289,322,325,334,335,411,511,514,515,516,522,523,524,531,532,551,592,661,662,663,664,667,689","0","false","C00","TOTAL CPC","0","0","TOTAL MOT","-1","n/a",,"true","-1","n/a",,"false","12789123063","false",,"false","10626401668",,"10626401668","0","true","false",
"C","A","20060101","2006","52","2006","372","IRL","Ireland","M","Import","0","W00","World","0","W00","World","GG","GG","false","-2","16,17,23,24,35,37,46,47,48,56,58,59,61,62,73,98,111,112,122,232,247,248,251,264,265,269,421,422,431,621,625,629,633,634,635,641,281,282,283,284,285,286,287,288,289,322,325,334,335,411,511,514,515,516,522,523,524,531,532,551,592,661,662,663,664,667,689","0","false","C00","TOTAL CPC","0","0","TOTAL MOT","-1","n/a",,"true","-1","n/a",,"false","15594754338.427998","true","0","false","13608827543.295","0","13608827543.295","0","false","true",
"C","A","20060101","2006","52","2006","380","ITA","Italy","M","Import","0","W00","World","0","W00","World","GG","GG","false","-2","16,17,23,24,35,37,46,47,48,56,58,59,61,62,73,98,111,112,122,232,247,248,251,264,265,269,421,422,431,621,625,629,633,634,635,641,281,282,283,284,285,286,287,288,289,322,325,334,335,411,511,514,515,516,522,523,524,531,532,551,592,661,662,663,664,667,689","0","false","C00","TOTAL CPC","0","0","TOTAL MOT","-1","n/a",,"true","-1","n/a",,"true","88320301747","true","-60","true","76821037625",,"76821037625","0","false","false",
"C","A","20060101","2006","52","2006","528","NLD","Netherlands","M","Import","0","W00","World","0","W00","World","GG","GG","false","-2","16,17,23,24,35,37,46,47,48,56,58,59,61,62,73,98,111,112,122,232,247,248,251,264,265,269,421,422,431,621,625,629,633,634,635,641,281,282,283,284,285,286,287,288,289,322,325,334,335,411,511,514,515,516,522,523,524,531,532,551,592,661,662,663,664,667,689","0","false","C00","TOTAL CPC","0","0","TOTAL MOT","-1","n/a",,"true","-1","n/a",,"false","93203932815","true",,"false","65588946117",,"65588946117","0","true","false",
"C","A","20060101","2006","52","2006","620","PRT","Portugal","M","Import","0","W00","World","0","W00","World","GG","GG","false","-2","16,17,23,24,35,37,46,47,48,56,58,59,61,62,73,98,111,112,122,232,247,248,251,264,265,269,421,422,431,621,625,629,633,634,635,641,281,282,283,284,285,286,287,288,289,322,325,334,335,411,511,514,515,516,522,523,524,531,532,551,592,661,662,663,664,667,689","0","false","C00","TOTAL CPC","0","0","TOTAL MOT","-1","n/a",,"true","-1","n/a",,"false","11155444293","true",,"false","11077338405",,"11077338405","0","true","false",
"C","A","20060101","2006","52","2006","724","ESP","Spain","M","Import","0","W00","World","0","W00","World","GG","GG","false","-2","16,17,23,24,35,37,46,47,48,56,58,59,61,62,73,98,111,112,122,232,247,248,251,264,265,269,421,422,431,621,625,629,633,634,635,641,281,282,283,284,285,286,287,288,289,322,325,334,335,411,511,514,515,516,522,523,524,531,532,551,592,661,662,663,664,667,689","0","false","C00","TOTAL CPC","0","0","TOTAL MOT","-1","n/a",,"true","-1","n/a",,"false","43256051851.151","true","0","false","61560786080.657","0","61560786080.657","0","false","true",
"C","A","20070101","2007","52","2007","40","AUT","Austria","M","Import","0","W00","World","0","W00","World","GG","GG","false","-2","16,17,23,24,35,37,46,47,48,56,58,59,61,62,73,98,111,112,122,232,247,248,251,264,265,269,421,422,431,621,625,629,633,634,635,641,281,282,283,284,285,286,287,288,289,322,325,334,335,411,511,514,515,516,522,523,524,531,532,551,592,661,662,663,664,667,689","0","false","C00","TOTAL CPC","0","0","TOTAL MOT","-1","n/a",,"true","-1","n/a",,"false","39277085514","true",,"false","30863535470",,"30863535470","0","true","false",
"C","A","20070101","2007","52","2007","56","BEL","Belgium","M","Import","0","W00","World","0","W00","World","GG","GG","false","-2","16,17,23,24,35,37,46,47,48,56,58,59,61,62,73,98,111,112,122,232,247,248,251,264,265,269,421,422,431,621,625,629,633,634,635,641,281,282,283,284,285,286,287,288,289,322,325,334,335,411,511,514,515,516,522,523,524,531,532,551,592,661,662,663,664,667,689","0","false","C00","TOTAL CPC","0","0","TOTAL MOT","-1","n/a",,"true","-1","n/a",,"false","85198377266","true",,"false","112705228219",,"112705228219","0","true","false",
"C","A","20070101","2007","52","2007","246","FIN","Finland","M","Import","0","W00","World","0","W00","World","GG","GG","false","-2","16,17,23,24,35,37,46,47,48,56,58,59,61,62,73,98,111,112,122,232,247,248,251,264,265,269,421,422,431,621,625,629,633,634,635,641,281,282,283,284,285,286,287,288,289,322,325,334,335,411,511,514,515,516,522,523,524,531,532,551,592,661,662,663,664,667,689","0","false","C00","TOTAL CPC","0","0","TOTAL MOT","-1","n/a",,"true","-1","n/a",,"false","28648335658","true",,"false","20277804162",,"20277804162","0","true","false",
"C","A","20070101","2007","52","2007","251","FRA","France","M","Import","0","W00","World","0","W00","World","GG","GG","false","-2","16,17,23,24,35,37,46,47,48,56,58,59,61,62,73,98,111,112,122,232,247,248,251,264,265,269,421,422,431,621,625,629,633,634,635,641,281,282,283,284,285,286,287,288,289,322,325,334,335,411,511,514,515,516,522,523,524,531,532,551,592,661,662,663,664,667,689","0","false","C00","TOTAL CPC","0","0","TOTAL MOT","-1","n/a",,"true","-1","n/a",,"false","109770190158","true",,"false","111273274613",,"111273274613","0","true","false",
"C","A","20070101","2007","52","2007","276","DEU","Germany","M","Import","0","W00","World","0","W00","World","GG","GG","false","-2","16,17,23,24,35,37,46,47,48,56,58,59,61,62,73,98,111,112,122,232,247,248,251,264,265,269,421,422,431,621,625,629,633,634,635,641,281,282,283,284,285,286,287,288,289,322,325,334,335,411,511,514,515,516,522,523,524,531,532,551,592,661,662,663,664,667,689","0","false","C00","TOTAL CPC","0","0","TOTAL MOT","-1","n/a",,"true","-1","n/a",,"false","161770935135","true",,"false","168992065000",,"168992065000","0","true","false",
"C","A","20070101","2007","52","2007","300","GRC","Greece","M","Import","0","W00","World","0","W00","World","GG","GG","false","-2","16,17,23,24,35,37,46,47,48,56,58,59,61,62,73,98,111,112,122,232,247,248,251,264,265,269,421,422,431,621,625,629,633,634,635,641,281,282,283,284,285,286,287,288,289,322,325,334,335,411,511,514,515,516,522,523,524,531,532,551,592,661,662,663,664,667,689","0","false","C00","TOTAL CPC","0","0","TOTAL MOT","-1","n/a",,"true","-1","n/a",,"false","11773661341","false",,"false","11552935399",,"11552935399","0","true","false",
"C","A","20070101","2007","52","2007","372","IRL","Ireland","M","Import","0","W00","World","0","W00","World","GG","GG","false","-2","16,17,23,24,35,37,46,47,48,56,58,59,61,62,73,98,111,112,122,232,247,248,251,264,265,269,421,422,431,621,625,629,633,634,635,641,281,282,283,284,285,286,287,288,289,322,325,334,335,411,511,514,515,516,522,523,524,531,532,551,592,661,662,663,664,667,689","0","false","C00","TOTAL CPC","0","0","TOTAL MOT","-1","n/a",,"true","-1","n/a",,"false","16899400440.862997","true","0","false","15532126036.219004","0","15532126036.219004","0","false","true",
"C","A","20070101","2007","52","2007","380","ITA","Italy","M","Import","0","W00","World","0","W00","World","GG","GG","false","-2","16,17,23,24,35,37,46,47,48,56,58,59,61,62,73,98,111,112,122,232,247,248,251,264,265,269,421,422,431,621,625,629,633,634,635,641,281,282,283,284,285,286,287,288,289,322,325,334,335,411,511,514,515,516,522,523,524,531,532,551,592,661,662,663,664,667,689","0","false","C00","TOTAL CPC","0","0","TOTAL MOT","-1","n/a",,"true","-1","n/a",,"true","81246688748","true","-60","true","89378480046",,"89378480046","0","false","false",
"C","A","20070101","2007","52","2007","528","NLD","Netherlands","M","Import","0","W00","World","0","W00","World","GG","GG","false","-2","16,17,23,24,35,37,46,47,48,56,58,59,61,62,73,98,111,112,122,232,247,248,251,264,265,269,421,422,431,621,625,629,633,634,635,641,281,282,283,284,285,286,287,288,289,322,325,334,335,411,511,514,515,516,522,523,524,531,532,551,592,661,662,663,664,667,689","0","false","C00","TOTAL CPC","0","0","TOTAL MOT","-1","n/a",,"true","-1","n/a",,"false","104005417455","true",,"false","78763435210",,"78763435210","0","true","false",
"C","A","20070101","2007","52","2007","620","PRT","Portugal","M","Import","0","W00","World","0","W00","World","GG","GG","false","-2","16,17,23,24,35,37,46,47,48,56,58,59,61,62,73,98,111,112,122,232,247,248,251,264,265,269,421,422,431,621,625,629,633,634,635,641,281,282,283,284,285,286,287,288,289,322,325,334,335,411,511,514,515,516,522,523,524,531,532,551,592,661,662,663,664,667,689","0","false","C00","TOTAL CPC","0","0","TOTAL MOT","-1","n/a",,"true","-1","n/a",,"false","11634867659","true",,"false","13109596590",,"13109596590","0","true","false",
"C","A","20070101","2007","52","2007","724","ESP","Spain","M","Import","0","W00","World","0","W00","World","GG","GG","false","-2","16,17,23,24,35,37,46,47,48,56,58,59,61,62,73,98,111,112,122,232,247,248,251,264,265,269,421,422,431,621,625,629,633,634,635,641,281,282,283,284,285,286,287,288,289,322,325,334,335,411,511,514,515,516,522,523,524,531,532,551,592,661,662,663,664,667,689","0","false","C00","TOTAL CPC","0","0","TOTAL MOT","-1","n/a",,"true","-1","n/a",,"false","16607770213.219","true","0","false","73523072883.10399","0","73523072883.10399","0","false","true",
"C","A","20080101","2008","52","2008","40","AUT","Austria","M","Import","0","W00","World","0","W00","World","GG","GG","false","-2","16,17,23,24,35,37,46,47,48,56,58,59,61,62,73,98,111,112,122,232,247,248,251,264,265,269,421,422,431,621,625,629,633,634,635,641,281,282,283,284,285,286,287,288,289,322,325,334,335,411,511,514,515,516,522,523,524,531,532,551,592,661,662,663,664,667,689","0","false","C00","TOTAL CPC","0","0","TOTAL MOT","-1","n/a",,"true","-1","n/a",,"false","37588204760","true",,"false","35592531763",,"35592531763","0","true","false",
"C","A","20080101","2008","52","2008","56","BEL","Belgium","M","Import","0","W00","World","0","W00","World","GG","GG","false","-2","16,17,23,24,35,37,46,47,48,56,58,59,61,62,73,98,111,112,122,232,247,248,251,264,265,269,421,422,431,621,625,629,633,634,635,641,281,282,283,284,285,286,287,288,289,322,325,334,335,411,511,514,515,516,522,523,524,531,532,551,592,661,662,663,664,667,689","0","false","C00","TOTAL CPC","0","0","TOTAL MOT","-1","n/a",,"true","-1","n/a",,"false","87820247604","true",,"false","123427423139",,"123427423139","0","true","false",
"C","A","20080101","2008","52","2008","246","FIN","Finland","M","Import","0","W00","World","0","W00","World","GG","GG","false","-2","16,17,23,24,35,37,46,47,48,56,58,59,61,62,73,98,111,112,122,232,247,248,251,264,265,269,421,422,431,621,625,629,633,634,635,641,281,282,283,284,285,286,287,288,289,322,325,334,335,411,511,514,515,516,522,523,524,531,532,551,592,661,662,663,664,667,689","0","false","C00","TOTAL CPC","0","0","TOTAL MOT","-1","n/a",,"true","-1","n/a",,"false","27681506655","true",,"false","23144309552",,"23144309552","0","true","false",
"C","A","20080101","2008","52","2008","251","FRA","France","M","Import","0","W00","World","0","W00","World","GG","GG","false","-2","16,17,23,24,35,37,46,47,48,56,58,59,61,62,73,98,111,112,122,232,247,248,251,264,265,269,421,422,431,621,625,629,633,634,635,641,281,282,283,284,285,286,287,288,289,322,325,334,335,411,511,514,515,516,522,523,524,531,532,551,592,661,662,663,664,667,689","0","false","C00","TOTAL CPC","0","0","TOTAL MOT","-1","n/a",,"true","-1","n/a",,"false","115365744108","true",,"false","129826740196",,"129826740196","0","true","false",
"C","A","20080101","2008","52","2008","276","DEU","Germany","M","Import","0","W00","World","0","W00","World","GG","GG","false","-2","16,17,23,24,35,37,46,47,48,56,58,59,61,62,73,98,111,112,122,232,247,248,251,264,265,269,421,422,431,621,625,629,633,634,635,641,281,282,283,284,285,286,287,288,289,322,325,334,335,411,511,514,515,516,522,523,524,531,532,551,592,661,662,663,664,667,689","0","false","C00","TOTAL CPC","0 ","0","TOTAL MOT","-1","n/a",,"true","-1","n/a",,"false","67562671188.531","true",,"false","204275266291.09503",,"204275266291.09503","0","false","true",
"C","A","20080101","2008","52","2008","300","GRC","Greece","M","Import","0","W00","World","0","W00","World","GG","GG","false","-2","16,17,23,24,35,37,46,47,48,56,58,59,61,62,73,98,111,112,122,232,247,248,251,264,265,269,421,422,431,621,625,629,633,634,635,641,281,282,283,284,285,286,287,288,289,322,325,334,335,411,511,514,515,516,522,523,524,531,532,551,592,661,662,663,664,667,689","0","false","C00","TOTAL CPC","0","0","TOTAL MOT","-1","n/a",,"true","-1","n/a",,"false","14310400207","false",,"false","16733853727",,"16733853727","0","true","false",
"C","A","20080101","2008","52","2008","372","IRL","Ireland","M","Import","0","W00","World","0","W00","World","GG","GG","false","-2","16,17,23,24,35,37,46,47,48,56,58,59,61,62,73,98,111,112,122,232,247,248,251,264,265,269,421,422,431,621,625,629,633,634,635,641,281,282,283,284,285,286,287,288,289,322,325,334,335,411,511,514,515,516,522,523,524,531,532,551,592,661,662,663,664,667,689","0","false","C00","TOTAL CPC","0","0","TOTAL MOT","-1","n/a",,"true","-1","n/a",,"false","14507199190.583002","true","0","false","15921957539.373","0","15921957539.373","0","false","true",
"C","A","20080101","2008","52","2008","380","ITA","Italy","M","Import","0","W00","World","0","W00","World","GG","GG","false","-2","16,17,23,24,35,37,46,47,48,56,58,59,61,62,73,98,111,112,122,232,247,248,251,264,265,269,421,422,431,621,625,629,633,634,635,641,281,282,283,284,285,286,287,288,289,322,325,334,335,411,511,514,515,516,522,523,524,531,532,551,592,661,662,663,664,667,689","0","false","C00","TOTAL CPC","0","0","TOTAL MOT","-1","n/a",,"true","-1","n/a",,"true","76755819661","true","-60","true","96157907494",,"96157907494","0","false","false",
"C","A","20080101","2008","52","2008","528","NLD","Netherlands","M","Import","0","W00","World","0","W00","World","GG","GG","false","-2","16,17,23,24,35,37,46,47,48,56,58,59,61,62,73,98,111,112,122,232,247,248,251,264,265,269,421,422,431,621,625,629,633,634,635,641,281,282,283,284,285,286,287,288,289,322,325,334,335,411,511,514,515,516,522,523,524,531,532,551,592,661,662,663,664,667,689","0","false","C00","TOTAL CPC","0","0","TOTAL MOT","-1","n/a",,"true","-1","n/a",,"false","99284309038","true",,"false","94224332246",,"94224332246","0","true","false",
"C","A","20080101","2008","52","2008","620","PRT","Portugal","M","Import","0","W00","World","0","W00","World","GG","GG","false","-2","16,17,23,24,35,37,46,47,48,56,58,59,61,62,73,98,111,112,122,232,247,248,251,264,265,269,421,422,431,621,625,629,633,634,635,641,281,282,283,284,285,286,287,288,289,322,325,334,335,411,511,514,515,516,522,523,524,531,532,551,592,661,662,663,664,667,689","0","false","C00","TOTAL CPC","0","0","TOTAL MOT","-1","n/a",,"true","-1","n/a",,"false","11588128219","true",,"false","15302603109",,"15302603109","0","true","false",
"C","A","20080101","2008","52","2008","724","ESP","Spain","M","Import","0","W00","World","0","W00","World","GG","GG","false","-2","16,17,23,24,35,37,46,47,48,56,58,59,61,62,73,98,111,112,122,232,247,248,251,264,265,269,421,422,431,621,625,629,633,634,635,641,281,282,283,284,285,286,287,288,289,322,325,334,335,411,511,514,515,516,522,523,524,531,532,551,592,661,662,663,664,667,689","0","false","C00","TOTAL CPC","0","0","TOTAL MOT","-1","n/a",,"true","-1","n/a",,"false","39548971495.352","true","0","false","79624611021.716",,"79624611021.716","0","false","true",
"C","A","20090101","2009","52","2009","40","AUT","Austria","M","Import","0","W00","World","0","W00","World","GG","GG","false","-2","16,17,23,24,35,37,46,47,48,56,58,59,61,62,73,98,111,112,122,232,247,248,251,264,265,269,421,422,431,621,625,629,633,634,635,641,281,282,283,284,285,286,287,288,289,322,325,334,335,411,511,514,515,516,522,523,524,531,532,551,592,661,662,663,664,667,689","0","false","C00","TOTAL CPC","0","0","TOTAL MOT","-1","n/a",,"true","-1","n/a",,"false","33947433620","true",,"false","27149053775",,"27149053775","0","true","false",
"C","A","20090101","2009","52","2009","56","BEL","Belgium","M","Import","0","W00","World","0","W00","World","GG","GG","false","-2","16,17,23,24,35,37,46,47,48,56,58,59,61,62,73,98,111,112,122,232,247,248,251,264,265,269,421,422,431,621,625,629,633,634,635,641,281,282,283,284,285,286,287,288,289,322,325,334,335,411,511,514,515,516,522,523,524,531,532,551,592,661,662,663,664,667,689","0","false","C00","TOTAL CPC","0","0","TOTAL MOT","-1","n/a",,"true","-1","n/a",,"false","67753361212","true",,"false","89345895437",,"89345895437","0","true","false",
"C","A","20090101","2009","52","2009","246","FIN","Finland","M","Import","0","W00","World","0","W00","World","GG","GG","false","-2","16,17,23,24,35,37,46,47,48,56,58,59,61,62,73,98,111,112,122,232,247,248,251,264,265,269,421,422,431,621,625,629,633,634,635,641,281,282,283,284,285,286,287,288,289,322,325,334,335,411,511,514,515,516,522,523,524,531,532,551,592,661,662,663,664,667,689","0","false","C00","TOTAL CPC","0","0","TOTAL MOT","-1","n/a",,"true","-1","n/a",,"false","17062257863","true",,"false","12378509225",,"12378509225","0","true","false",
"C","A","20090101","2009","52","2009","251","FRA","France","M","Import","0","W00","World","0","W00","World","GG","GG","false","-2","16,17,23,24,35,37,46,47,48,56,58,59,61,62,73,98,111,112,122,232,247,248,251,264,265,269,421,422,431,621,625,629,633,634,635,641,281,282,283,284,285,286,287,288,289,322,325,334,335,411,511,514,515,516,522,523,524,531,532,551,592,661,662,663,664,667,689","0","false","C00","TOTAL CPC","0","0","TOTAL MOT","-1","n/a",,"true","-1","n/a",,"false","92119626914","true",,"false","96452046622",,"96452046622","0","true","false",
"C","A","20090101","2009","52","2009","276","DEU","Germany","M","Import","0","W00","World","0","W00","World","GG","GG","false","-2","16,17,23,24,35,37,46,47,48,56,58,59,61,62,73,98,111,112,122,232,247,248,251,264,265,269,421,422,431,621,625,629,633,634,635,641,281,282,283,284,285,286,287,288,289,322,325,334,335,411,511,514,515,516,522,523,524,531,532,551,592,661,662,663,664,667,689","0","false","C00","TOTAL CPC","0 ","0","TOTAL MOT","-1","n/a",,"true","-1","n/a",,"false","102784308655.263","true","0","false","150236961063.36505",,"150236961063.36505","0","false","true",
"C","A","20090101","2009","52","2009","300","GRC","Greece","M","Import","0","W00","World","0","W00","World","GG","GG","false","-2","16,17,23,24,35,37,46,47,48,56,58,59,61,62,73,98,111,112,122,232,247,248,251,264,265,269,421,422,431,621,625,629,633,634,635,641,281,282,283,284,285,286,287,288,289,322,325,334,335,411,511,514,515,516,522,523,524,531,532,551,592,661,662,663,664,667,689","0","false","C00","TOTAL CPC","0","0","TOTAL MOT","-1","n/a",,"true","-1","n/a",,"false","13932735812","false",,"false","11989508272",,"11989508272","0","true","false",
"C","A","20090101","2009","52","2009","372","IRL","Ireland","M","Import","0","W00","World","0","W00","World","GG","GG","false","-2","16,17,23,24,35,37,46,47,48,56,58,59,61,62,73,98,111,112,122,232,247,248,251,264,265,269,421,422,431,621,625,629,633,634,635,641,281,282,283,284,285,286,287,288,289,322,325,334,335,411,511,514,515,516,522,523,524,531,532,551,592,661,662,663,664,667,689","0","false","C00","TOTAL CPC","0","0","TOTAL MOT","-1","n/a",,"true","-1","n/a",,"false","12058921370.292","true","0","false","11217406108.931002","0","11217406108.931002","0","false","true",
"C","A","20090101","2009","52","2009","380","ITA","Italy","M","Import","0","W00","World","0","W00","World","GG","GG","false","-2","16,17,23,24,35,37,46,47,48,56,58,59,61,62,73,98,111,112,122,232,247,248,251,264,265,269,421,422,431,621,625,629,633,634,635,641,281,282,283,284,285,286,287,288,289,322,325,334,335,411,511,514,515,516,522,523,524,531,532,551,592,661,662,663,664,667,689","0","false","C00","TOTAL CPC","0","0","TOTAL MOT","-1","n/a",,"true","-1","n/a",,"true","57463368181","true","-59","true","71414418434",,"71414418434","0","false","false",
"C","A","20090101","2009","52","2009","528","NLD","Netherlands","M","Import","0","W00","World","0","W00","World","GG","GG","false","-2","16,17,23,24,35,37,46,47,48,56,58,59,61,62,73,98,111,112,122,232,247,248,251,264,265,269,421,422,431,621,625,629,633,634,635,641,281,282,283,284,285,286,287,288,289,322,325,334,335,411,511,514,515,516,522,523,524,531,532,551,592,661,662,663,664,667,689","0","false","C00","TOTAL CPC","0","0","TOTAL MOT","-1","n/a",,"true","-1","n/a",,"false","25592201632","true",,"false","67542330785",,"67542330785","0","true","false",
"C","A","20090101","2009","52","2009","620","PRT","Portugal","M","Import","0","W00","World","0","W00","World","GG","GG","false","-2","16,17,23,24,35,37,46,47,48,56,58,59,61,62,73,98,111,112,122,232,247,248,251,264,265,269,421,422,431,621,625,629,633,634,635,641,281,282,283,284,285,286,287,288,289,322,325,334,335,411,511,514,515,516,522,523,524,531,532,551,592,661,662,663,664,667,689","0","false","C00","TOTAL CPC","0","0","TOTAL MOT","-1","n/a",,"true","-1","n/a",,"false","11967879045","true",,"false","11654895355",,"11654895355","0","true","false",
"C","A","20090101","2009","52","2009","724","ESP","Spain","M","Import","0","W00","World","0","W00","World","GG","GG","false","-2","16,17,23,24,35,37,46,47,48,56,58,59,61,62,73,98,111,112,122,232,247,248,251,264,265,269,421,422,431,621,625,629,633,634,635,641,281,282,283,284,285,286,287,288,289,322,325,334,335,411,511,514,515,516,522,523,524,531,532,551,592,661,662,663,664,667,689","0","false","C00","TOTAL CPC","0","0","TOTAL MOT","-1","n/a",,"true","-1","n/a",,"false","12914305002.271","true","0","false","54390658364.11398","0","54390658364.11398","0","false","true",
