ect_x,tech,reporter,year,ect_m
,HIGH,Austria,1992,
,HIGH,Finland,1992,
,HIGH,France,1992,
,HIGH,Germany,1992,
,HIGH,Greece,1992,
,HIGH,Italy,1992,
,HIGH,Netherlands,1992,
,HIGH,Portugal,1992,
,HIGH,Spain,1992,
,LOW,Austria,1992,
,LOW,Finland,1992,
,LOW,France,1992,
,LOW,Germany,1992,
,LOW,Greece,1992,
,LOW,Italy,1992,
,LOW,Netherlands,1992,
,LOW,Portugal,1992,
,LOW,Spain,1992,
,MED,Austria,1992,
,MED,Finland,1992,
,MED,France,1992,
,MED,Germany,1992,
,MED,Greece,1992,
,MED,Italy,1992,
,MED,Netherlands,1992,
,MED,Portugal,1992,
,MED,Spain,1992,
,PRIM,Austria,1992,
,PRIM,Finland,1992,
,PRIM,France,1992,
,PRIM,Germany,1992,
,PRIM,Greece,1992,
,PRIM,Italy,1992,
,PRIM,Netherlands,1992,
,PRIM,Portugal,1992,
,PRIM,Spain,1992,
,RES,Austria,1992,
,RES,Finland,1992,
,RES,France,1992,
,RES,Germany,1992,
,RES,Greece,1992,
,RES,Italy,1992,
,RES,Netherlands,1992,
,RES,Portugal,1992,
,RES,Spain,1992,
-52.1702785815758,HIGH,Greece,2019,-5.27263462070431
-52.1562507473176,HIGH,Greece,2018,-5.32022193990034
-52.0880486773831,HIGH,Greece,2017,-5.37148312426172
-51.9688670500838,HIGH,Greece,2016,-5.40175429696068
-51.9175818354645,HIGH,Greece,2012,-5.62666118962588
-51.8908519228656,HIGH,Greece,2015,-5.4809271947045
-51.8736774925496,HIGH,Greece,2013,-5.54877833166201
-51.86857111951,HIGH,Greece,2014,-5.53752024278052
-51.8197253884095,HIGH,Greece,2011,-5.72173145712796
-51.8090618373423,HIGH,Greece,2008,-5.66214664095173
-51.7892288189957,HIGH,Greece,2009,-5.64287889524433
-51.747797278232,HIGH,Greece,2007,-5.7472642969376
-51.7270498472051,HIGH,Greece,2010,-5.78997297913056
-51.6258860565946,HIGH,Greece,2006,-5.7715515195532
-51.5875357704961,HIGH,Greece,2004,-5.72195690432773
-51.5499306343702,HIGH,Greece,2005,-5.76911936196661
-51.5194813788405,HIGH,Greece,2003,-5.69015650800413
-51.3838082919537,HIGH,Greece,2002,-5.58478273808153
-51.2850039948428,HIGH,Greece,1999,-5.71382970276317
-51.26437606709,HIGH,Greece,2001,-5.52052475472493
-51.2397841190576,HIGH,Greece,2000,-5.63395227454346
-51.1906933747301,HIGH,Greece,1997,-5.81145263478305
-51.1543480434059,HIGH,Greece,1998,-5.81075786768395
-51.1296319301933,HIGH,Greece,1996,-5.85451869927031
-51.021476153756,HIGH,Greece,1995,-5.90216289111493
-50.9329670967861,HIGH,Greece,1994,-5.88077566114418
-50.9185934310974,HIGH,Greece,1993,-5.91656024172061
-38.4617068920108,MED,Austria,2019,-6.33026878779027
-38.4344247706599,MED,Austria,2018,-6.33528576734616
-38.3661181945929,MED,Austria,2017,-6.34294976385378
-38.3075522841189,MED,Austria,2016,-6.34082953954539
-38.2980523669358,MED,Austria,2008,-6.38337890966653
-38.2858042464403,MED,Austria,2009,-6.40236497086025
-38.245516309419,MED,Austria,2007,-6.3663030986331
-38.2388759249126,MED,Austria,2015,-6.35665822361534
-38.2324941718581,MED,Austria,2010,-6.45366796909853
-38.2252245472014,MED,Austria,2012,-6.37513404973429
-38.2122934848139,MED,Austria,2011,-6.37637512555994
-38.1878510012202,MED,Austria,2014,-6.37284729810223
-38.1859588618962,MED,Austria,2013,-6.37926296038866
-38.182554791999,MED,Austria,2006,-6.35648788329252
-38.163890152628,MED,Austria,2005,-6.36600396068104
-38.1421160299406,MED,Austria,2004,-6.38972369319667
-38.0964416821927,MED,Austria,2003,-6.4057877853976
-38.0905778717355,MED,Austria,2002,-6.3765106804967
-38.050436129417,MED,Austria,2001,-6.40239354964942
-38.0016862979805,MED,Austria,2000,-6.43417251374313
-37.9296466377607,MED,Austria,1999,-6.40535468914138
-37.8692270681654,MED,Austria,1998,-6.39220583555672
-37.8383731007175,MED,Austria,1997,-6.42168175702722
-37.8049596683596,MED,Austria,1996,-6.41691980214339
-37.7679424272248,MED,Austria,1995,-6.42256367878629
-37.6990944897286,MED,Austria,1994,-6.47425033841469
-37.686215910253,MED,Austria,1993,-6.4074694283492
-32.8734922097282,HIGH,Portugal,2009,-13.8922102170489
-32.8603120048293,HIGH,Portugal,2008,-13.903271112683
-32.8156088938589,HIGH,Portugal,2006,-13.8894978185277
-32.8150474772939,HIGH,Portugal,2007,-13.8722770392732
-32.8092389112968,HIGH,Portugal,2019,-13.7602562593959
-32.8021787740486,HIGH,Portugal,2010,-13.8824741011815
-32.8016322906996,HIGH,Portugal,2011,-13.8668310375099
-32.7982144897665,HIGH,Portugal,2012,-13.8715710096669
-32.7833887545388,HIGH,Portugal,2018,-13.7117566309586
-32.7661954796269,HIGH,Portugal,2017,-13.6706834969193
-32.7498215461553,HIGH,Portugal,2013,-13.7933986005941
-32.7465059464703,HIGH,Portugal,2005,-13.8842258333933
-32.7347557272363,HIGH,Portugal,2016,-13.6505666029968
-32.7125560394778,HIGH,Portugal,2015,-13.6666675848663
-32.6955998688991,HIGH,Portugal,2003,-13.9246972565056
-32.6916338776485,HIGH,Portugal,2004,-13.8945904891283
-32.6877349466379,HIGH,Portugal,2014,-13.7156544141085
-32.6867887221575,HIGH,Portugal,2002,-13.8953357115742
-32.6284321110322,HIGH,Portugal,2001,-13.838927087745
-32.5614775049321,HIGH,Portugal,2000,-13.7635276080931
-32.4819276984866,HIGH,Portugal,1999,-13.7175661093581
-32.4449021775705,HIGH,Portugal,1998,-13.6920371824395
-32.4424294015842,HIGH,Portugal,1993,-13.6488866756574
-32.4273702614322,HIGH,Portugal,1995,-13.5911376265359
-32.4210040693831,HIGH,Portugal,1994,-13.6405352995594
-32.4019356474395,HIGH,Portugal,1997,-13.6411471558187
-32.3908538309581,HIGH,Portugal,1996,-13.5797164492556
-31.5102155858012,MED,Greece,2018,-2.82152673814963
-31.4970079932721,MED,Greece,2017,-2.87802926103117
-31.4870817858952,MED,Greece,2019,-2.7659556277695
-31.4482347130703,MED,Greece,2012,-3.08443244135012
-31.4200302244544,MED,Greece,2016,-2.90594382486089
-31.4133076544907,MED,Greece,2013,-3.04201562306496
-31.4035748266857,MED,Greece,2014,-3.04305272150223
-31.3886191422436,MED,Greece,2011,-3.12786418653905
-31.3886040523149,MED,Greece,2015,-2.98416970176472
-31.3473625775273,MED,Greece,2010,-3.16892126004283
-31.3366659861836,MED,Greece,2008,-3.01826410364084
-31.3349061696109,MED,Greece,2007,-3.11892490688203
-31.3265778498066,MED,Greece,2004,-3.14685204905957
-31.3115842139432,MED,Greece,2009,-3.00061638036603
-31.2913769052787,MED,Greece,1997,-3.37438404888735
-31.2807892037872,MED,Greece,2003,-3.14223068514009
-31.2763686622703,MED,Greece,2006,-3.16974250793777
-31.2674074419649,MED,Greece,1996,-3.43106606094259
-31.2586228865771,MED,Greece,1999,-3.23715891725858
-31.2403341505151,MED,Greece,2005,-3.17019269524305
-31.2097669142284,MED,Greece,1995,-3.48873703612974
-31.1921056385309,MED,Greece,1998,-3.3525237502558
-31.1798818028264,MED,Greece,1994,-3.47690404539388
-31.1669858463977,MED,Greece,2002,-3.05542323896097
-31.1611286205095,MED,Greece,1993,-3.5049104782532
-31.1497551377022,MED,Greece,2000,-3.14267931120609
-31.0918145372762,MED,Greece,2001,-3.01069997877206
-29.6598997357255,MED,Netherlands,2008,-11.8792125248626
-29.6487913272806,MED,Netherlands,2009,-11.9453123767184
-29.6412609063378,MED,Netherlands,2019,-11.8483023811167
-29.6197835022,MED,Netherlands,2018,-11.8302576011372
-29.6093010752574,MED,Netherlands,2007,-11.8525588029123
-29.5877260195687,MED,Netherlands,2017,-11.8113786964394
-29.5692359806008,MED,Netherlands,2012,-11.8830946234413
-29.5665832036938,MED,Netherlands,2006,-11.8326712475289
-29.5658994205395,MED,Netherlands,2010,-11.9238192588055
-29.5598221970879,MED,Netherlands,2011,-11.8787328835255
-29.5538395268264,MED,Netherlands,2005,-11.8296739905899
-29.5450573572832,MED,Netherlands,2004,-11.8373201261416
-29.5319564881,MED,Netherlands,2016,-11.7317637267762
-29.5224011936525,MED,Netherlands,2015,-11.8140443013827
-29.5194241346259,MED,Netherlands,2003,-11.8532223812071
-29.5187559298716,MED,Netherlands,2013,-11.8329905206172
-29.501589036816,MED,Netherlands,2014,-11.8073060902619
-29.4840938389106,MED,Netherlands,2002,-11.8500600921304
-29.420355600279,MED,Netherlands,2001,-11.811211154804
-29.393381687578,MED,Netherlands,2000,-11.8048202476677
-29.3719442085762,MED,Netherlands,1999,-11.7630352194313
-29.3269038960979,MED,Netherlands,1998,-11.7177321428342
-29.3211315149641,MED,Netherlands,1993,-11.6500109037321
-29.3105854887329,MED,Netherlands,1997,-11.7048305402255
-29.3007172357082,PRIM,Austria,2019,-9.34040852444453
-29.2898061786214,MED,Netherlands,1995,-11.6742468055568
-29.2897416864516,PRIM,Austria,2018,-9.3332144051329
-29.2887554339752,MED,Netherlands,1996,-11.661910476683
-29.2709980934795,MED,Netherlands,1994,-11.6804573300861
-29.2457244524122,PRIM,Austria,2017,-9.32949792386748
-29.2245263287144,PRIM,Austria,2008,-9.3360114911361
-29.2103483578534,PRIM,Austria,2009,-9.36238532585476
-29.2055669635137,PRIM,Austria,2016,-9.3173398810497
-29.20063299128,PRIM,Austria,2010,-9.39413540622299
-29.1982456652343,PRIM,Austria,2007,-9.30028792574618
-29.1637285867599,PRIM,Austria,2006,-9.27316979934302
-29.162618230681,PRIM,Austria,2004,-9.28134750974856
-29.1624641253584,PRIM,Austria,2005,-9.27137757375972
-29.158851462616,PRIM,Austria,2011,-9.3261186619626
-29.1575377522664,PRIM,Austria,2015,-9.32802525532221
-29.1570175944156,PRIM,Austria,2012,-9.33955717238947
-29.1317473630641,PRIM,Austria,2002,-9.25501294955709
-29.1276061559991,PRIM,Austria,2003,-9.29263681032851
-29.1231398231766,PRIM,Austria,2014,-9.34085587660187
-29.1229791414256,PRIM,Austria,2013,-9.34714164080059
-29.1117373336149,PRIM,Austria,2001,-9.27447952129423
-29.0997167331787,PRIM,Austria,2000,-9.28934143420405
-29.0557875615286,PRIM,Austria,1999,-9.24271701610672
-29.0238153968998,PRIM,Austria,1998,-9.2116381242684
-29.021296036431,PRIM,Austria,1997,-9.23055616258906
-29.0043552561258,PRIM,Austria,1996,-9.21396046059164
-28.9896337799475,PRIM,Austria,1995,-9.20618791274348
-28.946757733009,PRIM,Austria,1994,-9.24577915718942
-28.9315494281289,PRIM,Austria,1993,-9.17632092089188
-27.8021819641654,PRIM,Portugal,2009,4.16101832701431
-27.8016292456584,RES,Netherlands,2008,-10.5311988929484
-27.7902646623811,RES,Netherlands,2009,-10.5928472812753
-27.7902386252913,PRIM,Portugal,2008,4.13899143761588
-27.7763727497847,PRIM,Portugal,2006,4.01214870618424
-27.7650957762409,RES,Netherlands,2019,-10.4778089194533
-27.7597720765569,PRIM,Portugal,2007,4.08482274718781
-27.7563699356037,RES,Netherlands,2007,-10.5122231855442
-27.7552112498274,PRIM,Portugal,2010,4.06164047849301
-27.7469369207202,RES,Netherlands,2018,-10.4646019730642
-27.7426369420867,PRIM,Portugal,2011,4.13654624790942
-27.7305437242028,PRIM,Portugal,2012,4.07295616779047
-27.7198169752655,RES,Netherlands,2017,-10.4516718910777
-27.7194708641282,RES,Netherlands,2006,-10.4993896924724
-27.7171173326799,PRIM,Portugal,2005,3.99062991090082
-27.7163756571048,RES,Netherlands,2010,-10.5790993376472
-27.7121018326581,RES,Netherlands,2012,-10.5324181428735
-27.7102991549128,RES,Netherlands,2005,-10.5006013965268
-27.7060742577274,RES,Netherlands,2004,-10.5123224850752
-27.7057909045248,RES,Netherlands,2011,-10.5312476729361
-27.68958765197,PRIM,Portugal,2019,4.38212647145065
-27.684639527783,PRIM,Portugal,2003,3.92132904657279
-27.6846308781327,PRIM,Portugal,2013,4.00864716360766
-27.6827208498518,RES,Netherlands,2003,-10.5285471512155
-27.6815134237386,PRIM,Portugal,2002,3.92427262000126
-27.6745797464503,PRIM,Portugal,2004,3.91927703138495
-27.6728537312932,PRIM,Portugal,2018,4.33397903497627
-27.6691110749334,PRIM,Portugal,2017,4.25649809136667
-27.667804746551,RES,Netherlands,2016,-10.3765517789942
-27.662578429185,RES,Netherlands,2013,-10.4844612918637
-27.6624521884117,RES,Netherlands,2015,-10.4628549051431
-27.6495614031199,RES,Netherlands,2002,-10.5258348416665
-27.6479470328321,PRIM,Portugal,2016,4.20783793492626
-27.6450314717426,RES,Netherlands,2014,-10.4590469122411
-27.6371412835654,PRIM,Portugal,2015,4.13063496050129
-27.6342968529345,PRIM,Portugal,2001,3.91446018960741
-27.6215191369023,PRIM,Portugal,2014,4.05450425224462
-27.5898945371299,RES,Netherlands,2001,-10.4917549540161
-27.5877817696524,PRIM,Portugal,2000,3.86102423353137
-27.5704090221845,RES,Netherlands,2000,-10.4938850845603
-27.5545691401736,RES,Netherlands,1999,-10.4622826187251
-27.5508365800108,PRIM,Portugal,1993,3.3100649856815
-27.5305754431018,PRIM,Portugal,1994,3.29469102621117
-27.527594057112,RES,Netherlands,1993,-10.3896275097467
-27.5239225326841,PRIM,Portugal,1999,3.77515767290437
-27.5223934546583,PRIM,Portugal,1995,3.39493810524132
-27.5152379444925,RES,Netherlands,1998,-10.4264302251589
-27.5045665490116,RES,Netherlands,1997,-10.4223149291675
-27.5027077667212,PRIM,Portugal,1998,3.63914394754304
-27.4915543533024,RES,Netherlands,1995,-10.405222563856
-27.4859811470975,RES,Netherlands,1996,-10.3865245459415
-27.4780433709617,RES,Netherlands,1994,-10.4174829803236
-27.4753319168432,PRIM,Portugal,1997,3.54187985997457
-27.4733888645973,PRIM,Portugal,1996,3.48482747582554
-25.825996154791,HIGH,Germany,2004,0.105161509439172
-25.8197850540405,HIGH,Germany,2006,0.222915926048706
-25.8136342991043,HIGH,Germany,2008,0.334071141805155
-25.8093145589304,HIGH,Germany,2005,0.170965167155573
-25.8023387097736,HIGH,Germany,2007,0.297926251461203
-25.8016691815357,HIGH,Germany,2010,0.295135555792405
-25.7957482038421,HIGH,Germany,2009,0.348992303373069
-25.7877361404575,HIGH,Germany,2003,0.0445248778530898
-25.7857492347557,HIGH,Germany,2019,0.593111842586207
-25.7788453071514,HIGH,Germany,2002,0.0693967809223635
-25.7559488320558,HIGH,Germany,2001,0.0746162150605061
-25.7401611123763,HIGH,Germany,2000,-0.00424785149437845
-25.7392209936303,HIGH,Germany,2018,0.561970860021491
-25.7288903881594,HIGH,Germany,2011,0.382591929562479
-25.6985467400382,HIGH,Germany,2017,0.53273345384606
-25.6822449155443,HIGH,Germany,2012,0.421706853235877
-25.6759023535035,HIGH,Germany,1999,-0.0739995956793162
-25.657584615839,HIGH,Germany,2016,0.506904065672419
-25.6337062573731,HIGH,Germany,1998,-0.147608301741994
-25.6326586653723,HIGH,Germany,1997,-0.221131681323263
-25.6285836690455,HIGH,Germany,2015,0.462693740490883
-25.6260157493794,HIGH,Germany,2013,0.41929744376921
-25.6196674919752,HIGH,Germany,2014,0.442119989955308
-25.6183084612233,HIGH,Germany,1996,-0.254626365921648
-25.5907257229797,HIGH,Germany,1995,-0.309326033605334
-25.5743181989254,HIGH,Austria,2019,-3.02956575625766
-25.5699756442278,HIGH,Austria,2018,-3.04797254976791
-25.5673169935128,HIGH,Germany,1994,-0.36910163961431
-25.5358385414986,HIGH,Austria,2017,-3.06811556079711
-25.5337047081714,HIGH,Austria,2008,-3.14573409405048
-25.5267593088109,HIGH,Austria,2010,-3.22936257700823
-25.5187417356008,HIGH,Austria,2009,-3.15661925342454
-25.5181039033877,HIGH,Austria,2007,-3.14910607106697
-25.5100443052282,HIGH,Austria,2004,-3.21897670722679
-25.505783630046,HIGH,Germany,1993,-0.307977964815717
-25.5031690126352,HIGH,Austria,2016,-3.07700208729849
-25.5009704946335,HIGH,Austria,2005,-3.18017993542082
-25.4951571174107,HIGH,Austria,2006,-3.15826398521374
-25.4875802336704,HIGH,Austria,2002,-3.2201518410491
-25.4793693038946,HIGH,Austria,2003,-3.24027649296925
-25.4786788261088,HIGH,Austria,2000,-3.30339934844887
-25.4761993806025,HIGH,Austria,2011,-3.14189822925821
-25.4757591443096,HIGH,Austria,2001,-3.25307036109636
-25.468359608544,HIGH,Austria,2012,-3.12456057351127
-25.4635384040666,HIGH,Austria,2015,-3.09847055547341
-25.4461841065712,HIGH,Austria,1999,-3.29410695531347
-25.4364474272991,HIGH,Austria,2013,-3.12490036772547
-25.4359038072144,HIGH,Austria,2014,-3.11834226852599
-25.4347896968029,HIGH,Austria,1997,-3.34167183166168
-25.4257834409228,HIGH,Austria,1998,-3.30061889385042
-25.4245494670982,HIGH,Austria,1996,-3.34988591390218
-25.4188971985247,HIGH,Austria,1995,-3.3702412780055
-25.3865856900899,HIGH,Austria,1994,-3.43519090116823
-25.3704297270606,HIGH,Austria,1993,-3.37134575474949
-24.5835927660115,RES,Portugal,2009,0.424278385363326
-24.578139899713,RES,Portugal,2006,0.306783905260215
-24.5724344241963,RES,Portugal,2008,0.404521287586883
-24.5520715541039,RES,Portugal,2010,0.34748544501665
-24.5513596524222,RES,Portugal,2007,0.367979976128593
-24.5318635927726,RES,Portugal,2011,0.410124748129457
-24.5251343772243,RES,Portugal,2005,0.290810388429951
-24.5142643809867,RES,Portugal,2012,0.358715732934994
-24.5048343744983,RES,Portugal,2002,0.235888460090326
-24.504352374102,RES,Portugal,2003,0.227476773905667
-24.4904250701797,RES,Portugal,2004,0.232081130844979
-24.4699255689964,RES,Portugal,2013,0.32389818434173
-24.4646880107429,RES,Portugal,2001,0.239782766842656
-24.4463079562574,RES,Portugal,1993,-0.200176514157758
-24.4403180463485,RES,Portugal,2019,0.626932987824858
-24.4341638891682,RES,Portugal,2017,0.545847926013974
-24.4311452017197,RES,Portugal,2000,0.213013759418471
-24.4293698925756,RES,Portugal,2018,0.598790003563403
-24.4267856947495,RES,Portugal,1994,-0.21063969499195
-24.4195214930596,RES,Portugal,2016,0.511423558509196
-24.4159470914287,RES,Portugal,2015,0.446867754397238
-24.4093704678886,RES,Portugal,1995,-0.120917658946257
-24.4061632049716,RES,Portugal,2014,0.376355410558709
-24.3772442388436,RES,Portugal,1999,0.154433574391615
-24.3660640246322,RES,Portugal,1998,0.0518566871881436
-24.3524400650485,RES,Portugal,1996,-0.0472699944564399
-24.3485830525321,RES,Portugal,1997,-0.0147417831662331
-24.1657044347663,PRIM,Germany,2004,-17.7658585522603
-24.1509275459114,PRIM,Germany,2006,-17.6912767446152
-24.1442993323545,PRIM,Germany,2005,-17.7266381622763
-24.134817051144,PRIM,Germany,2008,-17.7320882884406
-24.1303611295365,PRIM,Germany,2003,-17.8424822067291
-24.1303540321577,PRIM,Germany,2010,-17.6593646651963
-24.1284490600969,PRIM,Germany,2007,-17.7014924203054
-24.1240314420345,PRIM,Germany,2002,-17.822120066649
-24.1168626762793,PRIM,Germany,2009,-17.7389048879379
-24.1051212828437,PRIM,Germany,2001,-17.778956947298
-24.0967566822047,PRIM,Germany,2000,-17.7924938916021
-24.0923818287171,PRIM,Germany,2019,-17.7776328447575
-24.0544162699501,PRIM,Germany,2011,-17.6650868242902
-24.0493549300546,PRIM,Germany,2018,-17.7865545928269
-24.0384113412111,PRIM,Germany,1999,-17.8197014060985
-24.0132031175795,PRIM,Germany,2017,-17.755606940112
-24.0070559313955,PRIM,Germany,1997,-17.8810429521896
-24.0060563590512,PRIM,Germany,2012,-17.7135806857418
-24.0021516648336,PRIM,Germany,1998,-17.8479389362139
-23.9963615600798,PRIM,Germany,1996,-17.8962750398455
-23.9755810025743,PRIM,Germany,2016,-17.7312503526464
-23.9734575628952,PRIM,Germany,1995,-17.9161066798154
-23.9551390677573,PRIM,Germany,1994,-17.9220952120376
-23.9512368339622,PRIM,Germany,2013,-17.7254933002177
-23.9507692204493,PRIM,Germany,2015,-17.7417626141639
-23.9447022582534,PRIM,Germany,2014,-17.7126063928997
-23.9215667125168,RES,Spain,1993,-3.45810402188108
-23.8936252670156,PRIM,Germany,1993,-17.8833087962838
-23.8735066837451,RES,Spain,2009,-2.97942364208289
-23.8589656290103,RES,Spain,2008,-2.91160999995286
-23.8551881498977,RES,Spain,2019,-3.00001029807732
-23.8475666106425,RES,Spain,2007,-2.94603747722371
-23.8437468780494,RES,Spain,2010,-3.13309822504715
-23.8410405561297,RES,Spain,1994,-3.49868980553529
-23.8334317505172,RES,Spain,2011,-3.07501333648303
-23.819750682111,RES,Spain,2018,-3.00992503370091
-23.8110933446569,RES,Spain,2012,-3.07060282149083
-23.803078308667,RES,Spain,2006,-2.97415723749001
-23.7950577976957,RES,Spain,2017,-3.03853488952204
-23.7924350709339,RES,Spain,2013,-3.09276796346265
-23.7898453176829,RES,Spain,2016,-3.02686443117206
-23.7726515959704,RES,Spain,1995,-3.42006705910249
-23.7696570279978,RES,Spain,2015,-3.02878549415346
-23.769323970994,RES,Spain,2005,-2.99611181889585
-23.7593933115173,RES,Spain,2014,-3.07705367020363
-23.7552330739514,RES,Spain,1996,-3.34945894776317
-23.7465245846643,RES,Spain,2003,-3.07098061829863
-23.7413484772336,RES,Spain,2004,-3.04953645070908
-23.7317252602005,RES,Spain,2002,-3.07304540851999
-23.7125008475679,RES,Spain,1997,-3.31212210525739
-23.7096248005113,RES,Spain,2001,-3.06019336811406
-23.6921280138311,RES,Spain,2000,-3.08697933810186
-23.6807511339849,RES,Spain,1999,-3.15976871035619
-23.6686072391095,RES,Spain,1998,-3.23683856988984
-22.4423351457771,LOW,Germany,2004,-12.9742765646835
-22.4186670386038,LOW,Germany,2006,-12.8881193072455
-22.416027082019,LOW,Germany,2005,-12.9279286628732
-22.4100193608521,LOW,Germany,2003,-13.0466137749194
-22.4063481218444,LOW,Germany,2002,-13.0250424761548
-22.3955425132412,LOW,Germany,2010,-12.8453999582118
-22.3922184149734,LOW,Germany,2008,-12.8881854887241
-22.3915757261104,LOW,Germany,2001,-12.9920528263641
-22.3909652308293,LOW,Germany,2007,-12.8754841680217
-22.390916262604,LOW,Germany,2000,-13.0231052936319
-22.3741931664372,LOW,Germany,2009,-12.8891737547512
-22.338709001228,LOW,Germany,1999,-13.061719776726
-22.3346802469138,LOW,Germany,2019,-12.8520645762231
-22.3204416878409,MED,Germany,2004,-22.1225218473745
-22.3196935275218,LOW,Germany,1997,-13.1460635019096
-22.3163257671038,LOW,Germany,2011,-12.8261390677563
-22.3127938809251,LOW,Germany,1996,-13.166192161236
-22.3086112802258,LOW,Germany,1998,-13.1021222369166
-22.2961447071272,MED,Germany,2006,-22.058464817844
-22.2952877132234,LOW,Germany,2018,-12.8669437505289
-22.2947463788701,LOW,Germany,1995,-13.1953726247738
-22.2937868389124,MED,Germany,2005,-22.0897820246103
-22.2883400386333,MED,Germany,2003,-22.2030428773458
-22.2848568309905,MED,Germany,2002,-22.1837801439485
-22.2817115055262,LOW,Germany,1994,-13.2157825595254
-22.2728397493825,MED,Germany,2010,-22.0363790619595
-22.2703770981809,MED,Germany,2001,-22.1313669728334
-22.2702626170035,MED,Germany,2000,-22.1289782299241
-22.2689648703531,MED,Germany,2008,-22.1363233797614
-22.2680734551602,MED,Germany,2007,-22.0894572029505
-22.2661862832235,LOW,Germany,2012,-12.8511432416965
-22.2638301578106,LOW,Germany,2017,-12.8521329295731
-22.2509346089407,MED,Germany,2009,-22.1484392909613
-22.2296749451578,LOW,Germany,2016,-12.8412322173777
-22.2202180107339,LOW,Germany,1993,-13.1710070727661
-22.2184895003894,MED,Germany,1999,-22.1458141549275
-22.2128299540955,LOW,Germany,2013,-12.8605078546711
-22.2103584749089,MED,Germany,2019,-22.2561208553436
-22.2092114818549,LOW,Germany,2015,-12.8607796114345
-22.2061019815032,LOW,Germany,2014,-12.8449570015867
-22.2003468271287,MED,Germany,1997,-22.1862413663333
-22.1937155804163,MED,Germany,1996,-22.1970213306354
-22.1933910815715,MED,Germany,2011,-22.0648166280431
-22.1888276128752,MED,Germany,1998,-22.1629909321467
-22.1760115769884,MED,Germany,1995,-22.2083527139893
-22.1712229989001,MED,Germany,2018,-22.2596259163389
-22.1633504128287,MED,Germany,1994,-22.2012288346474
-22.1431257289608,MED,Germany,2012,-22.134668082803
-22.1400974670585,MED,Germany,2017,-22.214006127614
-22.1061874675,MED,Germany,2016,-22.177415017595
-22.1018583542709,MED,Germany,1993,-22.1678878784286
-22.0898728912994,MED,Germany,2013,-22.1488974237056
-22.0860315596472,MED,Germany,2015,-22.1797122406551
-22.0831312397964,MED,Germany,2014,-22.1384326631381
-22.0411307285296,LOW,Netherlands,2008,-10.6923831904169
-22.0289720225721,LOW,Netherlands,2009,-10.7545638478579
-22.0124230024899,LOW,Netherlands,2007,-10.6724894096704
-22.005365198072,LOW,Netherlands,2004,-10.6707547211198
-21.995462894293,LOW,Netherlands,2005,-10.6595208816766
-21.9935617728993,LOW,Netherlands,2006,-10.658812450293
-21.9890790442584,LOW,Netherlands,2003,-10.686940836016
-21.9829913335582,LOW,Netherlands,2010,-10.7398898004825
-21.967763062864,LOW,Netherlands,1993,-10.5403337096625
-21.9626490658234,LOW,Netherlands,2002,-10.6841747216445
-21.9584335802774,LOW,Netherlands,2011,-10.6923687861623
-21.9551258905029,LOW,Netherlands,2012,-10.6939208417137
-21.9491252232022,LOW,Netherlands,2019,-10.6416811686454
-21.9412536183747,LOW,Netherlands,2018,-10.6278957542126
-21.9294396661736,LOW,Netherlands,2017,-10.6142543613114
-21.9208433491439,LOW,Netherlands,1999,-10.6178158337916
-21.9200188123464,LOW,Netherlands,1994,-10.5684989852568
-21.9193311022064,LOW,Netherlands,2000,-10.6506358460434
-21.9171091750872,LOW,Netherlands,1995,-10.5569619647243
-21.9156031482852,LOW,Netherlands,2001,-10.6495245905608
-21.90856802145,LOW,Netherlands,2013,-10.6457072401289
-21.9060439013237,LOW,Netherlands,1997,-10.5756675161641
-21.8992099854096,LOW,Netherlands,1998,-10.580833405878
-21.8975166787728,LOW,Netherlands,1996,-10.5390246248582
-21.896750400704,LOW,Netherlands,2015,-10.6244189341882
-21.8898428930426,LOW,Netherlands,2014,-10.6202605700779
-21.8890747929222,LOW,Netherlands,2016,-10.5385967914129
-20.6347509671747,RES,Germany,2004,-18.3996115653385
-20.6056106466371,RES,Germany,2003,-18.4768021613634
-20.6047277649876,RES,Germany,2002,-18.4565999492489
-20.603300351896,RES,Germany,2005,-18.3613338874082
-20.6017571596633,RES,Germany,2006,-18.3265607710837
-20.6017175265054,RES,Germany,2000,-18.4233115218422
-20.5942953304024,RES,Germany,2001,-18.4120912477908
-20.5759569638842,RES,Germany,2010,-18.2960781025983
-20.5685767848779,RES,Germany,2007,-18.339798783205
-20.5644652198104,RES,Germany,2008,-18.372761452823
-20.5559482907311,RES,Germany,1999,-18.4490103069174
-20.5498757616502,RES,Germany,1997,-18.5073094965707
-20.546956274389,RES,Germany,1996,-18.5218939448753
-20.54636563426,RES,Germany,2009,-18.3803489300611
-20.5340025870004,RES,Germany,1995,-18.5404890735802
-20.5323136378112,RES,Germany,1998,-18.4756388567192
-20.5265095271388,RES,Germany,1994,-18.5445701757867
-20.4933010016071,RES,Germany,2011,-18.3051046156549
-20.4910860792149,RES,Germany,2019,-18.4291073972955
-20.4650373305749,RES,Germany,1993,-18.5065758975368
-20.4555055089063,RES,Germany,2018,-18.4372411933197
-20.4412949833824,RES,Germany,2012,-18.3567053132777
-20.4289716020988,RES,Germany,2017,-18.4041592213391
-20.3984527069091,RES,Germany,2016,-18.3780229081966
-20.3894733513655,RES,Germany,2013,-18.3689549362057
-20.3825500492075,RES,Germany,2015,-18.3873401484279
-20.3825425312763,RES,Germany,2014,-18.356420372573
-20.3244137029264,HIGH,Netherlands,2008,-9.70570321432422
-20.3120183362144,HIGH,Netherlands,2009,-9.76462561841804
-20.3108480408531,HIGH,Netherlands,1993,-9.61779477711538
-20.3064663490191,HIGH,Netherlands,2004,-9.70092132340128
-20.300638603116,HIGH,Netherlands,2007,-9.69142936428878
-20.2923539223927,HIGH,Netherlands,2005,-9.68670481788548
-20.2922863454521,HIGH,Netherlands,2003,-9.71734342741812
-20.2871529274252,HIGH,Netherlands,2006,-9.682915633137
-20.2743547540518,HIGH,Netherlands,2010,-9.755620659394
-20.2678618519182,HIGH,Netherlands,2002,-9.71490667602861
-20.2636421358967,HIGH,Netherlands,1994,-9.64406359994124
-20.2558389018152,HIGH,Netherlands,1995,-9.62809835472934
-20.2456328319702,HIGH,Netherlands,2011,-9.70607558860646
-20.2419065428446,HIGH,Netherlands,1999,-9.66572861851266
-20.2394586463401,HIGH,Netherlands,2012,-9.70529179078707
-20.2375981723764,HIGH,Netherlands,1997,-9.63692888437428
-20.2352230949932,HIGH,Netherlands,2000,-9.69109549365317
-20.2320684417453,HIGH,Netherlands,1996,-9.60550456997122
-20.2255474048268,HIGH,Netherlands,1998,-9.63566362784615
-20.2245771708462,HIGH,Netherlands,2001,-9.68374725580199
-20.2158766789798,HIGH,Netherlands,2019,-9.63854705785083
-20.2110708328465,HIGH,Netherlands,2018,-9.62830270073252
-20.2038183016986,HIGH,Netherlands,2017,-9.61901555478519
-20.193784552088,HIGH,Netherlands,2013,-9.65864987239498
-20.1784827205585,HIGH,Netherlands,2015,-9.63541445410356
-20.1747083106391,HIGH,Netherlands,2014,-9.63340086625784
-20.1669245192506,HIGH,Netherlands,2016,-9.54664800055439
-19.6574933861525,MED,Finland,1993,-5.21777908308946
-19.4978848336778,MED,Finland,1994,-5.19271409236412
-19.4400601801406,MED,Finland,1995,-5.13979526747257
-19.4137084116329,MED,Finland,1996,-5.1329612801173
-19.4002164799512,MED,Finland,1997,-5.12578254329694
-19.3928960793353,MED,Finland,2019,-4.95404141815293
-19.3865632720111,MED,Finland,2017,-4.97759026209147
-19.3771944349766,MED,Finland,2016,-4.98497888517104
-19.3647457043709,MED,Finland,2018,-4.99004440557182
-19.3409224607271,MED,Finland,1998,-5.1203854950142
-19.3392386674423,HIGH,Spain,1993,-4.89550786559998
-19.3293557038456,MED,Finland,1999,-5.13151324052767
-19.32751266426,MED,Finland,2015,-4.99498287014344
-19.2981320284637,MED,Finland,2004,-5.13601328001368
-19.2948948915446,MED,Finland,2000,-5.16412362304433
-19.2936780305532,MED,Portugal,1993,-8.58366167463809
-19.280059849799,MED,Finland,2012,-5.04500942723683
-19.2753820909653,MED,Portugal,1994,-8.58239647728967
-19.2736628547441,MED,Finland,2002,-5.15432800239918
-19.2709459844391,MED,Finland,2005,-5.12601571565815
-19.2699877485093,MED,Portugal,2006,-8.54271286700894
-19.2657846498539,MED,Finland,2010,-5.06800421330314
-19.2652867807495,MED,Finland,2013,-5.00934696864358
-19.2644207991085,MED,Finland,2014,-4.99233490585844
-19.2612966029114,MED,Finland,2011,-5.06145123331177
-19.2607294807233,MED,Finland,2003,-5.14175133687644
-19.2595267096471,HIGH,Spain,1994,-4.93381298010792
-19.2488930180488,MED,Finland,2006,-5.06773719153952
-19.2426423281293,MED,Portugal,1995,-8.51781132760284
-19.241654896904,MED,Portugal,2009,-8.50015141550358
-19.2400703544366,MED,Finland,2001,-5.12323114000133
-19.2357754419932,MED,Portugal,2010,-8.52300497802072
-19.2324553704082,MED,Portugal,2002,-8.57305356631442
-19.2317994257746,MED,Portugal,2008,-8.51448758586487
-19.2291057539414,MED,Finland,2007,-5.07262402071351
-19.2273552642283,MED,Portugal,2005,-8.54544263419267
-19.2263123186305,MED,Portugal,2007,-8.50892955173167
-19.2259849482035,MED,Portugal,2003,-8.59452470785264
-19.2108822629538,MED,Finland,2008,-5.09126420394791
-19.2056386625133,MED,Portugal,2004,-8.5740229840361
-19.2040435289702,MED,Portugal,2001,-8.53642355534661
-19.2028977981754,MED,Portugal,2011,-8.48966159036914
-19.1920309864227,MED,Portugal,2000,-8.49950407629249
-19.1773738238255,HIGH,Spain,1995,-4.86037153582074
-19.1761602106847,MED,Portugal,2012,-8.51197865361728
-19.1725573420783,MED,Portugal,1996,-8.4829536158925
-19.1601321842548,MED,Portugal,1998,-8.51563632289183
-19.1590738803047,MED,Portugal,1997,-8.50899631467909
-19.1546579114533,MED,Portugal,1999,-8.49291640180383
-19.1525198238978,MED,Finland,2009,-5.0282104920911
-19.1483330911501,HIGH,Spain,1996,-4.79574754862356
-19.1344338452482,MED,Portugal,2013,-8.47636196561821
-19.1283035437639,HIGH,Spain,2009,-4.52397528888388
-19.1217226492904,HIGH,Spain,2010,-4.66921101095943
-19.1168119233603,HIGH,Spain,2007,-4.4808550788106
-19.1146344868111,HIGH,Spain,2008,-4.45421865050694
-19.0991433057524,HIGH,Spain,2011,-4.6114842635722
-19.0972064828789,HIGH,Spain,1997,-4.76418759083468
-19.0868746722238,HIGH,Spain,2006,-4.50012892519739
-19.0696856770816,MED,Portugal,2015,-8.35104763360431
-19.0695916333985,MED,Portugal,2014,-8.4081416770986
-19.0677837432931,HIGH,Spain,2012,-4.60527471708328
-19.0650764374011,MED,Portugal,2017,-8.31627184505954
-19.0628045991492,HIGH,Spain,2019,-4.55430585344676
-19.0615407596997,HIGH,Spain,2005,-4.51419194129775
-19.0612581090911,MED,Portugal,2016,-8.31669697766979
-19.0547854992127,HIGH,Spain,2003,-4.57583109513565
-19.0506254627308,HIGH,Spain,2013,-4.62083179747576
-19.0474594724226,MED,Portugal,2019,-8.34156927794545
-19.0461140375502,MED,Portugal,2018,-8.32193576925668
-19.0448146172708,HIGH,Spain,2004,-4.56085145657527
-19.0446267335177,HIGH,Spain,2002,-4.57196821049489
-19.0387848913973,HIGH,Spain,1998,-4.69690259311296
-19.0364153538651,HIGH,Spain,1999,-4.62929154334232
-19.0358006854762,HIGH,Spain,2018,-4.55925116631928
-19.0335143510897,HIGH,Spain,2000,-4.56616626427023
-19.0322749205559,HIGH,Spain,2001,-4.55062914938097
-19.0276941904445,HIGH,Spain,2016,-4.56315544223624
-19.023676439365,HIGH,Spain,2017,-4.58140968675954
-19.0175243723832,HIGH,Spain,2015,-4.55678957960255
-19.0160096882082,HIGH,Spain,2014,-4.60200819835014
-17.5825851757227,LOW,Spain,1993,-10.9976925768018
-17.5031853441623,LOW,Spain,1994,-11.026315607561
-17.4157560032644,LOW,Spain,1995,-10.9748702521776
-17.3822598503899,LOW,Spain,1996,-10.9356505596813
-17.3279152227825,LOW,Spain,1997,-10.928615106785
-17.3115160757235,LOW,Spain,2010,-11.1904430209029
-17.3092112433497,LOW,Spain,2009,-11.0810326433331
-17.3032584941562,LOW,Spain,2007,-10.9965886660087
-17.2958764701787,LOW,Spain,2008,-11.0030274378999
-17.2842351967087,LOW,Spain,2011,-11.1342366838191
-17.2839224701404,PRIM,Netherlands,1993,-8.77876395624613
-17.2788994456304,LOW,Spain,2006,-10.9783091131417
-17.2639242718281,LOW,Spain,1998,-10.8952861572175
-17.2567935362293,LOW,Spain,2005,-10.9588702088423
-17.2561888545323,LOW,Spain,2003,-10.9643457860672
-17.2559909528588,LOW,Spain,1999,-10.8678304225827
-17.2494173383607,LOW,Spain,2012,-11.1203897412412
-17.2478090653061,LOW,Spain,2002,-10.9353182498397
-17.247616467584,LOW,Spain,2000,-10.8457319446577
-17.2443798769096,LOW,Spain,2004,-10.976809896443
-17.239194434437,LOW,Spain,2001,-10.8779493922046
-17.2377000386411,PRIM,Netherlands,1994,-8.80330799297689
-17.2328340860804,LOW,Spain,2013,-11.1078937365412
-17.2256255025695,LOW,Spain,2019,-11.152728847868
-17.2209569656679,PRIM,Netherlands,1995,-8.78331536544355
-17.2028428680686,PRIM,Netherlands,2004,-8.81887712658078
-17.2021048124095,LOW,Spain,2016,-11.0851440682149
-17.2018546250597,LOW,Spain,2018,-11.1365775596235
-17.1976149066717,LOW,Spain,2014,-11.0758702570865
-17.195775614877,LOW,Spain,2015,-11.0435978691626
-17.1945486159114,LOW,Spain,2017,-11.1313483418856
-17.1925104728295,PRIM,Netherlands,2003,-8.83551385801185
-17.1896077967638,PRIM,Netherlands,1997,-8.78316475906235
-17.1895540168119,PRIM,Netherlands,1996,-8.75648663661723
-17.1882391897822,PRIM,Netherlands,2008,-8.80833738934968
-17.181039203006,PRIM,Netherlands,2005,-8.80194794556153
-17.1754114807473,PRIM,Netherlands,2009,-8.86429647679197
-17.1747506035915,PRIM,Netherlands,1999,-8.7998242218613
-17.1734752295087,PRIM,Netherlands,2007,-8.79917475458262
-17.1717496877224,PRIM,Netherlands,2002,-8.83337665570732
-17.1698098531936,PRIM,Netherlands,2006,-8.79535687686713
-17.1680266541472,PRIM,Netherlands,1998,-8.77605050286581
-17.1586201774282,PRIM,Netherlands,2000,-8.81841261695295
-17.1529419568605,PRIM,Netherlands,2010,-8.86044744093305
-17.135336199612,PRIM,Netherlands,2001,-8.80539196761665
-17.1166127472257,PRIM,Netherlands,2011,-8.8090615310228
-17.1052019203145,PRIM,Netherlands,2012,-8.80615332099483
-17.0611423449167,PRIM,Netherlands,2013,-8.76094081722454
-17.0513769488773,PRIM,Netherlands,2017,-8.71386564366428
-17.0502964745054,PRIM,Netherlands,2018,-8.71919268856106
-17.0495016571998,PRIM,Netherlands,2019,-8.72621652444118
-17.0414246746503,PRIM,Netherlands,2014,-8.73587158248787
-17.0394754031829,PRIM,Netherlands,2015,-8.73593453895493
-17.0208243084747,PRIM,Netherlands,2016,-8.64449029328414
-16.655861207503,RES,Austria,1995,-8.38107026777211
-16.6494764032724,RES,Austria,1994,-8.42424681671732
-16.6392565016852,RES,Austria,1996,-8.38486593955885
-16.6330527387478,RES,Austria,1997,-8.39795390030641
-16.630994768136,RES,Austria,1993,-8.35558218937333
-16.5957611729377,RES,Austria,1998,-8.37590631038385
-16.5921970650085,RES,Austria,2000,-8.44301662250448
-16.5877639269166,RES,Austria,1999,-8.40167040766131
-16.5526120543731,RES,Austria,2001,-8.42314018311424
-16.5461691946602,RES,Austria,2004,-8.42421679341455
-16.5443364563738,RES,Austria,2002,-8.40177170229454
-16.5261379159818,RES,Austria,2003,-8.43692143043592
-16.5152053071734,RES,Austria,2005,-8.4101711637345
-16.510611919659,RES,Austria,2010,-8.52252653846068
-16.4920220251177,RES,Austria,2006,-8.40861139941812
-16.4865738602859,RES,Austria,2007,-8.43060062334481
-16.4759649506307,RES,Austria,2008,-8.46079664986259
-16.4590754852823,RES,Austria,2009,-8.48498061203376
-16.4412026409841,RES,Austria,2018,-8.44457297601072
-16.4385086965598,RES,Austria,2011,-8.4517601870164
-16.4313126212568,RES,Austria,2017,-8.44422987858935
-16.4292669940493,RES,Austria,2019,-8.4481475000418
-16.4170194866722,RES,Austria,2016,-8.43504723060687
-16.4159296822002,RES,Austria,2012,-8.46084739690131
-16.415380027725,LOW,Austria,1995,-4.95225333748741
-16.4097067217036,LOW,Austria,1994,-5.01032879550611
-16.4004724187155,PRIM,Finland,1993,-5.1164017392725
-16.3981645309136,LOW,Austria,1996,-4.9395229053275
-16.3980001037903,RES,Austria,2015,-8.44725717691595
-16.3915095007722,LOW,Austria,1997,-4.93803427489698
-16.3911612638952,LOW,Austria,1993,-4.94496204917651
-16.3892356388394,RES,Austria,2013,-8.46740757415864
-16.3869635736022,RES,Austria,2014,-8.46108330576711
-16.353441710294,LOW,Austria,1998,-4.90298167946738
-16.3483282026445,LOW,Austria,2000,-4.92607226849522
-16.3446651495117,LOW,Austria,1999,-4.90665988671169
-16.3077369971762,LOW,Austria,2001,-4.88535771783904
-16.3001764514853,LOW,Austria,2004,-4.86236797155952
-16.2989098922457,LOW,Austria,2002,-4.85608576034318
-16.2804372650663,LOW,Austria,2003,-4.88095410873054
-16.268611841655,LOW,Austria,2005,-4.83138559641509
-16.2631846851461,LOW,Austria,2010,-4.90051304670782
-16.2449518828846,LOW,Austria,2006,-4.81589647331185
-16.2416420373575,PRIM,Finland,1994,-5.09147553701024
-16.2387244845455,LOW,Austria,2007,-4.81657229089913
-16.2273963101222,LOW,Austria,2008,-4.8237983579413
-16.2104539766517,LOW,Austria,2009,-4.8388821971036
-16.1906846579477,LOW,Austria,2018,-4.75177983833374
-16.1904902563304,LOW,Austria,2011,-4.81832056746076
-16.1814600431249,LOW,Austria,2017,-4.76545500328661
-16.1783022935583,LOW,Austria,2019,-4.74031295626423
-16.1742531500845,PRIM,Finland,1995,-5.03774459596226
-16.1676712060214,LOW,Austria,2016,-4.76863675479033
-16.1675067576823,LOW,Austria,2012,-4.8093257340662
-16.1492174503804,LOW,Austria,2015,-4.78718213513394
-16.1409559140021,LOW,Austria,2013,-4.81162941908748
-16.1396787840193,PRIM,Finland,1996,-5.03004754013622
-16.1386364156002,LOW,Austria,2014,-4.80514514463013
-16.1201074683166,PRIM,Finland,1997,-5.02211623960719
-16.0505267792658,PRIM,Finland,1998,-5.01543592936382
-16.0284655118825,PRIM,Finland,1999,-5.02545339024108
-15.9940115779743,PRIM,Finland,2017,-4.86514243278374
-15.991439772975,PRIM,Finland,2016,-4.87311042061852
-15.9852255563425,PRIM,Finland,2019,-4.84070013752842
-15.9835827916836,PRIM,Finland,2000,-5.057168106513
-15.9632301155208,PRIM,Finland,2018,-4.87693992914517
-15.9583033433031,PRIM,Finland,2004,-5.02657826755929
-15.9494163084943,PRIM,Finland,2015,-4.88322769884562
-15.9414651574028,PRIM,Finland,2002,-5.04566126189528
-15.9247982555129,PRIM,Finland,2003,-5.03273088773056
-15.9230257599845,PRIM,Finland,2005,-5.01576275131759
-15.9152531441239,PRIM,Finland,2001,-5.01510278328093
-15.9070772255025,PRIM,Finland,2012,-4.93269451146672
-15.906282110354,PRIM,Finland,2010,-4.95687032037075
-15.8945249804534,PRIM,Finland,2006,-4.95691128734716
-15.894082222664,PRIM,Finland,2013,-4.89732613847236
-15.8938657977996,PRIM,Finland,2011,-4.9496619995709
-15.8925238897872,PRIM,Finland,2014,-4.8805033452933
-15.8641873434193,PRIM,Finland,2007,-4.96097306915544
-15.8362694656538,PRIM,Finland,2008,-4.9785342668862
-15.7771121923649,PRIM,Finland,2009,-4.91531737326823
-12.4558158778264,PRIM,France,1993,-8.80082979197317
-12.4489449924997,PRIM,France,1994,-8.82228545079659
-12.4260822447254,PRIM,France,1995,-8.78283406541191
-12.3889645094614,PRIM,France,1996,-8.75096654830863
-12.3831684366236,PRIM,France,1997,-8.75416897555821
-12.3563406211374,PRIM,Italy,2010,-28.1890432667617
-12.3454792036752,PRIM,France,2010,-8.61613988152811
-12.3270543584758,PRIM,France,2009,-8.57479009179025
-12.326876347842,PRIM,France,2008,-8.5826908308378
-12.3217924555845,PRIM,France,1998,-8.72247968814806
-12.3082035598774,PRIM,France,2011,-8.56860613200065
-12.3051354888743,PRIM,Italy,2019,-28.0515959680653
-12.303848606867,PRIM,France,2004,-8.63409099976344
-12.3026352699324,PRIM,France,2000,-8.67723121551543
-12.2976628101125,PRIM,France,2007,-8.59192191941858
-12.2958269705193,PRIM,France,2005,-8.62832909081631
-12.2950265482764,PRIM,France,1999,-8.67881014961237
-12.2940950491195,PRIM,France,2006,-8.59921716882416
-12.291341678902,PRIM,Italy,2017,-28.0260401464111
-12.2908250041088,PRIM,Italy,2011,-28.1523751833211
-12.2904185273852,PRIM,Italy,2018,-28.0430066917505
-12.2757709960771,PRIM,France,2012,-8.5541795109673
-12.271583562047,PRIM,Italy,2012,-28.1791842488034
-12.2709038567855,PRIM,France,2003,-8.62699783542818
-12.2703174239603,PRIM,Italy,2016,-28.00543815372
-12.2697426119363,PRIM,France,2002,-8.62424351904513
-12.2666973325799,PRIM,Italy,2015,-28.0324062227757
-12.2578724046201,PRIM,France,2001,-8.60946813797686
-12.2562931538235,RES,Finland,1993,-6.26838675896085
-12.2541896424126,PRIM,Italy,2014,-28.0665565932846
-12.2539190211453,PRIM,France,2018,-8.47328926252571
-12.2486757009141,PRIM,Italy,2013,-28.1246472924452
-12.2465053020432,PRIM,Italy,2009,-28.298013886052
-12.2452132814501,PRIM,France,2017,-8.4729906346943
-12.2436034883201,PRIM,France,2019,-8.47900507036412
-12.23423203741,PRIM,France,2013,-8.55827723556588
-12.2293947294297,PRIM,Italy,2004,-28.2575790566746
-12.2253850361146,PRIM,Italy,2006,-28.2815383331563
-12.221116909545,PRIM,France,2016,-8.48060688022242
-12.2200003181569,PRIM,France,2015,-8.51632647345761
-12.2179341434117,PRIM,Italy,2005,-28.2778919225021
-12.2150334604404,PRIM,France,2014,-8.5455893478385
-12.2078990943949,PRIM,Italy,2007,-28.2866084272637
-12.206065595163,PRIM,Italy,2008,-28.3014069658345
-12.1969211018574,PRIM,Italy,1993,-27.8885046069587
-12.1913788824776,PRIM,Italy,2003,-28.2585756754737
-12.1621173737229,PRIM,Italy,2000,-28.1209151250303
-12.1394762023423,PRIM,Italy,2002,-28.2525213020005
-12.1234764044839,PRIM,Italy,2001,-28.1876341191853
-12.1169744446019,PRIM,Italy,1994,-27.9775801339908
-12.0984529044415,RES,Finland,1994,-6.24188345648712
-12.0898916550234,PRIM,Italy,1999,-28.0906949392208
-12.0863402589749,PRIM,Italy,1995,-28.0022577564382
-12.0538290444572,PRIM,Italy,1998,-28.0946528860141
-12.0489258038999,LOW,Finland,1993,-4.14977268207381
-12.0413944874347,PRIM,Italy,1997,-28.1100600700218
-12.0199480049311,PRIM,Italy,1996,-28.040062939258
-12.0188946453624,RES,Finland,1995,-6.19738086579076
-11.9738579830327,RES,Finland,1996,-6.19949114868408
-11.9465513602949,RES,Finland,1997,-6.20011148391618
-11.8911350989585,LOW,Finland,1994,-4.12616982244576
-11.8638820837812,RES,Finland,1998,-6.20801331302784
-11.8284677759195,RES,Finland,1999,-6.23064731346259
-11.8109679061871,LOW,Finland,1995,-4.06469538521733
-11.770324393587,RES,Finland,2000,-6.27253978797654
-11.7654077291849,LOW,Finland,1996,-4.04876900486198
-11.7377140454592,LOW,Finland,1997,-4.03366203844146
-11.7087609167385,RES,Finland,2004,-6.27012529917689
-11.7016322727194,RES,Finland,2002,-6.28047815969127
-11.6848110682854,RES,Finland,2001,-6.24380184419066
-11.6834618979292,RES,Finland,2016,-6.14430959084653
-11.6802148921144,RES,Finland,2003,-6.27156709636607
-11.6773852725057,RES,Finland,2017,-6.14292512052965
-11.6631877935081,RES,Finland,2005,-6.26860444665615
-11.6543898393386,LOW,Finland,1998,-4.01474587497449
-11.6511827348284,RES,Finland,2015,-6.15313947953146
-11.6493623045676,RES,Finland,2019,-6.12863541454139
-11.6351982994984,RES,Finland,2018,-6.16218432002648
-11.6317069990052,RES,Finland,2010,-6.21972230502051
-11.6264829238625,RES,Finland,2006,-6.21626349185474
-11.6183073691123,LOW,Finland,1999,-4.01417681473461
-11.6153502786383,RES,Finland,2012,-6.20896685776469
-11.6092028932544,RES,Finland,2011,-6.21996084330901
-11.6046176576504,RES,Finland,2013,-6.17025669071981
-11.6021783885856,RES,Finland,2014,-6.1512831630405
-11.5827211679306,RES,Finland,2007,-6.22970056571586
-11.5595004468629,LOW,Finland,2000,-4.03735138796148
-11.5424683137948,RES,Finland,2008,-6.25952264038289
-11.4961213818492,LOW,Finland,2004,-3.98311965116171
-11.4894785860138,LOW,Finland,2002,-4.00952808886804
-11.4822997066581,RES,Finland,2009,-6.19816003626643
-11.47312728093,LOW,Finland,2001,-3.98410307883218
-11.4678983572673,LOW,Finland,2016,-3.80644893246681
-11.4678234999142,LOW,Finland,2003,-3.9932251164655
-11.4613889797876,LOW,Finland,2017,-3.79295672407133
-11.4500330881372,LOW,Finland,2005,-3.96450499528189
-11.4361067816536,LOW,Finland,2015,-3.81764645750106
-11.4324034293161,LOW,Finland,2019,-3.75999540502349
-11.4186312953447,LOW,Finland,2018,-3.79849311551942
-11.4178148731507,LOW,Finland,2010,-3.89721294424121
-11.4129177004331,LOW,Finland,2006,-3.90019057195663
-11.4005999054808,LOW,Finland,2012,-3.86177612820119
-11.394805992194,LOW,Finland,2011,-3.88375597414764
-11.3899804900515,LOW,Finland,2013,-3.82921185003201
-11.3874971405088,LOW,Finland,2014,-3.81419373523569
-11.368484225499,LOW,Finland,2007,-3.89638555900361
-11.3463422300736,PRIM,Greece,1994,-3.92435281587407
-11.3276141511134,LOW,Finland,2008,-3.90365867163709
-11.3242841512129,PRIM,Greece,1996,-3.88215957867949
-11.3231916933655,PRIM,Greece,1993,-3.95380704761326
-11.317364620689,PRIM,Greece,1995,-3.93796420133389
-11.3110105577347,PRIM,Greece,1997,-3.82801199440247
-11.2673949386321,LOW,Finland,2009,-3.83888584623009
-11.2415566336981,MED,Spain,1993,-6.4465796472048
-11.163283490681,MED,Spain,1994,-6.48242374035718
-11.1506743661869,PRIM,Greece,1999,-3.69815828619216
-11.1485570583481,PRIM,Greece,1998,-3.81009137832248
-11.0568076204607,MED,Spain,1995,-6.41457332853115
-11.007228644888,MED,Spain,1996,-6.35640668186152
-10.9981724038148,LOW,France,1993,-11.7640502325072
-10.9915389678283,LOW,France,1994,-11.7829592660304
-10.9830970860822,PRIM,Greece,2004,-3.62617361257313
-10.9778995065563,PRIM,Greece,2000,-3.60639668158151
-10.9722356076336,LOW,Greece,1994,-2.91564771024095
-10.9641766494641,LOW,France,1995,-11.7529211477237
-10.9596648740387,PRIM,Greece,2003,-3.61649323279257
-10.9490021266083,LOW,Greece,1993,-2.94183809990836
-10.9481105253284,LOW,Greece,1996,-2.86523794545897
-10.9421477106183,LOW,Greece,1995,-2.92524997564895
-10.9412678661411,MED,Spain,1997,-6.33108043696351
-10.934134441297,LOW,Greece,1997,-2.8053768797548
-10.9231946684125,LOW,France,1996,-11.7294730234286
-10.9144836398869,LOW,France,1997,-11.7383415373256
-10.8955159788194,PRIM,Greece,2012,-3.55763455424263
-10.8846688804022,PRIM,Greece,2010,-3.65679522194106
-10.8742970392372,PRIM,Greece,2011,-3.61067812444212
-10.8696027690372,PRIM,Greece,2013,-3.50861620376912
-10.8678203215129,PRIM,Greece,2002,-3.52622991206636
-10.8571730827893,MED,Spain,1998,-6.27242649034881
-10.8552246429252,PRIM,Greece,2014,-3.50736471640482
-10.8481530126497,LOW,France,1998,-11.7159787178414
-10.84801671885,PRIM,Greece,2005,-3.65394837253228
-10.8439677223436,PRIM,Greece,2006,-3.65403469544223
-10.8406188647028,LOW,France,2010,-11.6954413971652
-10.8388733943698,PRIM,Greece,2007,-3.60815537192829
-10.8370902027593,PRIM,Greece,2001,-3.47787052264085
-10.829156066574,MED,Spain,1999,-6.21502224013215
-10.8221000396592,PRIM,Greece,2017,-3.34215257695266
-10.8196713735254,LOW,France,2000,-11.6985545205288
-10.8167157126167,LOW,France,1999,-11.6865476273451
-10.8145349856397,LOW,France,2008,-11.6727376931835
-10.8143425244808,LOW,France,2009,-11.6658651471223
-10.8077006880697,LOW,France,2004,-11.6867598531151
-10.8028505652229,PRIM,Greece,2015,-3.44890794447424
-10.801023838001,MED,Spain,2000,-6.16232527756642
-10.7996102192745,LOW,France,2011,-11.6557044108008
-10.7961022551791,LOW,France,2005,-11.6922669580357
-10.7913537290931,LOW,France,2006,-11.6698165043349
-10.789916111737,LOW,France,2007,-11.6722934712615
-10.7874980255584,PRIM,Greece,2016,-3.37050579222039
-10.7808861057017,PRIM,Greece,2008,-3.51038771908798
-10.7800891623813,PRIM,Greece,2018,-3.28662565961559
-10.7771776507825,LOW,France,2002,-11.6690419674012
-10.7771758634645,MED,Spain,2010,-6.32679750344195
-10.776643397883,LOW,France,2003,-11.676356092318
-10.7713917536424,LOW,Greece,1999,-2.65890542013128
-10.7704891782535,LOW,Greece,1998,-2.77857484938448
-10.7687188084439,LOW,France,2001,-11.6463338982463
-10.7666746152343,MED,Spain,2001,-6.15892656191337
-10.7648081156144,LOW,France,2012,-11.6500372173366
-10.7637572433648,MED,Spain,2003,-6.19968309772771
-10.761799062394,MED,Spain,2002,-6.18942378577158
-10.7568370676898,MED,Spain,2007,-6.13704396555561
-10.7526137728199,MED,Spain,2006,-6.14677237524347
-10.7505342014031,PRIM,Greece,2009,-3.49243845015621
-10.7453132536414,MED,Spain,2004,-6.19167919434594
-10.7427960386005,MED,Spain,2009,-6.19066797587851
-10.7421600532403,MED,Spain,2005,-6.15231977180412
-10.7329237543297,MED,Spain,2011,-6.269457218548
-10.7306679365297,MED,Spain,2008,-6.11881469175825
-10.7295555806915,LOW,France,2018,-11.5945920413302
-10.7250304927676,LOW,France,2017,-11.5851441890201
-10.7243634264188,LOW,France,2013,-11.6553974878763
-10.7196423690457,PRIM,Greece,2019,-3.23254062591514
-10.7164902305684,LOW,France,2019,-11.6077703293629
-10.7069616364375,LOW,France,2015,-11.6196106590853
-10.7050043029539,LOW,France,2014,-11.6450303797912
-10.704310633511,LOW,France,2016,-11.5883605697001
-10.6894360789514,HIGH,Italy,2010,6.68829752761969
-10.6856224135871,MED,Spain,2012,-6.26130637560229
-10.6711148528225,MED,Spain,2013,-6.26973283790745
-10.6337175502818,MED,Spain,2014,-6.2475540532429
-10.6197713418679,MED,Spain,2015,-6.20562614663515
-10.6197592042238,HIGH,Italy,2011,6.80471992070002
-10.6122369718231,MED,Spain,2016,-6.22093425367288
-10.6111847404246,HIGH,Italy,2019,6.9267165665313
-10.6054002549453,HIGH,Italy,2017,6.83134876370684
-10.5997389532268,HIGH,Italy,2018,6.89204215086263
-10.5993717883726,LOW,Greece,2004,-2.5456161493415
-10.5974625786845,HIGH,Italy,2012,6.8110023739174
-10.5974114574699,LOW,Greece,2000,-2.56101649522749
-10.5939220145816,MED,Spain,2019,-6.23151298402598
-10.5919079755102,MED,Spain,2017,-6.24629292121145
-10.5884968742281,HIGH,Italy,2015,6.72824914044948
-10.5879748102467,HIGH,Italy,2016,6.79161529306817
-10.5860481718689,HIGH,Italy,1993,6.26253774281149
-10.5818214947633,MED,Spain,2018,-6.23109589896578
-10.5794801766804,HIGH,Italy,2014,6.69431313188558
-10.5763612705997,LOW,Greece,2003,-2.54734055032069
-10.5748087298881,HIGH,Italy,2013,6.72346186604267
-10.5742989848353,HIGH,Italy,2004,6.66263259308319
-10.5717322982219,HIGH,Italy,2009,6.83404477488692
-10.5623515212357,HIGH,Italy,2006,6.7432782356422
-10.5584632504299,HIGH,Italy,2005,6.70868414385445
-10.5391865030766,HIGH,Italy,2007,6.82153218912506
-10.5385556278605,HIGH,Italy,2003,6.65513079297313
-10.5320427659492,HIGH,Italy,2008,6.87603343320263
-10.5220729812183,HIGH,Italy,2000,6.51564533799496
-10.507843967002,LOW,Greece,2012,-2.49087246043061
-10.5063074909306,HIGH,Italy,1994,6.13409681416602
-10.4986949498804,LOW,Greece,2010,-2.55695767909995
-10.488789566682,HIGH,Italy,2002,6.64927945493046
-10.4873492770665,LOW,Greece,2011,-2.52224763504552
-10.484930912136,LOW,Greece,2002,-2.46486797242375
-10.482100779344,LOW,Greece,2013,-2.45673625884812
-10.4765597382363,HIGH,Italy,2001,6.62343449871101
-10.4706288422081,HIGH,Italy,1995,6.20580454442109
-10.4676350321166,LOW,Greece,2014,-2.4606440396169
-10.4633702481532,LOW,Greece,2005,-2.56339487511853
-10.4585651835816,LOW,Greece,2006,-2.56227171745989
-10.4555309340408,HIGH,Italy,1999,6.47015433352733
-10.4550390574535,LOW,Greece,2001,-2.42470568257181
-10.4522706114002,LOW,Greece,2007,-2.50525979933831
-10.4321232553635,LOW,Greece,2017,-2.29585724819141
-10.4251750032413,HIGH,Italy,1998,6.38195317372476
-10.4183479573366,HIGH,Italy,1997,6.28139738675204
-10.4145554412392,LOW,Greece,2015,-2.40122635692405
-10.4001560737093,HIGH,Italy,1996,6.29229335583387
-10.3983205464202,LOW,Greece,2016,-2.32322159059971
-10.3931563535565,LOW,Greece,2008,-2.40096997955226
-10.3890708294926,LOW,Greece,2018,-2.23813097674117
-10.3627050423266,LOW,Greece,2009,-2.38370049937805
-10.3279202264364,LOW,Greece,2019,-2.18069580949908
-9.71378581396067,RES,Greece,1994,-1.97907459607688
-9.69027331820344,RES,Greece,1993,-2.00223453936682
-9.68270758006087,RES,Greece,1996,-1.92103586343585
-9.67996304256466,RES,Greece,1995,-1.98495443157845
-9.66636840209143,RES,Greece,1997,-1.85586988446905
-9.65994006106115,RES,Italy,2010,-6.47292213240521
-9.5977766200143,HIGH,France,1993,-8.95568913136154
-9.59137130775,HIGH,France,1994,-8.97701170230993
-9.59115780785579,RES,Italy,1993,-6.62460788660951
-9.58769315420373,RES,Italy,2011,-6.38659561143253
-9.56498472962828,RES,Italy,2019,-6.27260551822436
-9.56414687874202,RES,Italy,2017,-6.32234190685264
-9.56350961843983,RES,Italy,2012,-6.39280048484529
-9.55968613554993,HIGH,France,1995,-8.93805225883454
-9.55555925062546,RES,Italy,2018,-6.29095406326961
-9.55209619207503,RES,Italy,2004,-6.51476469779803
-9.55202439162909,RES,Italy,2015,-6.38893841862985
-9.54894409330228,RES,Italy,2016,-6.33930734907843
-9.54516376415597,RES,Italy,2014,-6.42295531824166
-9.5410126500661,RES,Italy,2013,-6.42672702236219
-9.53737664397238,RES,Italy,2009,-6.4232945352243
-9.53524628643873,RES,Italy,2006,-6.47359248657459
-9.53355832462695,RES,Italy,2005,-6.49375624505465
-9.51775634641305,RES,Italy,2003,-6.5198117201581
-9.51499167363103,HIGH,France,1996,-8.90662474328853
-9.51154433984006,RES,Italy,1994,-6.73819399301686
-9.50916604592819,RES,Italy,2000,-6.55471410279839
-9.50857381693393,RES,Italy,2007,-6.42678147192596
-9.50348017178815,HIGH,France,1997,-8.91012328297818
-9.49871418909036,RES,Greece,1998,-1.82082154524829
-9.49815042663569,RES,Italy,2008,-6.3984310077259
-9.49553055025763,RES,Greece,1999,-1.69396900042351
-9.47275018297784,RES,Italy,1995,-6.70285798061737
-9.46930988131956,RES,Italy,2002,-6.5211703508756
-9.45940842165544,RES,Italy,2001,-6.5127768707676
-9.4461342880628,RES,Italy,1999,-6.57163493582337
-9.4323894878089,HIGH,France,1998,-8.87892140131149
-9.41930285668522,RES,Italy,1998,-6.6280463029976
-9.41593906270636,RES,Italy,1997,-6.69647064181968
-9.39975725014084,RES,Italy,1996,-6.66327241708008
-9.39646425997113,HIGH,France,1999,-8.83599597098561
-9.39494960508013,HIGH,France,2000,-8.83512703882068
-9.39486061758796,HIGH,France,2010,-8.7770656742792
-9.3703126883422,HIGH,France,2004,-8.79362495664863
-9.36158952602992,HIGH,France,2008,-8.74417818062664
-9.36104114303836,HIGH,France,2009,-8.73633117544392
-9.35527793450777,HIGH,France,2005,-8.78845197183932
-9.35026558094856,HIGH,France,2011,-8.72993938738134
-9.34763127828274,HIGH,France,2006,-8.7596881814154
-9.34323189112733,HIGH,France,2002,-8.78336616474278
-9.34138486449499,HIGH,France,2007,-8.75290363278147
-9.34106872969086,HIGH,France,2003,-8.7863587789344
-9.33805043534907,HIGH,France,2001,-8.76817621754239
-9.31749531018327,RES,Greece,2000,-1.59039091679893
-9.31318699906266,HIGH,France,2012,-8.71597053828699
-9.30856592511312,RES,Greece,2004,-1.54232880329713
-9.28697393627308,RES,Greece,2003,-1.55464243493735
-9.27379360284892,HIGH,France,2013,-8.72013424414965
-9.26506019958439,HIGH,France,2018,-8.63641006168894
-9.26455157193925,HIGH,France,2017,-8.6356332909427
-9.25428023821383,HIGH,France,2014,-8.70756764149352
-9.25334624393303,HIGH,France,2015,-8.67850561219021
-9.24935302886606,HIGH,France,2019,-8.64251586236666
-9.24707561570916,HIGH,France,2016,-8.64301959739696
-9.203761830999,RES,Greece,2012,-1.50039398392225
-9.20032495562495,RES,Greece,2010,-1.53576896217886
-9.19693687694029,RES,Greece,2002,-1.47940348779384
-9.18570342998153,RES,Greece,2011,-1.51165025895168
-9.17859057736805,RES,Greece,2013,-1.48007571629734
-9.16986484202033,RES,Greece,2001,-1.44685212707457
-9.16946566948448,RES,Greece,2005,-1.55082630623611
-9.16383008322097,RES,Greece,2014,-1.48877382854677
-9.16211728265234,RES,Greece,2006,-1.54858015735208
-9.15178523295822,RES,Greece,2007,-1.48123173082762
-9.12028814126343,RES,Greece,2017,-1.32438196872588
-9.10837723066792,RES,Greece,2015,-1.42846394933382
-9.08917419897138,RES,Greece,2016,-1.35082815207232
-9.08887998601811,RES,Greece,2008,-1.37088614095242
-9.07373207088769,RES,Greece,2018,-1.26461361786172
-9.05809428179817,RES,Greece,2009,-1.35424783818584
-9.02885077620338,RES,France,1993,-9.85415824835357
-9.02253814165395,RES,France,1994,-9.87470866473881
-9.01021393637247,RES,Greece,2019,-1.20406788343163
-8.98909676360499,RES,France,1995,-9.8386033895338
-8.94289406641827,RES,France,1996,-9.80972869264362
-8.93024484218036,RES,France,1997,-9.81494522934669
-8.85722033397094,RES,France,1998,-9.78657119784178
-8.81947183720961,RES,France,1999,-9.74796296432726
-8.81614106846145,RES,France,2000,-9.75121334980522
-8.80750578533176,RES,France,2010,-9.71073138333731
-8.78635835908153,RES,France,2004,-9.71921545664047
-8.77131481142287,RES,France,2008,-9.68110195379534
-8.77062183136002,RES,France,2009,-9.67356670390151
-8.76992756291739,RES,France,2005,-9.7174593154789
-8.76145373870302,RES,France,2011,-9.66596912944175
-8.76110351016354,RES,France,2006,-9.69071532872931
-8.76067600890601,RES,France,2002,-9.70657030301478
-8.75785108586284,RES,France,2003,-9.71094548297535
-8.75682602665539,RES,France,2001,-9.68897510942668
-8.75290347112269,RES,France,2007,-9.68689378428465
-8.72345031306191,RES,France,2012,-9.65465619991577
-8.68448401592523,RES,France,2013,-9.6592027185187
-8.67121630771462,RES,France,2017,-9.57925996739569
-8.67009320518769,RES,France,2018,-9.58281084685354
-8.6649079891564,RES,France,2014,-9.64733979244613
-8.66279936188461,RES,France,2015,-9.61944303415731
-8.65505822196653,RES,France,2016,-9.58531220412269
-8.65331276644847,RES,France,2019,-9.59117932360456
-8.33108782802237,MED,Italy,2010,-24.8924347596419
-8.30697383931859,MED,Italy,1993,-24.6605458757874
-8.25552357668255,MED,Italy,2011,-24.8482282936971
-8.2326579036574,MED,Italy,2004,-24.9569183935325
-8.22890445610635,MED,Italy,2012,-24.8719095466922
-8.22752457512033,MED,Italy,1994,-24.7533422231255
-8.22011849001407,MED,Italy,2017,-24.731317492682
-8.21457132696078,MED,Italy,2019,-24.7454436055313
-8.21416708178988,MED,Italy,2015,-24.7468268301539
-8.21063217859225,MED,Italy,2005,-24.9709584904118
-8.21008946511362,MED,Italy,2014,-24.7809569391579
-8.20948002692201,MED,Italy,2006,-24.9709904063026
-8.20778466731742,MED,Italy,2016,-24.7164184118863
-8.20775362011992,MED,Italy,2018,-24.7409436161803
-8.20660998574743,MED,Italy,2013,-24.8308017614402
-8.20225169252042,MED,Italy,2009,-24.9773294297147
-8.2017266586646,MED,Italy,2000,-24.8470651903997
-8.20012968145947,MED,Italy,2003,-24.9585298824898
-8.18470898458906,MED,Italy,1995,-24.768909495803
-8.17828021153925,MED,Italy,2007,-24.9681847060439
-8.16362351255014,MED,Italy,2008,-24.9764330246777
-8.15338652378406,MED,Italy,2002,-24.9536008376389
-8.14649047453533,MED,Italy,2001,-24.8972896624722
-8.14322590986581,MED,Italy,1999,-24.8240012311908
-8.12205032987081,MED,Italy,1997,-24.8593772873909
-8.12094382967142,MED,Italy,1998,-24.835921851925
-8.10846307558682,MED,Italy,1996,-24.7949664022508
-6.78875206214576,LOW,Portugal,1993,-8.36170769828524
-6.77343228522526,LOW,Portugal,1994,-8.36075301143741
-6.70350138104343,LOW,Portugal,1995,-8.29550235906598
-6.60149151554865,LOW,Portugal,1996,-8.25961767777233
-6.56464560837594,LOW,Portugal,1997,-8.28410970328388
-6.52584771221466,LOW,Portugal,1998,-8.28881071223451
-6.47995463772504,LOW,Portugal,1999,-8.26397656647389
-6.47721615458403,LOW,Portugal,2000,-8.26883891250154
-6.43697685831517,LOW,Portugal,2001,-8.30407222970875
-6.43691016840725,LOW,Portugal,2002,-8.33983555819543
-6.415906435551,LOW,Portugal,2003,-8.36096094877338
-6.38762463744772,LOW,Portugal,2006,-8.3084211661557
-6.37998191254167,LOW,Portugal,2004,-8.3408801100332
-6.37016649650684,LOW,Portugal,2005,-8.31150156351764
-6.33364773892694,LOW,Portugal,2010,-8.28815746724153
-6.30294626139715,LOW,Portugal,2007,-8.27391209422832
-6.27729717197157,LOW,Portugal,2009,-8.26387585193226
-6.27060363983389,LOW,Portugal,2008,-8.27835554212716
-6.27002202202403,LOW,Portugal,2011,-8.25403846601123
-6.22110649563464,LOW,Portugal,2012,-8.27712574287468
-6.185720280999,LOW,Portugal,2013,-8.24337381142778
-6.11825738470265,LOW,Portugal,2014,-8.17557085225159
-6.09483513315759,LOW,Portugal,2015,-8.11812155732424
-6.05727996552266,LOW,Portugal,2016,-8.08297121574396
-6.03482934604268,LOW,Portugal,2017,-8.08164594849598
-5.98148162522195,LOW,Portugal,2018,-8.08575827036106
-5.95952220593665,LOW,Portugal,2019,-8.10412688952196
-5.90532114784941,MED,France,1993,-12.2854536072241
-5.89951733460146,MED,France,1994,-12.3039145407655
-5.85643399519293,MED,France,1995,-12.275532765387
-5.80195075037978,MED,France,1996,-12.2535661035451
-5.78305517673032,MED,France,1997,-12.2634316126906
-5.69941354267805,MED,France,1998,-12.2427098630993
-5.65165489333686,MED,France,1999,-12.215784146404
-5.63835325491734,MED,France,2000,-12.2301815793179
-5.58279690478595,MED,France,2010,-12.23727020614
-5.58031899754839,MED,France,2004,-12.2239024228201
-5.56577453720925,MED,France,2001,-12.1806957817926
-5.5623144331662,MED,France,2002,-12.2047996736418
-5.55622361798249,MED,France,2005,-12.2313924048091
-5.55585629147442,MED,France,2003,-12.2129161349373
-5.54093539598395,MED,France,2006,-12.210114092067
-5.5305751262767,MED,France,2008,-12.2164572356183
-5.52908827607907,MED,France,2009,-12.2097656086968
-5.52874554872165,MED,France,2011,-12.1989051253448
-5.52200951907306,MED,France,2007,-12.2143105620398
-5.48566452482685,MED,France,2012,-12.1947792262887
-5.44904309677279,MED,France,2013,-12.200361652327
-5.42912304092981,MED,France,2014,-12.1904029047948
-5.42056541685163,MED,France,2015,-12.1656594190623
-5.41367352333582,MED,France,2017,-12.1327535884646
-5.40475084013036,MED,France,2016,-12.1351957761928
-5.40359185864589,MED,France,2018,-12.1438113232033
-5.38091893936836,MED,France,2019,-12.1583026969261
-3.56957177202434,PRIM,Spain,1993,1.60324917860384
-3.49266180493224,PRIM,Spain,1994,1.5546327554511
-3.36314161569313,PRIM,Spain,1995,1.65149978327494
-3.29410409779492,PRIM,Spain,1996,1.74317905426871
-3.21408898462852,PRIM,Spain,1997,1.80085732975346
-3.10567065553122,PRIM,Spain,1998,1.90430513105772
-3.05335445500905,PRIM,Spain,1999,2.01468113296463
-3.00131741249618,PRIM,Spain,2000,2.12149948682454
-2.93559898756461,PRIM,Spain,2001,2.18789466545863
-2.91440171585587,PRIM,Spain,2002,2.20492692626048
-2.90859041889479,PRIM,Spain,2003,2.22786410823589
-2.88211875478746,PRIM,Spain,2004,2.27207102606739
-2.87130399153764,PRIM,Spain,2010,2.27582662182657
-2.86013127358652,PRIM,Spain,2005,2.34931682990492
-2.85648705569059,PRIM,Spain,2006,2.39905900871442
-2.83634818341317,PRIM,Spain,2007,2.45832679653119
-2.80651845952018,PRIM,Spain,2011,2.33517258882719
-2.79811676260798,PRIM,Spain,2009,2.45921592675582
-2.7874486070352,PRIM,Spain,2008,2.52018793539791
-2.7441134037702,PRIM,Spain,2012,2.33324839568325
-2.73211721379995,PRIM,Spain,2013,2.28781509997044
-2.69208460886551,PRIM,Spain,2014,2.29258097725856
-2.6634902908572,PRIM,Spain,2015,2.35158718401656
-2.63918244630793,PRIM,Spain,2016,2.38268797798829
-2.6033996910078,PRIM,Spain,2017,2.39420019538056
-2.57227010687481,PRIM,Spain,2018,2.44552634427414
-2.57025070798505,PRIM,Spain,2019,2.4729392964606
-1.92640296682802,LOW,Italy,1993,-27.8313314770556
-1.84776956244461,LOW,Italy,1994,-27.9204729067093
-1.78497315673188,LOW,Italy,1995,-27.9449891679825
-1.72857910676063,LOW,Italy,2010,-28.130654222132
-1.70560937616687,LOW,Italy,2000,-28.0629291768866
-1.6932605589018,LOW,Italy,1997,-28.0524844550642
-1.69256457518635,LOW,Italy,1996,-27.9825862670605
-1.67692312002193,LOW,Italy,2004,-28.1991182408538
-1.66994304414066,LOW,Italy,1998,-28.0369347216113
-1.6696213087141,LOW,Italy,1999,-28.0328357411092
-1.65339609406209,LOW,Italy,2003,-28.2001257501427
-1.63756769511305,LOW,Italy,2005,-28.219320004321
-1.63653236373971,LOW,Italy,2011,-28.0938526199701
-1.62315252872132,LOW,Italy,2001,-28.1293560224943
-1.62230421219905,LOW,Italy,2006,-28.2229023955761
-1.61511595567751,LOW,Italy,2002,-28.1940913083244
-1.59781184500595,LOW,Italy,2012,-28.120606286098
-1.57666591071132,LOW,Italy,2014,-28.0083625358387
-1.57652350224769,LOW,Italy,2013,-28.0663071852417
-1.56860991631633,LOW,Italy,2007,-28.227832994773
-1.56857646756525,LOW,Italy,2009,-28.2391984117537
-1.5669159154073,LOW,Italy,2015,-27.9742125241985
-1.54412667246422,LOW,Italy,2016,-27.947183520184
-1.54220582405353,LOW,Italy,2017,-27.967684503739
-1.53291968413492,LOW,Italy,2008,-28.2425155168124
-1.51107342594309,LOW,Italy,2018,-27.9845210366072
-1.50493420799257,LOW,Italy,2019,-27.9930378840733
50.5926126038243,HIGH,Finland,1993,0.211337027304777
50.7354369218799,HIGH,Finland,1994,0.228969403873281
50.9995508318798,HIGH,Finland,1995,0.32537992762382
51.2032543447274,HIGH,Finland,1996,0.378434290879253
51.3478714291459,HIGH,Finland,1997,0.425915481887379
51.6290368003939,HIGH,Finland,1998,0.500035756899054
51.8669577878555,HIGH,Finland,1999,0.548367689244502
52.1262068780849,HIGH,Finland,2000,0.563723408973231
52.4723207406572,HIGH,Finland,2001,0.667425641469577
52.5979166524617,HIGH,Finland,2002,0.665161139069722
52.6913778250888,HIGH,Finland,2003,0.696680156149649
52.7380388978553,HIGH,Finland,2004,0.724619547672309
52.9397499138442,HIGH,Finland,2005,0.778421334900295
53.1008746151336,HIGH,Finland,2006,0.867382818963995
53.1947281417416,HIGH,Finland,2010,0.883609685947178
53.3482209965265,HIGH,Finland,2007,0.906680200742175
53.3702195396368,HIGH,Finland,2011,0.925258489197879
53.4476247685315,HIGH,Finland,2013,0.989765563643759
53.4634239508426,HIGH,Finland,2014,0.996641568125237
53.4712024933623,HIGH,Finland,2012,0.969852431306665
53.5340468434892,HIGH,Finland,2015,0.989902687800776
53.575540991794,HIGH,Finland,2008,0.945823515873298
53.6495457179555,HIGH,Finland,2016,1.00597392814916
53.6510470690595,HIGH,Finland,2009,1.01761618946483
53.7867808560441,HIGH,Finland,2017,1.04438958752575
54.0019390766964,HIGH,Finland,2018,1.06710122485942
54.1065433816094,HIGH,Finland,2019,1.11578591646628
