"","period","target","income","prices","fprices","exports","imports","xrate","rprices","consump","cacc","new_rprices","nom_income","cacc1","intra","extra","fincome"
"1","1992","Austria","229.0389","77.3237837","72.8496086","64.6547","71.357","1.033182416","99.0962254","179.2045","-2.4513977","103.2560107","150.786","-3.65839","23.0064","11.20445",11.9387035082717
"2","1993","Austria","230.2455","81.0222309","76.6456032","63.1204","67.4399","0.990080158","105.07806","181.0847","-1.3893681","102.9447207","162.5404","-2.23508","22.0722","11.798",11.9408432686285
"3","1994","Austria","235.7763","82.7737742","78.0654979","66.7107","74.4075","0.983961105","107.4481926","185.2165","-2.9137826","103.6198813","171.7086","-4.95181","24.0513","13.80372",11.9503923299751
"4","1995","Austria","242.0667","86.4385745","81.2336919","71.5175","78.8011","0.958002369","109.2911472","187.6616","-2.5544601","103.6198922","184.3511","-4.70917","29.0358","14.8997",11.9763149424008
"5","1996","Austria","247.7542","85.5685579","81.6183548","74.8348","82.0878","0.976323191","104.3698224","192.2796","-2.8075903","102.4325233","186.9677","-5.24929","29.4046","16.1779",12.0070787053427
"6","1997","Austria","252.9412","83.7175381","80.7252711","83.0875","88.0558","1.00462926","100.9551021","194.2369","-2.500904","101.0348305","187.8541","-4.69805","32.6914","20.027",12.0178972057478
"7","1998","Austria","262.0001","83.4594892","80.7810324","89.6111","93.1257","1.006845781","100.9572255","199.9364","-1.9980992","101.4602647","195.0116","-3.89653","36.686","20.4769",12.007193871192
"8","1999","Austria","271.3177","84.1186849","81.8326826","95.3766","96.9102","1","99.2497115","205.2158","-2.3630053","100.7638693","203.8506","-4.817","45.1703","16.8122",12.0056873418029
"9","2000","Austria","280.4766","85.513443","84.0453857","108.2759","106.7817","1","97.0277573","210.0125","-0.6893517","100.3562662","213.6065","-1.4725","52.3236","20.9879",12.0334892453989
"10","2001","Austria","284.0307","85.9142804","84.2612264","114.5245","112.3262","1","96.7063781","211.8037","-0.8427159","101.2891103","220.5251","-1.8584","56.2811","22.7174",12.0378118104456
"11","2002","Austria","288.7216","86.0354992","83.7858312","119.4333","112.6528","1","95.1413693","213.3115","2.0761221","102.2139726","226.7352","4.7073","59.2475","23.9515",12.0388327631834
"12","2003","Austria","291.4398","86.0695747","83.1513714","120.0681","116.604","1","95.2437142","216.6271","1.5277592","103.2831507","231.8625","3.5423","61.6493","24.2296",12.054247063733
"13","2004","Austria","299.4111","87.0577845","84.5503897","130.4672","125.9034","1","94.3204316","221.214","1.8796091","102.7398817","242.3483","4.5552","67.2055","27.9594",12.0763370661589
"14","2005","Austria","306.1301","88.7668713","86.9055584","139.163","132.7715","1","94.4385146","226.1948","2.0275507","101.9738665","254.075","5.1515","69.5453","31.0754",12.0946472755821
"15","2006","Austria","316.7039","90.9557411","90.0340767","149.7062","140.5446","1","95.2806123","231.6311","2.8023954","101.1064526","267.8245","7.5055","75.6154","33.2978",12.1089813750418
"16","2007","Austria","328.5088","92.6848641","92.1426633","161.0417","148.4643","1","94.9902707","234.3687","3.3366673","100.9271163","283.978","9.4754","83.9039","35.4835",12.1241009682571
"17","2008","Austria","333.3064","95.0694976","95.6950523","164.5374","149.881","1","96.4916116","238.277","4.2225692","99.1304195","293.7619","12.4043","86.6902","36.5685",12.1124655346137
"18","2009","Austria","320.7588","92.4205204","91.3014868","140.8965","132.0464","1","97.5907689","241.341","2.3547443","101.930396","288.044","6.7827","68.4402","29.7736",12.0550723005164
"19","2010","Austria","326.6515","95.1600995","95.5777097","159.3977","147.8517","1","97.7767123","243.081","3.3309942","100.1773519","295.8966","9.8563","79.6039","35.4749",12.0944767832178
"20","2011","Austria","336.1988","99.0831141","101.2692975","168.8585","156.6552","1","97.7449506","245.4923","2.1586847","97.7347602","310.1287","6.6947","87.1853","40.2771",12.0954600119863
"21","2012","Austria","338.4865","100.4101673","103.1497247","171.2862","158.1021","1","97.6822953","246.46","1.9126132","97.0450047","318.653","6.0946","87.2368","42.4419",12.1089701669342
"22","2013","Austria","338.5728","100.4166581","103.0028697","172.3835","159.1994","1","99.0025341","246.824","1.8791319","96.9212309","323.9102","6.0867","88.6622","43.2222",12.1283796935727
"23","2014","Austria","340.8117","100.2785219","101.8647056","177.3613","163.9063","1","100.099231","247.9318","2.467086","97.9342692","333.1461","8.219","89.6617","44.511",12.1321455821653
"24","2015","Austria","344.2692","100","100","182.7693","169.8564","1","100","249.4042","1.8522713","100","344.2692","6.3768","92.1766","45.5804",12.1480685874103
"25","2016","Austria","351.1183","99.5637214","98.5956056","188.2306","176.1848","1","101.8065972","253.4553","2.8594722","100.9831573","357.608","10.2257","92.8334","44.5764",12.1560590086982
"26","2017","Austria","359.0485","101.1112473","101.3240118","197.4502","185.5036","1","102.5749873","257.6024","1.4996134","99.1638701","369.3619","5.539","101.8502","46.9059",12.1730138274479
"27","2018","Austria","367.7568","102.8727318","103.4266348","207.7145","195.4238","1","102.6306219","260.5734","1.0444512","98.5357513","385.2741","4.024","107.3525","49.0762",12.1803594828223
"28","2019","Austria","373.3371","102.5275361","103.7779669","215.9914","199.5025","1","102.5903181","262.5198","2.482139","97.5776473","397.1695","9.8583","108.3083","51.2803",12.1780077736305
"29","1992","Belgium","273.462","78.7932705","74.9023949","135.4532","136.3144","1.031068495","97.5205347","222.5614","2.6918732","110.434457","181.4826","4.69125","74.454","20.4023",11.938606770616
"30","1993","Belgium","270.8316","79.9238726","74.8242794","134.854","135.8225","1.003257321","103.2056343","221.7397","4.4021895","112.0264387","192.0957","8.12055","81.3881","22.2609",11.9407550758802
"31","1994","Belgium","279.5713","82.6305055","77.7126362","146.0842","145.711","0.983058957","106.5294752","226.4093","5.565525","110.6710143","206.607","11.04206","89.1269","33.5528",11.9502980684854
"32","1995","Belgium","286.2384","86.3252506","81.2666287","153.3766","152.489","0.955676638","108.928869","229.9332","5.0121835","109.0117575","220.2514","11.0394","100.6739","34.3243",11.9762223030543
"33","1996","Belgium","290.0209","83.5998737","79.2904211","161.0073","160.9584","0.974186847","105.4830741","234.1544","4.2369793","107.9003687","219.9651","9.31988","105.2896","32.3737",12.0069927470607
"34","1997","Belgium","301.0233","81.9655756","77.9924642","176.2878","174.1607","1.004791782","100.7033781","237.53","5.1375381","107.3789349","223.0328","11.45839","113.1664","44.1412",12.0178004722844
"35","1998","Belgium","306.9288","80.7555603","76.4304864","183.5822","182.97","1.00696085","101.3109576","244.0273","4.8177787","108.6354249","231.0157","11.12983","123.7239","42.3761",12.0071025094451
"36","1999","Belgium","317.8025","81.2746578","77.6427881","192.4846","189.1421","1","100.687383","249.3718","5.0966623","106.8234099","242.3076","12.3496","115.4957","52.5956",12.0055926730829
"37","2000","Belgium","329.6142","85.9704881","83.5751233","216.3468","213.7599","1","98.0963265","256.0685","4.3141646","103.9747857","256.3764","11.0605","136.4561","67.4975",12.0333919178373
"38","2001","Belgium","333.2387","87.1648985","84.684956","217.1693","212.145","1","100.3339939","259.3514","4.5404523","103.6166182","264.3349","12.002","144.4302","68.1072",12.0377147638536
"39","2002","Belgium","338.9267","86.1534483","83.172719","224.6581","214.3852","1","100.8603832","262.9473","6.2823529","104.8880155","273.2559","17.1669","150.6488","77.9124",12.0387338510834
"40","2003","Belgium","342.4447","85.038007","82.3236746","228.2871","217.5141","1","100.8023627","265.7428","5.9802945","104.1931677","281.2002","16.8166","154.0508","71.919",12.0541481129696
"41","2004","Belgium","354.6741","86.8157597","84.7361092","242.4258","231.232","1","98.7131423","269.6573","4.8925661","102.5476403","296.8197","14.5221","168.9212","77.7756",12.0762321966039
"42","2005","Belgium","362.9087","90.0380044","88.4991932","255.7861","246.0923","1","98.447653","272.6594","3.9286203","102.3099866","310.0376","12.1802","184.4993","84.2893",12.0945414848008
"43","2006","Belgium","372.1714","92.3678327","91.4365439","270.3675","258.746","1","99.5304874","276.64","4.155386","101.7494503","325.1515","13.5113","200.3945","91.6927",12.1088794981546
"44","2007","Belgium","385.8557","94.3854871","93.2895726","285.0648","273.1823","1","99.3665837","282.2875","4.4604357","102.0296656","343.6189","15.3269","215.6948","98.7538",12.1239972199375
"45","2008","Belgium","387.5802","98.0271017","99.4881812","290.2177","283.5769","1","102.9037879","287.6458","1.7181289","98.9866323","351.7431","6.0434","223.6842","97.121",12.1123661970277
"46","2009","Belgium","379.7482","92.6197733","91.2456346","257.4948","252.7836","1","102.7600848","290.2106","2.8216645","101.9649277","346.4728","9.7763","182.3033","83.6827",12.0549579531478
"47","2010","Belgium","390.6253","96.8587593","97.1098902","284.3749","277.2732","1","101.8247141","296.4928","2.2263033","99.7434818","363.1401","8.0846","203.0987","104.4312",12.0943575651023
"48","2011","Belgium","397.2445","101.9664246","103.7212428","297.5451","292.8699","1","103.924615","298.7038","-1.0073735","97.7925635","375.9678","-3.7874","222.2828","119.4355",12.0953463626346
"49","2012","Belgium","400.181","104.8650693","106.6571076","296.0965","290.8936","1","103.6126794","302.8186","1.0413422","97.6696729","386.1747","4.0214","218.5401","128.5483",12.1088568510283
"50","2013","Belgium","402.0188","104.8828047","106.2849436","297.1407","290.2715","1","104.4376473","306.396","1.8044696","97.7857398","392.88","7.0894","221.0323","131.9237",12.1282654006246
"51","2014","Belgium","408.3648","102.8850953","103.9117455","312.5824","306.3185","1","102.985913","308.7255","1.451204","98.1668333","403.0033","5.8484","221.1385","134.1491",12.1320243475959
"52","2015","Belgium","416.7014","100","100","324.2157","318.3068","1","100","312.3345","1.3833887","100","416.7014","5.7646","225.0002","132.7716",12.14794064956
"53","2016","Belgium","421.9797","99.2135294","98.3782798","344.3231","342.0257","1","101.2104934","316.1512","0.5613538","101.2744988","430.0853","2.4143","227.167","132.5903",12.1559348417272
"54","2017","Belgium","428.814","101.939195","101.5847108","363.161","359.8764","1","103.2211248","320.4434","0.7014042","101.1009941","445.0501","3.1216","243.6326","136.9578",12.1728936362062
"55","2018","Belgium","436.5024","104.1231808","104.5672262","367.0734","366.9908","1","102.8413992","326.3657","-0.9154206","99.8756159","460.0508","-4.2114","258.0379","138.2321",12.1802419155966
"56","2019","Belgium","446.2838","104.9417229","104.6067341","375.8426","374.1718","1","101.9642922","332.4233","0.097003","100.7231324","478.645","0.4643","259.7103","139.3919",12.1778827275822
"57","1992","Finland","127.946","96.5273988","85.2450287","22.972","25.15","0.976672335","108.431781","106.831","-4.6637258","108.9793351","86.807","-4.04844","11.3875","6.93805",11.9389236176508
"58","1993","Finland","127.099","89.1062724","79.9583613","26.801","25.492","1.126233448","90.3726039","103.605","-1.4024362","105.9832448","76.1015","-1.06727","11.029","8.91908",11.9410673688247
"59","1994","Finland","132.136","97.7025427","86.0495963","30.362","28.758","1.04121277","95.6433213","105.549","0.9157126","108.7555051","87.157","0.79811","13.6065","11.33079",11.9506153631822
"60","1995","Finland","137.708","111.1796481","93.3921891","33.019","31.113","0.960109188","105.110943","110.15","3.8782738","114.7109302","102.6435","3.9808","17.7873","12.2976",11.9765337751885
"61","1996","Finland","142.758","108.3095467","91.7768627","34.922","33.364","0.980227827","100.2298795","113.738","3.5941342","113.9277831","104.1421","3.74301","17.6504","13.8078",12.0072922053722
"62","1997","Finland","151.8","106.2839416","91.3721216","39.821","37.328","0.989052648","96.0621166","117.653","4.8038481","112.4166261","112.0335","5.38192","19.4567","17.1125",12.0181006550607
"63","1998","Finland","160.084","103.396928","87.3164255","43.354","40.491","1.006185952","95.7024161","122.347","4.8906818","115.6857875","119.7333","5.85578","21.8891","17.1373",12.0074010849101
"64","1999","Finland","167.095","98.8750544","86.0657873","48.269","42.227","1","94.6746783","125.844","6.8155315","111.4258943","126.916","8.65","22.34","17.2956",12.0058995642005
"65","2000","Finland","176.742","102.3285691","92.4478898","56.043","48.503","1","91.7293364","128.186","7.4771698","107.4447499","136.442","10.202","26.9689","22.947",12.033694682933
"66","2001","Finland","181.355","100.7815786","89.7425469","57.064","49.174","1","92.976564","131.513","8.180297","110.8588173","144.628","11.831","24.6216","23.6557",12.0380142741641
"67","2002","Finland","184.451","97.9321503","87.3354782","59.337","51.285","1","92.2957948","134.773","8.2640788","111.7215245","148.486","12.271","24.6286","23.1138",12.0390381617355
"68","2003","Finland","188.147","96.4163503","87.3539107","58.739","53.392","1","91.912371","139.174","4.8824045","109.9897411","151.749","7.409","24.5813","22.423",12.0544474243238
"69","2004","Finland","195.658","95.9780192","88.9485536","63.874","57.73","1","90.9052273","143.438","5.9354489","106.8639394","158.758","9.423","25.2843","24.1735",12.0765339230082
"70","2005","Finland","201.097","97.091287","93.1541637","68.312","64.185","1","91.9962122","147.479","3.2498011","102.0882685","164.687","5.352","26.417","26.2295",12.0948429454117
"71","2006","Finland","209.196","99.2774875","98.3307754","75.016","68.415","1","92.1829292","152.032","3.9474369","98.013705","172.897","6.825","31.2625","30.2266",12.1091788047298
"72","2007","Finland","220.282","100.2788718","99.3901858","81.758","73.465","1","90.5764724","156.335","4.0786435","98.3761513","187.072","7.63","33.5567","32.1308",12.1242967358962
"73","2008","Finland","222.009","100.0803167","101.1145152","87.155","79.317","1","94.3515402","159.32","2.7215402","97.0585092","194.265","5.287","33.1345","32.4456",12.1126692118961
"74","2009","Finland","204.083","94.1845601","93.9788866","69.625","65.835","1","99.7511291","156.774","2.0236923","99.8498331","181.747","3.678","22.7466","22.3169",12.0552984309675
"75","2010","Finland","210.585","97.762688","99.602772","73.928","69.985","1","97.4373071","159.862","1.4775995","97.061012","188.143","2.78","26.1013","26.3374",12.0946930421949
"76","2011","Finland","215.95","102.1132736","105.6976416","75.428","74.329","1","98.520146","162.989","-1.4611259","94.8512306","197.998","-2.893","28.8244","28.031",12.0956838425312
"77","2012","Finland","212.932","103.1942754","107.9546059","75.604","75.164","1","99.9198278","163.704","-2.0677786","93.7122667","201.037","-4.157","27.6501","29.2279",12.1092007365281
"78","2013","Finland","211.012","102.1581598","106.089718","76.037","75.258","1","100.4376871","163.703","-1.9660241","94.6844356","204.321","-4.017","28.0626","27.9847",12.128609444733
"79","2014","Finland","210.242","101.2420694","104.3910811","74.553","74.583","1","100.6093669","164.22","-1.4316302","95.56165","206.897","-2.962","29.0429","26.9303",12.1323798681968
"80","2015","Finland","211.385","100","100","74.845","76.047","1","100","166.689","-0.8221965","100","211.385","-1.738","29.0156","24.9357",12.1483032597908
"81","2016","Finland","217.328","97.3765095","97.6367571","77.759","80.398","1","98.9301891","169.927","-1.9966164","99.6460359","217.518","-4.343","28.1832","24.1384",12.1562934008819
"82","2017","Finland","224.266","100.4207093","101.1983402","84.619","83.866","1","95.738486","170.931","-0.8051224","98.8011299","226.301","-1.822","33.1673","27.0719",12.1732459883621
"83","2018","Finland","226.822","104.5627598","104.5865662","85.891","88.672","1","96.6859814","173.956","-1.8486949","99.6162001","233.462","-4.316","35.0368","29.1989",12.1806004632376
"84","2019","Finland","229.6","104.4016851","104.9753765","91.624","90.767","1","96.442034","175.912","-0.3185218","98.9788927","239.858","-0.764","35.9188","29.6966",12.178254123622
"85","1992","France","1537.023","90.2110628","90.4564825","256.1447","247.4319","1.044030325","98.1820751","1195.049","-0.2965562","97.680679","1083.286","-3.21255","125.612","56.9363",11.9358512597354
"86","1993","France","1527.361","91.3155616","90.2308152","257.1555","239.2191","1.011297997","103.669448","1206.659","0.7861703","98.7341842","1129.36","8.87869","117.6623","67.6016",11.9380208086096
"87","1994","France","1563.381","91.5622527","91.0443671","278.1366","260.4201","1.00351395","104.1913513","1222.116","0.4217425","98.0423104","1175.736","4.95858","133.6239","68.6619",11.9475309253224
"88","1995","France","1596.317","91.512519","91.9516596","302.7637","280.0108","0.994738984","105.9632049","1236.925","0.6419743","97.7046627","1224.716","7.86236","145.0326","84.317",11.9734708242185
"89","1996","France","1618.872","92.3947229","93.8209894","315.6859","286.8594","0.989851469","104.5083826","1262.532","1.313459","96.6833455","1265.105","16.61663","150.2986","89.328",12.004286472228
"90","1997","France","1656.694","91.7228139","93.1994523","356.8489","309.7381","1.008084371","100.2539295","1271.14","2.8310374","96.9650538","1282.41","36.30549","165.2565","101.1749",12.015069222162
"91","1998","France","1716.147","90.3856913","90.6160638","388.2964","346.5983","1.006378467","99.8214667","1303.903","2.6999118","98.1519853","1343.328","36.26866","178.385","107.6145",12.0042326431766
"92","1999","France","1774.863","89.5101701","89.5138754","408.1458","370.6889","1","98.3953321","1341.765","2.904713","98.412774","1400.999","40.695","169.3924","136.0363",12.0026207410893
"93","2000","France","1844.503","91.7661139","94.2826397","460.7376","427.6026","1","96.4959431","1383.532","1.367456","95.1780772","1478.585","20.219","196.5686","158.1422",12.0303866983024
"94","2001","France","1881.093","91.5546555","93.7896568","474.8923","437.7871","1","96.9330637","1412.361","1.8366922","95.4779316","1538.2","28.252","197.1743","163.9013",12.0346573130727
"95","2002","France","1902.453","90.2489136","90.8677616","484.3781","446.3046","1","97.7203245","1440.61","1.558921","97.1822942","1587.829","24.753","194.2841","156.5187",12.0356485464693
"96","2003","France","1918.113","88.7574113","89.3960433","479.7335","450.2929","1","98.8979928","1463.913","1.2547634","96.9554625","1630.666","20.461","198.9355","147.6337",12.0510864442521
"97","2004","France","1972.391","89.2362964","90.7052286","505.4378","478.2282","1","98.0862374","1493.485","0.8855535","96.7590008","1704.019","15.09","206.1563","157.302",12.0731574611056
"98","2005","France","2005.196","90.8370756","93.5916276","525.5321","508.4536","1","98.8537924","1524.438","0.1538022","95.546751","1765.905","2.716","205.9088","166.5918",12.0914766957159
"99","2006","France","2054.31","92.6810925","96.9575232","557.0521","536.93","1","99.4196621","1553.479","0.0422043","94.1054775","1848.151","0.78","226.4045","168.5206",12.1057849819142
"100","2007","France","2104.122","94.4344251","97.6690268","572.6005","567.8341","1","99.0571964","1590.689","-0.4887811","95.605316","1941.36","-9.489","234.876","173.4511",12.1208836397403
"101","2008","France","2109.486","97.4129244","101.4144048","575.1239","575.1875","1","100.3974787","1601.859","-0.6770295","95.0532042","1992.38","-13.489","236.1482","182.8346",12.1092094510893
"102","2009","France","2048.874","93.8480151","95.1789118","512.4466","521.3813","1","101.103049","1616.612","-0.3865893","98.1167386","1936.422","-7.486","193.2457","154.7898",12.0517170230369
"103","2010","France","2088.815","95.960399","98.6828264","557.0048","567.7452","1","102.1030898","1644.11","-0.8080033","95.9103787","1995.289","-16.122","214.5769","180.5102",12.0911877032165
"104","2011","France","2134.617","98.7448889","104.0314481","592.4519","600.8866","1","102.3454993","1656.424","-1.1805463","93.2376735","2058.369","-24.3","233.1925","195.3082",12.0921064533255
"105","2012","France","2141.301","100.1155082","105.8089885","609.2902","602.0897","1","101.5208705","1659.518","-1.1591801","92.9171151","2088.804","-24.213","231.1806","211.4628",12.1056535840859
"106","2013","France","2153.642","99.8993514","104.3719843","622.3334","616.6511","1","101.9851074","1672.844","-0.9807344","94.1625513","2117.189","-20.764","229.5105","207.6402",12.1251048203451
"107","2014","France","2174.235","99.2321846","102.400692","642.6987","646.8589","1","101.5814002","1689.044","-1.230274","95.7897763","2149.765","-26.448","232.3262","205.4599",12.1288499931768
"108","2015","France","2198.432","100","100","672.558","685.011","1","100","1711.57","-0.4954895","100","2198.432","-10.893","236.392","220.1227",12.1447883932888
"109","2016","France","2222.515","98.7242238","97.761033","684.5017","705.0734","1","101.3959695","1740.085","-0.6047547","101.1783726","2234.129","-13.511","237.4737","215.602",12.1527746676682
"110","2017","France","2273.442","99.5020148","99.8251833","714.5232","736.7089","1","102.3016907","1765.176","-0.7091547","99.5903968","2297.242","-16.291","247.017","226.7975",12.169710479369
"111","2018","France","2315.843","100.3509877","101.8411658","746.8696","759.3933","1","101.0846848","1781.531","-0.6831532","98.0765476","2363.306","-16.145","257.994","234.9702",12.1770225427291
"112","2019","France","2358.524","101.4677465","102.0895735","758.9594","777.1959","1","97.6500904","1808.952","-0.7022791","99.3307179","2437.635","-17.119","262.0922","247.8557",12.1745991540739
"113","1992","Germany","2261.464","86.8080432","90.145448","421.286","414.855","1.0329681","107.7863729","1709.187","-1.1617687","93.0873872","1647.737","-19.1429","210.342","121.124",11.9342680035912
"114","1993","Germany","2239.373","90.64862","92.5665912","396.296","387.127","0.990060486","118.2996941","1713.365","-0.9170765","95.0216189","1768.468","-16.2182","189.9575","134.6155",11.9364681119576
"115","1994","Germany","2292.937","91.7780829","92.9482525","427.676","419.02","0.983996564","120.4459288","1746.128","-1.4585554","95.7284934","1859.305","-27.119","208.1686","150.8838",11.9459550103335
"116","1995","Germany","2328.343","95.3999761","95.2555749","455.932","448.177","0.958033162","127.4580306","1776.033","-1.221729","96.9372189","1977.604","-24.161","232.7222","164.2028",11.9719300909272
"117","1996","Germany","2347.105","93.1866822","93.4217511","482.768","466.504","0.976332299","120.5769852","1809.236","-0.6706117","96.7926175","1967.957","-13.1974","237.0609","172.6444",12.0028002751263
"118","1997","Germany","2389.169","91.3907793","93.0665617","541.836","509.465","1.004371546","112.431926","1823.309","-0.5153099","95.1810591","1952.614","-10.062","251.2489","201.0201",12.0135904053805
"119","1998","Germany","2437.285","90.5583546","90.3739715","583.439","557.424","1.006800182","112.0981748","1854.093","-0.718172","98.109321","2000.814","-14.3693","274.1078","210.9127",12.0027608571171
"120","1999","Germany","2483.283","90.3897092","89.6048082","614.251","606.931","1","110.6869032","1895.872","-1.3974887","99.1126589","2059.48","-28.781","292.1198","217.8625",12.0011725961684
"121","2000","Germany","2555.609","93.0551531","96.2298473","699.162","672.384","1","108.1659057","1927.096","-1.7600956","93.8096229","2109.09","-37.122","338.5902","258.865",12.0289728933528
"122","2001","Germany","2598.581","93.6465152","96.8153206","738.777","678.096","1","105.9013909","1946.886","-0.3338489","94.1760964","2172.54","-7.253","354.8301","283.4515",12.0332368938922
"123","2002","Germany","2593.436","93.0574227","94.3415641","769.873","660.364","1","104.3734592","1932.593","1.9201863","96.760302","2198.12","42.208","360.7808","290.4783",12.0342819916189
"124","2003","Germany","2575.279","92.4991441","92.0548848","784.498","697.613","1","104.7726262","1942.488","1.427764","98.670081","2211.57","31.576","377.5546","286.8373",12.049806734901
"125","2004","Germany","2605.541","92.3510624","91.7741436","874.946","752.237","1","102.3563654","1948.645","4.5480261","98.2286231","2262.52","102.9","414.4461","317.0332",12.0719514771173
"126","2005","Germany","2624.606","93.3016814","94.3315687","933.446","797.102","1","100.0571008","1962.718","4.705525","96.3549208","2288.31","107.677","444.2442","336.1709",12.0903183268851
"127","2006","Germany","2724.772","94.2789484","96.9560181","1048.175","886","1","96.0152582","1988.005","5.8685663","94.5692371","2385.08","139.97","499.8287","382.7029",12.1045489044747
"128","2007","Germany","2805.874","94.8790508","97.0930915","1141.32","940.98","1","93.490459","1992.622","6.9506911","95.365138","2499.55","173.736","556.9401","407.0977",12.1196092383776
"129","2008","Germany","2832.807","95.8633279","99.7963381","1163.471","962.64","1","94.6282168","2016.15","5.652722","93.6399501","2546.49","143.946","561.5332","421.7219",12.1078804187822
"130","2009","Germany","2671.512","93.4794712","93.1457301","997.342","869.339","1","99.053974","2030.883","5.9569127","99.6292647","2445.73","145.69","449.852","353.1596",12.0505053561185
"131","2010","Germany","2783.178","95.6629379","97.4926256","1141.036","981.204","1","97.263375","2049.133","5.8698721","96.8196543","2564.4","150.527","514.2832","435.3462",12.0898886969024
"132","2011","Germany","2892.423","98.1662277","102.692369","1236.312","1053.084","1","96.5474509","2082.337","6.2580377","94.0607905","2693.56","168.564","564.4252","494.4721",12.0906899773104
"133","2012","Germany","2904.528","99.9244024","104.7099186","1272.236","1054.155","1","96.8832157","2112.241","7.2125188","93.7022618","2745.31","198.006","548.7306","541.7993",12.1042461777622
"134","2013","Germany","2917.238","99.3667832","103.0144724","1285.015","1082.36","1","98.646095","2125.654","6.5730343","95.4008414","2811.35","184.791","547.3763","540.6945",12.123723876217
"135","2014","Germany","2981.695","99.1707613","101.5004107","1346.639","1124.845","1","99.2458334","2151.601","7.3858641","96.9904715","2927.43","216.216","569.4758","555.558",12.1273951270894
"136","2015","Germany","3026.18","100","100","1419.906","1190.06","1","100","2198.877","8.654277","100","3026.18","261.894","603.8119","592.0107",12.1433205455695
"137","2016","Germany","3093.664","99.2645468","97.5502336","1454.978","1243.494","1","102.5699302","2262.205","8.6805923","102.2563351","3134.74","272.114","619.851","585.6376",12.1512420954059
"138","2017","Germany","3176.581","100.9588844","100.0623652","1526.257","1308.471","1","104.4596989","2295.628","8.040347","100.6667763","3267.16","262.691","664.5604","617.3862",12.1681482873456
"139","2018","Germany","3207.751","102.0486758","101.9270316","1560.193","1360.715","1","106.5697085","2325.752","8.0901217","99.6326713","3365.45","272.269","696.6171","624.1151",12.1754910405208
"140","2019","Germany","3241.644","102.5967989","101.7855031","1579.929","1399.63","1","108.0827133","2369.73","7.7049515","100.7040391","3473.26","267.613","698.4598","631.9541",12.1730790711735
"141","1992","Greece","148.1395","71.2149034","84.5780133","18.73688","25.38902","0.724948496","80.1095485","124.0726","-0.1558638","101.3529703","89.6837","-0.12005","5.2123","2.05976",11.9388796542537
"142","1993","Greece","145.7706","71.4934526","83.5365902","18.25034","25.54873","0.7881669846","82.9633263","123.8661","-0.8152913","101.4622041","92.8823","-0.65037","4.2465","3.51875",11.9410268058849
"143","1994","Greece","148.6858","72.3961484","82.2576032","19.59853","25.93137","0.8452713133","86.1237245","125.6966","1.3014233","104.2424788","98.2176","1.0978","4.5159","2.8896",11.9505797514646
"144","1995","Greece","151.8079","74.7941676","84.0313457","20.18578","28.25142","0.8891826853","91.1521635","129.9695","-3.3761105","106.3734529","104.662","-3.5335","5.0803","3.3455",11.9765042114967
"145","1996","Greece","156.1528","78.1374152","85.8679551","21.01027","31.05857","0.8966867205","92.543245","134.1451","-5.2009169","108.7177334","114.9082","-5.97628","4.9754","4.2218",12.0072649708259
"146","1997","Greece","163.155","79.2500912","86.4836795","25.86425","33.67922","0.9078650037","97.9377374","138.0245","-3.5067854","108.0486133","126.3538","-4.43096","5.0785","4.9083",12.0180778161153
"147","1998","Greece","169.5098","77.8041799","84.2254275","27.03186","39.79599","0.970597212","97.6033755","143.7559","-6.7431008","107.1631423","129.0572","-8.70246","5.2159","4.4775",12.0073819223693
"148","1999","Greece","174.7181","80.1064459","86.3770996","33.63976","45.56094","0.95602","99.9650407","148.8052","-6.5284273","106.281114","139.9434","-9.13611","6.2285","4.1576",12.0058840432683
"149","2000","Greece","181.5666","82.5056245","90.6010187","41.10212","54.75519","0.98791","95.8518668","152.9107","-9.0194232","105.7527167","142.9759","-12.8956","7.0175","5.6609",12.0336851291597
"150","2001","Greece","189.0683","84.2813583","91.7907774","41.15152","55.29805","1","94.9984119","158.8256","-9.2666168","105.3495259","152.1938","-14.10322","7.3449","5.4181",12.0379990659192
"151","2002","Greece","196.4852","86.2058812","92.5545472","38.13734","53.40011","1","101.6755147","166.0745","-8.8084565","106.0578797","163.4608","-14.39837","6.8793","5.2419",12.0390144581919
"152","2003","Greece","207.8706","87.6373512","92.4827309","37.85734","57.34822","1","103.7095469","173.0253","-10.9627405","105.1878231","178.9049","-19.61288","7.4089","5.1076",12.0544091688804
"153","2004","Greece","218.3909","89.3823344","94.4300791","44.88011","59.88164","1","104.1493953","179.4513","-8.6872771","104.7253253","193.7158","-16.82863","7.8944","5.4717",12.0764907938572
"154","2005","Greece","219.6994","91.5567369","97.6156047","46.37887","60.39309","1","112.1579351","185.5984","-9.5047282","103.7490989","199.2423","-18.93744","8.4804","6.3765",12.094808293141
"155","2006","Greece","232.1177","94.535569","100.8461774","48.79648","68.43128","1","110.2270802","192.4948","-12.3000537","104.146255","217.8616","-26.79709","10.3572","6.7736",12.1091367141243
"156","2007","Greece","239.7167","97.0832121","103.0554142","53.97787","79.03773","1","111.2688659","200.9477","-15.5834134","104.5084784","232.6946","-36.26176","11.312","8.0055",12.1242615839762
"157","2008","Greece","238.9132","101.2181032","108.6884763","55.85241","80.08159","1","115.1051921","205.2914","-15.8491914","104.0777661","241.9904","-38.35352","11.9335","9.2942",12.1126382794201
"158","2009","Greece","228.6382","99.0776753","107.1131835","45.50892","63.78185","1","119.3569361","203.6465","-12.5118878","100.2286969","237.5342","-29.72001","9.5003","8.5151",12.0552508445547
"159","2010","Greece","216.1129","102.3754647","106.976196","47.72119","61.59374","1","118.5506179","191.5915","-10.3952263","96.1288708","224.124","-23.2982","10.6176","10.5435",12.0946827434877
"160","2011","Greece","194.1789","107.9054914","114.4411965","48.02611","55.68389","1","121.0778653","175.8058","-9.3238286","97.0155125","203.3082","-18.95611","11.6254","12.6169",12.0957243617974
"161","2012","Greece","180.418","110.5715262","119.2931397","48.96871","52.61492","1","116.6735525","163.6408","-4.0993809","96.7427264","188.3806","-7.72244","11.3699","16.1085",12.1092604369118
"162","2013","Greece","175.8787","109.0163181","115.7167732","49.84396","50.78517","1","108.0422933","156.8891","-1.643628","98.2210102","179.8844","-2.95663","11.8554","15.3676",12.1286727144359
"163","2014","Greece","176.7154","106.7119379","111.2915332","53.95476","54.21115","1","105.2388493","156.3192","-1.3490263","99.5981858","177.236","-2.39096","12.1232","14.9619",12.132440017357
"164","2015","Greece","176.3689","100","100","56.66231","58.46721","1","100","156.8737","-1.4486344","100","176.3689","-2.55494","12.9288","12.8248",12.1483650887624
"165","2016","Greece","175.5096","96.7523036","95.6256783","56.42738","59.72766","1","100.5292789","156.0997","-2.2506539","99.2825398","174.4942","-3.92726","13.2571","12.1886",12.1563666528178
"166","2017","Greece","177.4265","101.2188597","100.8061802","61.23018","64.13206","1","100.4475143","158.6998","-2.1115765","100.5169054","176.9034","-3.73545","14.3764","14.4863",12.1733266561076
"167","2018","Greece","180.3867","104.7922311","106.5983089","66.81293","69.3264","1","97.5163835","159.5854","-3.5087778","99.2781602","179.5577","-6.30028","16.4807","16.9916",12.1806798489223
"168","2019","Greece","183.7858","104.9437638","107.3681065","70.07758","71.33746","1","95.3582041","162.6827","-2.3168485","97.8800386","183.3512","-4.24797","17.7438","16.1209",12.1783326315001
"169","1992","Ireland","77.2149","75.2005142","71.7197708","33.5556","30.8073","0.965912612","130.0390789","54.101","0.3582483","101.7208039","43.2047","0.1485","16.8143","4.8598",11.9390340561245
"170","1993","Ireland","79.294","76.391024","71.3022249","36.8101","33.1319","1.015729515","130.2151763","55.3098","3.6754374","104.2065849","44.3758","1.5646","17.5819","7.338",11.9411712148435
"171","1994","Ireland","83.858","77.1408989","73.5860888","42.3808","38.2627","1.007686994","130.5014102","57.692","2.9005562","101.5126209","48.1061","1.3386","20.8383","7.7908",11.950719240123
"172","1995","Ireland","92.0811","76.4771155","74.3016316","50.8366","44.5411","1.035503146","123.9418453","59.737","2.648253","99.1581889","52.8813","1.4004","25.2737","8.5444",11.9766294365162
"173","1996","Ireland","98.8763","78.2496373","75.9736787","57.1513","50.2618","1.007471139","125.0860148","63.3467","2.9405178","99.7036907","59.7015","1.7555","27.1104","10.5369",12.0073814212328
"174","1997","Ireland","109.7742","83.9422814","81.2471024","67.1804","58.6274","0.949149529","127.8307229","67.681","2.7549422","100.280713","73.1189","2.0144","32.4134","14.6292",12.0181851793607
"175","1998","Ireland","119.3972","82.3693975","78.9920229","82.4776","74.9116","0.998325215","127.9030304","73.0085","0.625146","100.6527768","80.5657","0.5037","39.7768","17.6044",12.0074837964841
"176","1999","Ireland","131.9696","84.0195765","80.7448976","95.4858","84.3625","1","124.9987621","79.2744","-0.0388617","100.1546803","92.7905","-0.0361","30.3279","36.5134",12.0059710777878
"177","2000","Ireland","144.3794","88.4986375","85.146346","115.7172","102.6578","1","123.9620659","87.1374","0.6136488","98.1498624","108.4953","0.6658","37.2446","46.5722",12.0337587656678
"178","2001","Ireland","152.0399","88.1234907","83.7182202","131.927","116.1073","1","128.9274934","92.3704","0.1791477","99.1369441","122.0892","0.2187","38.0031","54.4881",12.0380720723759
"179","2002","Ireland","161.0093","87.5696277","81.4725558","140.4704","122.3056","1","127.7946168","96.4528","0.2469824","103.9280563","135.9976","0.3359","39.1486","54.1947",12.03908433281
"180","2003","Ireland","165.8622","85.2263384","80.1270561","138.0855","119.3489","1","135.1283628","99.1977","0.4921332","102.747883","145.5764","0.7164","36.3104","45.6868",12.0544906456514
"181","2004","Ireland","177.1217","85.4931118","84.9411513","147.0892","121.6213","1","135.1827618","102.4255","-0.0981631","92.7254264","156.2603","-0.1534","37.8887","46.3528",12.0765690889389
"182","2005","Ireland","187.2877","87.2971118","85.2778803","155.1495","137.0953","1","139.5312404","108.8938","-3.5379627","96.6587445","170.3068","-6.0254","40.8838","47.2582",12.0948686683913
"183","2006","Ireland","196.6293","88.8232418","87.6001434","164.538","149.8476","1","143.1034596","115.3935","-5.3532075","94.158571","184.9162","-9.899","39.3321","47.2604",12.1092018799284
"184","2007","Ireland","207.0706","88.905469","87.2656258","179.1842","163.8603","1","147.0552206","123.0668","-6.5095088","96.1191708","197.0694","-12.8283","39.6578","49.0274",12.1243206309068
"185","2008","Ireland","197.7854","91.6300698","89.0075812","172.3691","159.2952","1","159.4112841","123.5064","-6.2546314","97.5652356","187.283","-11.7139","38.0256","47.4513",12.1127135362493
"186","2009","Ireland","187.7067","87.9225422","86.647791","180.3817","156.5829","1","150.5554588","117.785","-4.6693921","99.2585024","169.5197","-7.9155","37.5275","45.587",12.0553301659347
"187","2010","Ireland","190.8657","90.4002431","92.1422398","191.1718","157.473","1","136.9887061","116.4255","-1.1941952","91.5433415","167.3914","-1.999","37.4769","51.1836",12.0947297792055
"188","2011","Ireland","192.4572","89.9445942","89.8559337","197.1149","161.6339","1","132.0111054","114.7461","-1.6369587","97.0099958","171.7032","-2.8107","38.9597","52.5947",12.095727566068
"189","2012","Ireland","192.4466","93.7991504","95.5276729","195.4942","159.9934","1","128.7942048","113.3977","-3.3786384","97.0613819","175.6154","-5.9334","39.6677","52.8126",12.1092383510863
"190","2013","Ireland","194.6129","92.7049535","94.5767314","201.339","161.7292","1","128.7178937","112.9363","1.553498","97.7144977","179.4576","2.7879","36.3025","51.6316",12.1286389775036
"191","2014","Ireland","211.4457","93.1131903","96.9114224","230.7203","185.4456","1","120.9950038","116.0351","1.0729053","92.6024193","195.0853","2.0931","36.5087","54.7083",12.1323777086041
"192","2015","Ireland","262.9759","100","100","321.0837","245.4453","1","100","119.5594","4.3940527","100","262.9759","11.5553","43.6388","67.6202",12.1482121572348
"193","2016","Ireland","268.2529","97.9054771","98.0964635","335.8626","292.0921","1","105.6063176","125.0237","-4.2088324","101.9858702","270.2053","-11.3725","44.4524","73.7779",12.1562041901387
"194","2017","Ireland","292.41","97.8605204","99.7325484","368.2218","295.5376","1","103.1225399","128.6154","0.489681","97.2968754","297.7632","1.4581","46.1228","75.6368",12.1731286180405
"195","2018","Ireland","317.3454","99.1911799","101.70311","404.3235","302.8278","1","98.5807099","134.0613","4.8999196","92.619899","326.6313","16.0047","54.1335","85.5038",12.1804456865158
"196","2019","Ireland","334.612","100.8678255","102.9322656","452.228","430.9951","1","97.4897198","138.9354","-19.8402852","95.4924314","356.7046","-70.7712","56.0481","95.4674",12.1780741502763
"197","1992","Italy","1442.554","74.0787191","68.2216485","241.5543","263.8206","0.824014729","108.4120045","1176.395","-2.3012533","103.492005","1018.154","-23.353","84.6958","52.0456",11.9360575358448
"198","1993","Italy","1430.509","71.2491593","68.4832936","261.0677","232.205","0.95091542","92.9068776","1146.801","0.840019","103.2054675","909.451","7.61436","82.5661","61.1991",11.9382318292581
"199","1994","Italy","1460.181","71.2468772","69.2663606","284.5166","248.984","0.989045433","89.6347847","1156.353","1.1520149","102.0616029","925.053","10.62159","92.5275","67.1041",11.9477536474286
"200","1995","Italy","1499.355","69.7009557","69.7017362","317.9771","270.7988","1.100125499","79.915253","1160.57","1.9271977","100.1756744","898.3","17.31202","102.3836","75.6034",11.9736747272696
"201","1996","Italy","1518.349","75.9722145","74.0856551","322.5511","267.5458","1.011718407","90.9489483","1171.03","2.8105906","101.7987662","1033.759","29.05472","110.1608","87.5608",12.0044914488357
"202","1997","Italy","1546.138","78.1468264","75.868185","338.7918","295.3417","0.996400295","93.9614765","1202.721","2.6028114","102.5222167","1096.304","28.53472","116.5281","95.4702",12.0152922373144
"203","1998","Italy","1574.132","78.4674122","74.0900731","347.9193","322.0281","1.003806287","90.8994945","1238.831","1.6540457","106.2616805","1134.538","18.76577","124.6692","94.5823",12.0045222295236
"204","1999","Italy","1599.723","79.1381641","74.8040357","344.5157","336.5027","1","90.2591094","1268.373","0.8008683","106.30931","1175.15","9.4114","126.6211","94.3995",12.0029784373988
"205","2000","Italy","1660.304","82.3960272","82.3643708","386.1492","373.4871","1","87.9442302","1304.156","-0.2732312","99.7639492","1241.513","-3.3922","143.6028","116.8104",12.0307525929021
"206","2001","Italy","1692.703","84.4526718","83.129103","396.0777","382.5665","1","88.9736449","1326.915","0.1541326","101.5156894","1304.137","2.0101","149.8628","123.1271",12.0350299367196
"207","2002","Italy","1697.001","85.6078876","83.0065757","384.9692","384.7194","1","90.9728263","1330.695","-0.4981859","103.3562958","1350.259","-6.7268","147.184","121.8794",12.0360545083093
"208","2003","Italy","1699.354","85.5313131","82.2159397","379.9709","387.5656","1","94.7256077","1341.983","-0.7869401","103.6673134","1394.693","-10.9754","148.4789","116.1368",12.051512073931
"209","2004","Italy","1723.546","86.4697721","83.9253343","403.2615","405.2893","1","96.0484568","1353.931","-0.4820704","102.2348358","1452.319","-7.0012","158.0048","126.4085",12.0736310474352
"210","2005","Italy","1737.642","88.2800895","88.0005009","416.2327","419.2325","1","96.8951548","1369.976","-0.8832277","98.7876306","1493.635","-13.1922","166.2891","133.634",12.0919766381736
"211","2006","Italy","1768.757","90.1445357","92.6083739","450.823","452.5973","1","98.338695","1382.201","-1.4756743","95.2233183","1552.687","-22.9126","185.6133","146.3998",12.1063109696693
"212","2007","Italy","1795.059","92.2873996","93.7216272","478.762","477.2829","1","98.5736016","1396.292","-1.3672378","96.312113","1614.84","-22.0787","203.7394","161.0045",12.1214443920991
"213","2008","Italy","1777.791","94.8967988","98.782406","463.5894","458.0755","1","101.1316188","1388.841","-2.7957206","92.9797505","1637.699","-45.7855","201.0117","168.0038",12.1098183183256
"214","2009","Italy","1683.907","92.7289482","91.229204","380.9944","397.9844","1","103.1779345","1372.855","-1.8866881","99.9217917","1577.256","-29.7579","155.3698","136.3637",12.0524265747552
"215","2010","Italy","1712.757","94.8820975","97.2100323","425.8053","446.4066","1","103.208084","1386.002","-3.2978762","95.7073028","1611.279","-53.138","177.9472","159.4604",12.0918905244171
"216","2011","Italy","1724.872","98.7029817","103.8387164","448.8834","448.9209","1","103.0261708","1379.536","-2.8287634","92.1285174","1648.756","-46.6394","195.3921","180.512",12.0928715056889
"217","2012","Italy","1673.455","100.6494673","107.4140521","458.0061","412.4708","1","102.0547233","1334.625","-0.2348927","91.0330547","1624.359","-3.8155","192.911","197.2713",12.1065153235391
"218","2013","Italy","1642.646","100.4487733","105.4243528","459.7199","401.3253","1","101.7894833","1306.241","1.1044108","92.8116701","1612.751","17.8114","190.2337","199.9991",12.126027879799
"219","2014","Italy","1642.571","100.4188937","102.7497217","471.7426","415.1802","1","100.8125207","1305.951","1.8950961","96.0130777","1627.406","30.8409","197.8844","200.986",12.1298067809029
"220","2015","Italy","1655.355","100","100","491.905","442.0161","1","100","1322.28","1.4189041","100","1655.355","23.4879","203.6176","208.6738",12.1457502639721
"221","2016","Italy","1676.766","99.2530157","96.1259487","501.0815","459.3744","1","100.6785727","1336.93","2.5918647","103.9536813","1695.787","43.9525","210.9964","206.2727",12.1537335834655
"222","2017","Italy","1704.733","101.0215919","99.3104638","528.3225","487.3566","1","100.3394437","1352.388","2.551646","101.9582405","1736.593","44.3117","227.1022","222.0271",12.170692945034
"223","2018","Italy","1720.515","102.9195438","101.7267964","539.6391","504.1127","1","100.3034009","1362.247","2.6041904","100.7239592","1771.391","46.1304","239.2828","226.0428",12.1780434813789
"224","2019","Italy","1728.829","103.5856242","101.4875223","548.1305","500.5841","1","99.4454101","1362.454","3.3072134","102.2876311","1796.649","59.419","245.4472","234.9049",12.1756816161337
"225","1992","Netherlands","436.7273","82.7850915","85.3235509","180.9118","159.9008","1.032268311","94.7783496","325.0084","2.2564378","93.7063771","280.59","5.86475","94.4086","12.399",11.9382511566471
"226","1993","Netherlands","442.2194","84.4394718","87.1210017","188.0913","160.5311","0.987067264","99.4311951","329.0766","4.4030535","93.7133283","301.876","12.31223","93.0515","16.4839",11.9403825679724
"227","1994","Netherlands","455.3139","85.6166065","88.0696919","204.3981","175.0334","0.979380227","100.2818864","335.601","5.2546475","94.1736992","319.716","15.56188","105.8379","17.0444",11.9499197222313
"228","1995","Netherlands","469.5017","88.6948992","90.7963308","223.2208","192.8146","0.952443833","102.1804136","344.372","4.1311255","95.237019","346.002","14.29376","109.0159","30.0342",11.9758378613753
"229","1996","Netherlands","485.9283","87.6177616","89.7530158","232.4742","203.0426","0.970967142","98.6873006","354.685","4.0940152","95.3843558","354.93","14.53087","131.6465","31.8774",12.00659423137
"230","1997","Netherlands","506.9644","87.0850361","88.1667508","254.9699","225.2258","1.00322184","95.6003613","368.4461","4.0835018","96.4727979","367.861","15.0216","144.8697","38.3976",12.0173860459618
"231","1998","Netherlands","530.6088","85.3868169","85.3670494","272.0498","244.0091","1.007237794","96.5687007","387.3746","2.6345756","97.9120527","391.462","10.31335","150.6591","40.2054",12.0066475357077
"232","1999","Netherlands","557.3199","84.7278945","85.3338781","296.5694","267.8795","1","96.6534027","406.1516","3.3214212","97.3826741","419.459","13.932","146.5141","58.5708",12.0051047412948
"233","2000","Netherlands","580.7031","89.51661","90.221536","333.4297","298.0364","1","97.133339","420.6075","3.939762","96.8865627","452.007","17.808","178.1373","74.2769",12.0328944344605
"234","2001","Netherlands","594.2158","90.1526557","89.5264021","338.3406","305.4082","1","98.1645317","432.2029","2.2125795","98.902078","481.881","10.662","181.966","75.7996",12.0371999148901
"235","2002","Netherlands","595.5069","88.5166771","87.2280834","340.5302","306.2672","1","100.9598476","441.3376","2.34387","100.278948","501.137","11.746","179.8827","78.2161",12.0382281941095
"236","2003","Netherlands","596.4337","87.6628701","86.3721103","346.8002","312.5106","1","102.8586863","444.6979","3.706051","101.0028132","512.81","19.005","184.1222","77.5575",12.0536552222179
"237","2004","Netherlands","608.2726","88.3937875","87.471369","375.282","332.4059","1","101.6002895","446.3534","4.5283646","100.3433281","529.286","23.968","200.7486","86.5874",12.0757508156016
"238","2005","Netherlands","620.7476","91.0952317","89.875155","396.8989","350.4472","1","100.3184327","450.8408","4.855296","100.7011909","550.883","26.747","231.2231","95.4166",12.0940609344451
"239","2006","Netherlands","642.2316","93.6953326","92.3342239","425.368","377.2567","1","99.643875","462.1229","5.9497456","100.7960897","584.546","34.779","258.0538","111.1955",12.1083833315626
"240","2007","Netherlands","666.4619","95.0219073","93.8993812","448.1461","406.7322","1","100.2548185","472.6898","4.2728168","100.5993917","619.17","26.456","277.3379","124.5631",12.1234894100164
"241","2008","Netherlands","680.9263","99.1899679","98.175627","455.3918","403.8823","1","102.4927299","480.5625","2.2413543","100.2099409","647.198","14.506","304.6218","129.0998",12.1118291134382
"242","2009","Netherlands","655.9576","93.472943","91.71187","416.038","372.3531","1","105.2264669","482.2228","2.8075898","101.3551473","624.842","17.543","247.786","109.176",12.054422363989
"243","2010","Netherlands","664.7654","97.7366077","97.6272236","456.5086","404.084","1","103.9321128","484.1572","5.8575972","98.8024515","639.187","37.441","302.0023","131.1708",12.0938465314214
"244","2011","Netherlands","675.0771","102.2872818","103.766435","480.0607","419.7282","1","104.707053","483.6342","6.9011115","97.1677538","650.359","44.882","333.7472","145.4921",12.094828955855
"245","2012","Netherlands","668.1214","104.7256288","106.2122393","495.7048","428.8978","1","104.2458372","478.087","7.4192224","97.1669886","652.966","48.445","346.5523","163.5455",12.1083645688343
"246","2013","Netherlands","667.2517","103.8565168","104.9385287","507.9903","438.4824","1","103.9945285","475.1875","8.0019623","97.6144878","660.463","52.85","340.2973","165.3542",12.1277874630457
"247","2014","Netherlands","676.7493","101.8911095","103.0401427","531.0856","452.806","1","102.8871801","477.2819","8.7540949","97.633146","671.56","58.789","340.1553","166.1835",12.1315425445234
"248","2015","Netherlands","690.008","100","100","570.353","518.594","1","100","483.17","5.2035629","100","690.008","35.905","341.8813","172.4276",12.1474577574287
"249","2016","Netherlands","705.131","97.1560769","96.5975528","579.868","508.34","1","101.7602734","488.976","7.1138455","100.9632369","708.337","50.39","342.735","173.1999",12.1554385355872
"250","2017","Netherlands","725.6567","99.6753551","99.3252015","617.5579","539.8056","1","102.4830541","497.2976","8.9181544","100.680573","738.146","65.829","383.375","193.7121",12.1723820772856
"251","2018","Netherlands","742.7888","101.7287441","101.5089908","644.3007","565.3017","1","102.9301718","507.2837","9.3195364","100.4967463","773.987","72.132","406.5506","209.0502",12.1797179432337
"252","2019","Netherlands","757.3147","102.1337322","101.3331789","657.0572","583.5789","1","103.702791","515.1996","6.9193351","101.3710348","813.055","56.258","413.6513","219.4056",12.1773493793961
"253","1992","Portugal","138.365","82.5440585","92.9930064","23.6119","29.1064","0.871468261","96.5076466","112.0423","-6.9393847","93.6666215","83.3587","-5.15722","11.4341","3.05092",11.9389009346211
"254","1993","Portugal","137.414","77.8602348","86.5754855","23.9197","28.6599","0.9395851","94.5802808","112.7012","-5.5338962","94.8005614","80.8579","-3.9893","10.5295","2.61158",11.9410449603045
"255","1994","Portugal","139.4603","77.9700187","85.3051589","26.4228","31.6877","0.982113107","93.6098922","113.9905","-7.2442668","96.3597387","83.8715","-5.41692","12.071","3.11143",11.9505996029727
"256","1995","Portugal","142.678","81.179559","86.9920777","30.0133","34.6778","0.978167616","98.9198814","116.0425","-3.4433108","98.7179386","91.0156","-3.13395","13.9516","3.2899",11.9765233545371
"257","1996","Portugal","147.6778","80.8626835","88.5554991","31.7241","36.7294","0.976451751","101.9124856","119.9631","-4.4924203","94.0932282","96.627","-4.34089","15.6231","3.5809",12.0072822024333
"258","1997","Portugal","154.1769","82.4044472","89.6554432","34.0418","40.5029","0.990557756","103.1245086","123.7636","-6.1626804","94.8098103","103.3064","-6.36644","17.0711","4.0529",12.0180958743122
"259","1998","Portugal","161.5897","82.1935898","87.0081586","36.8054","46.431","1.006050418","104.9879363","130.1872","-7.62469","96.4306501","110.6837","-8.43929","18.1353","3.9799",12.0073980238643
"260","1999","Portugal","167.9023","83.1248301","87.0297153","38.1033","50.618","1","105.6323728","136.5377","-8.786195","96.6516699","119.6033","-10.50858","16.6259","6.4001",12.0058979205173
"261","2000","Portugal","174.3098","87.5867039","94.3458484","41.3519","53.4211","1","107.0283609","141.7538","-10.8133236","94.3214705","128.4145","-13.88587","18.6564","7.722",12.0336994991915
"262","2001","Portugal","177.6978","88.0633825","94.7459891","42.3025","53.9607","1","109.4439246","143.8603","-10.0946632","94.8118528","135.775","-13.70603","19.1303","7.7879",12.038021484952
"263","2002","Portugal","179.0677","88.3104756","93.3497165","43.7029","53.8072","1","110.6142772","146.1341","-8.581336","95.8954796","142.5543","-12.23306","19.4527","7.9458",12.0390487649412
"264","2003","Portugal","177.4015","87.1544887","91.8774961","45.8665","53.6907","1","113.0281723","146.3559","-6.6455619","95.2176951","146.0679","-9.70703","19.8876","8.1865",12.054468265434
"265","2004","Portugal","180.5747","88.6871586","93.8118711","47.4958","57.6743","1","111.8985891","150.1717","-8.2056237","94.6400604","152.2484","-12.49293","20.2962","8.4734",12.0765625382129
"266","2005","Portugal","181.9865","90.1812711","96.4757667","47.6182","58.9345","1","113.9091097","152.9516","-9.7863108","93.5683637","158.5527","-15.51646","22.4335","8.7037",12.094878542913
"267","2006","Portugal","184.9439","94.2617856","100.1651375","53.5449","63.3896","1","112.6675696","154.6293","-10.0439028","94.4908769","166.2605","-16.69904","25.4123","10.2283",12.1092233363904
"268","2007","Portugal","189.5796","96.0443813","101.5906401","56.9951","66.9385","1","111.3045296","157.8439","-9.7100011","94.959321","175.4834","-17.03944","27.2312","11.0628",12.1243522654064
"269","2008","Portugal","190.1849","98.6468913","106.821678","56.7575","68.432","1","111.5664779","159.7691","-12.1716871","92.1712527","179.1028","-21.79983","26.8021","12.0452",12.1127274432424
"270","2009","Portugal","184.2471","93.7753167","96.8619549","51.0558","61.9341","1","111.938666","157.772","-9.7661371","96.9904396","175.4164","-17.13141","22.1177","9.5792",12.0553368700243
"271","2010","Portugal","187.4487","96.8618033","101.4569468","55.7575","66.7657","1","110.6382399","160.1387","-10.3388004","96.2608741","179.6108","-18.5696","26.0776","11.1904",12.0947361449315
"272","2011","Portugal","184.2692","101.8096244","108.6412778","59.5952","62.639","1","108.0242373","154.2664","-5.0625689","94.0843298","176.0962","-8.91499","29.6553","13.1729",12.0957428046843
"273","2012","Portugal","176.7929","103.4959811","109.7159323","61.4311","58.7075","1","102.6359019","146.661","-1.7690543","94.9189255","168.2956","-2.97724","29.7399","15.473",12.1092670928963
"274","2013","Portugal","175.1617","102.5365508","106.8304712","65.8556","61.4553","1","103.5713823","144.7875","1.0336128","96.5875389","170.4923","1.76223","30.6625","16.6405",12.1286740056017
"275","2014","Portugal","176.5493","101.3183057","104.5431991","68.6897","66.3231","1","101.4517236","147.2732","-0.1413896","97.3944792","173.0537","-0.24468","31.1008","16.9528",12.1324403153434
"276","2015","Portugal","179.7132","100","100","72.9907","71.662","1","100","149.8904","-0.0104611","100","179.7132","-0.0188","32.7153","16.9187",12.1483591837973
"277","2016","Portugal","183.3424","98.3790287","96.8046826","76.2247","75.2539","1","101.4717425","153.1631","0.6426839","100.8580042","186.4898","1.19854","34.0513","15.9874",12.1563529327643
"278","2017","Portugal","189.7711","101.3132712","100.4769819","82.6318","81.3511","1","103.5518905","155.7625","1.0013003","99.7568007","195.9472","1.96202","37.1421","17.876",12.1733053966691
"279","2018","Portugal","195.1783","103.598449","103.2801258","86.0474","85.3934","1","105.1607221","159.1846","0.2520273","98.9997244","205.1841","0.51712","40.3799","17.47",12.1806545619202
"280","2019","Portugal","200.4144","104.1505446","102.9992517","89.554","89.614","1","105.6377538","164.0117","0.1322078","99.387222","214.3746","0.28342","42.3675","17.5353",12.1783041372024
"281","1992","Spain","687.783","76.191357","79.4908147","103.5515","121.3414","0.796494897","114.4825174","552.4951","-3.6903567","98.855315","487.391","-17.0961","36.2465","13.0936",11.9377040764157
"282","1993","Spain","680.69","71.0674103","74.9791023","111.6669","114.9988","0.896253291","106.2915108","547.6207","-1.2027059","98.0027471","448.12","-5.1228","35.498","18.0713",11.93986402599
"283","1994","Spain","696.911","69.7228452","74.4419413","130.2818","128.1635","0.955119421","100.8480387","552.8616","-1.6123813","96.8003253","447.229","-6.8541","42.9699","18.6565",11.9493993678013
"284","1995","Spain","716.127","71.9993353","75.7939195","142.531","142.35","0.97964973","100.3217387","563.256","-1.24797","98.5063207","470.156","-5.8674","50.8271","23.5574",11.9753202682951
"285","1996","Spain","735.18","74.4059805","76.9493359","156.744","152.751","0.966114938","100.8165632","575.356","-0.8554731","99.6851631","506.361","-4.3318","57.287","26.8719",12.0060869727938
"286","1997","Spain","762.4","74.5655108","77.009275","179.3","172.438","0.99700095","98.6499165","591.359","-0.7250591","99.7973848","520.83","-3.7763","60.7176","28.1293",12.0168717804623
"287","1998","Spain","795.893","74.4853418","74.7327265","193.907","196.653","1.004796077","99.9393433","616.268","-1.6813161","102.5295139","553.339","-9.3034","71.0016","28.8775",12.0061076689528
"288","1999","Spain","831.633","74.9113606","75.3665453","209.557","223.574","1","99.8513256","644.467","-3.2387536","101.9577266","595.723","-19.294","64.056","33.9291",12.0045456329776
"289","2000","Spain","875.26","79.9581733","83.3548324","231.431","244.972","1","99.9877216","673.171","-4.3096329","97.874025","647.851","-27.92","81.0036","43.7806",12.0323105121319
"290","2001","Spain","909.684","81.1909176","83.1927412","240.554","253.926","1","100.2591246","699.207","-4.3750794","99.3455565","700.993","-30.669","85.2975","44.9607",12.0365772132015
"291","2002","Spain","934.527","81.5801554","81.272411","243.976","263.264","1","101.1638299","721.812","-3.7299614","101.7862462","749.552","-27.958","86.6785","46.2393",12.0375596758479
"292","2003","Spain","962.394","81.3718429","79.9972058","252.682","279.146","1","102.395892","742.758","-3.8832507","102.2559994","802.266","-31.154","91.1758","46.8606",12.0529446126213
"293","2004","Spain","992.447","82.8660105","81.7295097","263.558","306.133","1","104.4230198","776.596","-5.4823099","101.2380036","859.437","-47.117","96.0996","50.7151",12.0750211335535
"294","2005","Spain","1028.692","86.2613158","84.3498045","268.541","327.44","1","106.1051323","811.226","-7.2547034","102.2113325","927.357","-67.277","99.2248","55.6217",12.0933001511203
"295","2006","Spain","1070.896","90.0928385","87.6410044","281.241","354.333","1","108.6964428","845.233","-8.8509628","102.71604","1003.823","-88.848","107.8018","62.4091",12.1075952644348
"296","2007","Spain","1109.499","92.3560922","89.0730842","302.607","383.53","1","110.8946159","879.431","-9.432015","103.1336742","1075.539","-101.445","116.7981","68.0231",12.1226871253516
"297","2008","Spain","1119.341","94.8123149","92.9482404","299.864","362.406","1","116.2259748","887.075","-8.9032312","100.3940055","1109.541","-98.785","119.8604","71.5273",12.1110258875273
"298","2009","Spain","1077.219","92.2349597","86.4382794","267.365","296.076","1","114.3376835","872.231","-4.0880071","106.0923155","1069.323","-43.714","103.6513","59.3388",12.0536049561796
"299","2010","Spain","1078.974","95.4694321","92.0334956","291.597","314.429","1","113.0301053","878.123","-3.6554182","103.0988472","1072.709","-39.212","119.9357","71.9762",12.0930738956552
"300","2011","Spain","1070.187","99.6040338","99.5732183","315.431","312.572","1","110.4333895","862.274","-2.723445","98.4608908","1063.763","-28.971","132.3599","87.8634",12.0940926825548
"301","2012","Spain","1038.521","101.8700865","102.9585537","318.381","294.333","1","104.6226893","831.662","0.0860243","98.0089318","1031.104","0.887","131.7543","98.0479",12.1076836408382
"302","2013","Spain","1023.947","101.2072665","100.8658436","332.321","293.702","1","102.9470241","809.536","2.0386469","98.9778071","1020.677","20.808","134.0883","105.226",12.1271443540253
"303","2014","Spain","1038.239","99.4904466","99.9786402","347.363","313.673","1","101.7912561","818.489","1.6983211","98.3353257","1032.608","17.537","138.8218","105.4652",12.1308932321524
"304","2015","Spain","1078.092","100","100","362.356","329.598","1","100","840.632","2.0246881","100","1078.092","21.828","146.9491","107.6505",12.1467716698076
"305","2016","Spain","1110.842","98.8347882","98.4127922","381.819","338.33","1","99.6770668","859.754","3.1738483","100.0553008","1114.42","35.37","154.3991","107.6422",12.1547269778413
"306","2017","Spain","1143.898","101.372182","101.439275","402.862","361.293","1","100.2991541","881.505","2.7706857","99.6982191","1162.492","32.209","168.1725","114.9221",12.1716608637092
"307","2018","Spain","1170.03","103.2392112","103.9820593","409.822","375.459","1","100.1678736","897.639","1.8781269","98.978103","1203.859","22.61","174.671","118.7877",12.178986591359
"308","2019","Spain","1193.243","103.7894847","104.6958282","418.896","380.295","1","101.946571","909.096","2.1066821","99.05334","1245.513","26.239","178.369","119.9679",12.1766013811404
