"";"reporter";"year";"sum";"qt";"tech"
"1";"Austria";1988;10830008213;15443378380;"PRIM"
"2";"Austria";1989;11651382472;15800862650;"PRIM"
"3";"Austria";1990;15539442796;17407173375;"PRIM"
"4";"Austria";1991;15620636455;18041834658;"PRIM"
"5";"Austria";1992;16293023826;19195196168;"PRIM"
"6";"Austria";1993;14573529354;18491151607;"PRIM"
"7";"Austria";1994;16629409948;19088163190;"PRIM"
"8";"Austria";1995;19731196671;20380397041;"PRIM"
"9";"Austria";1996;19636773332;21728584199;"PRIM"
"10";"Austria";1997;18250520321;17905729456;"PRIM"
"11";"Austria";1998;18760875766;17116221767;"PRIM"
"12";"Austria";1999;18471114539;16539780137;"PRIM"
"13";"Austria";2000;18947798195;16251429281;"PRIM"
"14";"Austria";2001;19894892152;17362635727;"PRIM"
"15";"Austria";2002;20984180778;18266904580;"PRIM"
"16";"Austria";2003;28068542126;23896193222;"PRIM"
"17";"Austria";2004;32521376698;23710136936;"PRIM"
"18";"Austria";2005;37658300385;25954997009;"PRIM"
"19";"Austria";2006;44492987910;27391590559;"PRIM"
"20";"Austria";2007;51887267337;29400267343;"PRIM"
"21";"Austria";2008;60033783113;28173319969;"PRIM"
"22";"Austria";2009;46109217379;27828608302;"PRIM"
"23";"Austria";2010;52360114946;27057850692;"PRIM"
"24";"Austria";2011;65221061751;29089906460;"PRIM"
"25";"Austria";2012;62051666573,984;29270024569,621;"PRIM"
"26";"Austria";2013;61388207352,003;27607795131,695;"PRIM"
"27";"Austria";2014;60182075607,731;20621794352,547;"PRIM"
"28";"Austria";2015;51366505661,825;26433834501,809;"PRIM"
"29";"Austria";2016;49733472661,381;30215747252,513;"PRIM"
"30";"Austria";2017;55656351239,758;30725213252,119;"PRIM"
"31";"Austria";2018;62980873237,17;31959722707,425;"PRIM"
"32";"Austria";2019;59808982563,415;32168421891,904;"PRIM"
"33";"Austria";2020;54134699678,59;31520519958,804;"PRIM"
"34";"Austria";2021;66634993638,444;20608717228,155;"PRIM"
"35";"Belgium";1999;47537303114;96806482575;"PRIM"
"36";"Belgium";2000;53556262056;96882254294;"PRIM"
"37";"Belgium";2001;56375569675;102514014395;"PRIM"
"38";"Belgium";2002;71357609957;103391559721;"PRIM"
"39";"Belgium";2003;87769246979;110020942279;"PRIM"
"40";"Belgium";2004;105010444185;118615029538;"PRIM"
"41";"Belgium";2005;123217036842;137557977049;"PRIM"
"42";"Belgium";2006;139183384900;149779267016;"PRIM"
"43";"Belgium";2007;154687837548;147102060180;"PRIM"
"44";"Belgium";2008;185610809091;156567496049;"PRIM"
"45";"Belgium";2009;140343010165;103485140602;"PRIM"
"46";"Belgium";2010;104469287393,741;109605298633,117;"PRIM"
"47";"Belgium";2011;128563083414,257;54355733721,774;"PRIM"
"48";"Belgium";2012;125357518928,888;101788403835,888;"PRIM"
"49";"Belgium";2013;129726254067,398;97496273589,725;"PRIM"
"50";"Belgium";2014;125714969571,939;97041229212,098;"PRIM"
"51";"Belgium";2015;94976752587,4671;68931121673,873;"PRIM"
"52";"Belgium";2016;95619961576,13;103405343834,158;"PRIM"
"53";"Belgium";2017;112268902151,609;46198853099,499;"PRIM"
"54";"Belgium";2018;129449019429,081;64652989524,513;"PRIM"
"55";"Belgium";2019;117707362233,235;58046556056,762;"PRIM"
"56";"Belgium";2020;107105198018,11;59809931170,538;"PRIM"
"57";"Belgium";2021;167595376712,959;61106752993,769;"PRIM"
"58";"Finland";1988;7100859699;18084313841;"PRIM"
"59";"Finland";1989;8526449810;19079937060;"PRIM"
"60";"Finland";1990;9648866440;19539350579;"PRIM"
"61";"Finland";1991;7899456533;19224375393;"PRIM"
"62";"Finland";1992;7520755395;17840321410;"PRIM"
"63";"Finland";1993;6383886477;18880210013;"PRIM"
"64";"Finland";1994;8264857752;23173036547;"PRIM"
"65";"Finland";1995;10060381984;19235547256;"PRIM"
"66";"Finland";1996;10487401983;20550050592;"PRIM"
"67";"Finland";1997;10419595148;23327444714;"PRIM"
"68";"Finland";1998;10613030197;22017413144;"PRIM"
"69";"Finland";1999;10057379686;18547837621;"PRIM"
"70";"Finland";2000;11098083094;24519544207;"PRIM"
"71";"Finland";2001;11146913650;25087524172;"PRIM"
"72";"Finland";2002;11289236438;25191565131;"PRIM"
"73";"Finland";2003;13919273640;30154164823;"PRIM"
"74";"Finland";2004;16917091318;27902007514;"PRIM"
"75";"Finland";2005;19379008806;23135524905;"PRIM"
"76";"Finland";2006;23599911304;28565206286;"PRIM"
"77";"Finland";2007;26653560536;31902131177;"PRIM"
"78";"Finland";2008;32984430879;31757152679;"PRIM"
"79";"Finland";2009;20207381532;24241138585;"PRIM"
"80";"Finland";2010;25806515484;28053308480;"PRIM"
"81";"Finland";2011;32296518094;29349853952;"PRIM"
"82";"Finland";2012;29628811788;4665256649;"PRIM"
"83";"Finland";2013;30145079997;25514085281;"PRIM"
"84";"Finland";2014;26609583861;23251704759;"PRIM"
"85";"Finland";2015;19004557763;20379201941;"PRIM"
"86";"Finland";2016;18960005640;22068032371;"PRIM"
"87";"Finland";2017;21661019844,844;13177102977,035;"PRIM"
"88";"Finland";2018;25029691175,886;15558767371,858;"PRIM"
"89";"Finland";2019;23261056221,719;17550214,23;"PRIM"
"90";"Finland";2020;20086907794,193;16696025815,579;"PRIM"
"91";"Finland";2021;24731468474,842;13469837170,746;"PRIM"
"92";"France";1988;58108432534;124000970700;"PRIM"
"93";"France";1989;63913184407;132482199028;"PRIM"
"94";"France";1990;78243721169;140875860061;"PRIM"
"95";"France";1991;77773101778;149202678059;"PRIM"
"96";"France";1992;77922650541;144799798939;"PRIM"
"97";"France";1993;65148091689;133278222402;"PRIM"
"98";"France";1994;73964411178;137567319617;"PRIM"
"99";"France";1995;88700221354;135741926724;"PRIM"
"100";"France";1996;91590121910;147577094874;"PRIM"
"101";"France";1997;90966347735;151037849031;"PRIM"
"102";"France";1998;94015582418;157206511428;"PRIM"
"103";"France";1999;94445384630;154718653983;"PRIM"
"104";"France";2000;105951424844;144202803564;"PRIM"
"105";"France";2001;105330297391;155530709093;"PRIM"
"106";"France";2002;105442265167;153320048757;"PRIM"
"107";"France";2003;125361044568;159066508503;"PRIM"
"108";"France";2004;150461987728;169434378648;"PRIM"
"109";"France";2005;172531605477;181807637480;"PRIM"
"110";"France";2006;199122448832;194348580780;"PRIM"
"111";"France";2007;226506969346;202909440097;"PRIM"
"112";"France";2008;274670512011;210351685290;"PRIM"
"113";"France";2009;199768808215;144708235862;"PRIM"
"114";"France";2010;214635659274;148175125888;"PRIM"
"115";"France";2011;264546640592;159549410064;"PRIM"
"116";"France";2012;250166300817;139764856963;"PRIM"
"117";"France";2013;252169180409;139886836700;"PRIM"
"118";"France";2014;237092980325;125891645937;"PRIM"
"119";"France";2015;186043770922;122601472093;"PRIM"
"120";"France";2016;175140661461;124058963232;"PRIM"
"121";"France";2017;206057983268,32;60123879922,576;"PRIM"
"122";"France";2018;224475785149,823;54542233178,001;"PRIM"
"123";"France";2019;211749595527,708;51226180291,423;"PRIM"
"124";"France";2020;175264433267,272;60298221596,866;"PRIM"
"125";"France";2021;234805697356,479;74616403704,047;"PRIM"
"126";"Germany";1991;116785524584;190810697153;"PRIM"
"127";"Germany";1992;122212117024;207766809933;"PRIM"
"128";"Germany";1993;100629595144;201629950928;"PRIM"
"129";"Germany";1994;114234064680;218877911977;"PRIM"
"130";"Germany";1995;136805409440;215556188112;"PRIM"
"131";"Germany";1996;139104215488;235271590148;"PRIM"
"132";"Germany";1997;136141701032;231075622860;"PRIM"
"133";"Germany";1998;142653483268;236688601226;"PRIM"
"134";"Germany";1999;144999534271;234874865968;"PRIM"
"135";"Germany";2000;158617628000;239302734601;"PRIM"
"136";"Germany";2001;166978718000;241016142429;"PRIM"
"137";"Germany";2002;176527318000;250248803338;"PRIM"
"138";"Germany";2003;209277744000;256695704494;"PRIM"
"139";"Germany";2004;245666716000;267532381948;"PRIM"
"140";"Germany";2005;292282531000;269380443837;"PRIM"
"141";"Germany";2006;356796830000;276827860373;"PRIM"
"142";"Germany";2007;384859679000;267630910832;"PRIM"
"143";"Germany";2008;476942869584,792;245051755257,26;"PRIM"
"144";"Germany";2009;355136696324,773;237584432699,839;"PRIM"
"145";"Germany";2010;393688512355,015;247762318146,93;"PRIM"
"146";"Germany";2011;491105629880,804;254699593103,788;"PRIM"
"147";"Germany";2012;454803286786,699;253185438251,473;"PRIM"
"148";"Germany";2013;460831467479,089;259747820402,554;"PRIM"
"149";"Germany";2014;450553817174,795;262185836881,247;"PRIM"
"150";"Germany";2015;374015652591,214;279218030644,315;"PRIM"
"151";"Germany";2016;352233136143,239;272582674637,101;"PRIM"
"152";"Germany";2017;391265348181,58;243929748886,32;"PRIM"
"153";"Germany";2018;447069119831,706;270410868314,913;"PRIM"
"154";"Germany";2019;423883209560,556;280026031890,273;"PRIM"
"155";"Germany";2020;389959828683,437;265169177396,584;"PRIM"
"156";"Germany";2021;525172311635,996;271833645171,286;"PRIM"
"157";"Greece";1988;3702424424;6193431467;"PRIM"
"158";"Greece";1989;4892436517;9484408741;"PRIM"
"159";"Greece";1990;6060916558;10972131603;"PRIM"
"160";"Greece";1991;6422577866;13590876043;"PRIM"
"161";"Greece";1992;7249038845;16287107334;"PRIM"
"162";"Greece";1993;6718915463;15716317964;"PRIM"
"163";"Greece";1994;6748417211;16432780302;"PRIM"
"164";"Greece";1995;8034688778;14597708986;"PRIM"
"165";"Greece";1996;9377221417;21770773058;"PRIM"
"166";"Greece";1997;8915537561;15179084944;"PRIM"
"167";"Greece";1998;9378437186;21297891581;"PRIM"
"168";"Greece";1999;9165392318;15331832593;"PRIM"
"169";"Greece";2000;10442467166;24227393293;"PRIM"
"170";"Greece";2001;10593194068;25745667319;"PRIM"
"171";"Greece";2002;10341765173;23101525967;"PRIM"
"172";"Greece";2003;14621974719;24980999188;"PRIM"
"173";"Greece";2004;17721163357;24589201796;"PRIM"
"174";"Greece";2005;20892946725;24941896460;"PRIM"
"175";"Greece";2006;25105327293;24623868345;"PRIM"
"176";"Greece";2007;28933404366;24470360308;"PRIM"
"177";"Greece";2008;38421653179;26478319825;"PRIM"
"178";"Greece";2009;26666496530;22966966255;"PRIM"
"179";"Greece";2010;28215312658;25633454812;"PRIM"
"180";"Greece";2011;30360301071;22528989874;"PRIM"
"181";"Greece";2012;32357549767;26277884846;"PRIM"
"182";"Greece";2013;31923731165;25614036845;"PRIM"
"183";"Greece";2014;30005332856;25319191259;"PRIM"
"184";"Greece";2015;20922528215;26890763705;"PRIM"
"185";"Greece";2016;19968408069;29020855714;"PRIM"
"186";"Greece";2017;23922023606,651;1899826939,92;"PRIM"
"187";"Greece";2018;29714993723,102;3001702072,497;"PRIM"
"188";"Greece";2019;27029894456,121;5448234695,578;"PRIM"
"189";"Greece";2020;21771137169,81;28669685355,901;"PRIM"
"190";"Greece";2021;35146869450,864;7420639853,238;"PRIM"
"191";"Ireland";1988;5181622960;5693248457;"PRIM"
"192";"Ireland";1989;5872102142;5850852405;"PRIM"
"193";"Ireland";1990;6785401278;6295687843;"PRIM"
"194";"Ireland";1991;6620433468;6045957294;"PRIM"
"195";"Ireland";1992;6960121191;6103939236;"PRIM"
"196";"Ireland";1993;6538940444;5517543769;"PRIM"
"197";"Ireland";1994;7964620292;8069199591;"PRIM"
"198";"Ireland";1995;10875231146;5892496607;"PRIM"
"199";"Ireland";1996;12016656388;6773516841;"PRIM"
"200";"Ireland";1997;14008081961;8605654875;"PRIM"
"201";"Ireland";1998;16409554297;9235907223;"PRIM"
"202";"Ireland";1999;16266880879;7521528380;"PRIM"
"203";"Ireland";2000;18428511564,001;7767905443,649;"PRIM"
"204";"Ireland";2001;18497210151,09;6581923763,758;"PRIM"
"205";"Ireland";2002;16392739398,748;7779169303,161;"PRIM"
"206";"Ireland";2003;19259383600,229;7972373841,199;"PRIM"
"207";"Ireland";2004;21280908334,624;9656547868,942;"PRIM"
"208";"Ireland";2005;25039438149,341;10770284993,178;"PRIM"
"209";"Ireland";2006;28405454189,004;10453313609,883;"PRIM"
"210";"Ireland";2007;31730074488,231;12915249373,378;"PRIM"
"211";"Ireland";2008;30741334044,065;12344346419,082;"PRIM"
"212";"Ireland";2009;20630016554,211;10823746678,516;"PRIM"
"213";"Ireland";2010;20540345399,703;11193725855,785;"PRIM"
"214";"Ireland";2011;24833763564,295;8594328970,955;"PRIM"
"215";"Ireland";2012;23239169782,449;11094779347,915;"PRIM"
"216";"Ireland";2013;26097342312,651;11771527815,802;"PRIM"
"217";"Ireland";2014;26443774165,429;6637586766,856;"PRIM"
"218";"Ireland";2015;24596869640,943;12388896847,575;"PRIM"
"219";"Ireland";2016;22170909166,273;10602199745,952;"PRIM"
"220";"Ireland";2017;26475726656,678;7545146135,726;"PRIM"
"221";"Ireland";2018;33904065799,26;6152980706,398;"PRIM"
"222";"Ireland";2019;27916903380,5;6240092831,306;"PRIM"
"223";"Ireland";2020;30002224913,324;6743361738,345;"PRIM"
"224";"Ireland";2021;36789156203,711;6598443004,563;"PRIM"
"225";"Italy";1988;44862603300;96082076345;"PRIM"
"226";"Italy";1989;49070149338;103340603478;"PRIM"
"227";"Italy";1990;58146481288;107774730515;"PRIM"
"228";"Italy";1991;56537557542;109128182951;"PRIM"
"229";"Italy";1992;56491774328;109551893031;"PRIM"
"230";"Italy";1993;45852503522;104614391898;"PRIM"
"231";"Italy";1994;51617612298;108162162796;"PRIM"
"232";"Italy";1995;63357008650;104486174870;"PRIM"
"233";"Italy";1996;66642311275;109229843044;"PRIM"
"234";"Italy";1997;65456618656;114267304001;"PRIM"
"235";"Italy";1998;64993644154;123535118208;"PRIM"
"236";"Italy";1999;69527406859;123578338418;"PRIM"
"237";"Italy";2000;79077229863;129521252064;"PRIM"
"238";"Italy";2001;75877725005;132741205947;"PRIM"
"239";"Italy";2002;78221171061;129023998964;"PRIM"
"240";"Italy";2003;92619375837;134473212077;"PRIM"
"241";"Italy";2004;113108447613;142658707592;"PRIM"
"242";"Italy";2005;128230322655;143240164755;"PRIM"
"243";"Italy";2006;150055366417;142068442733;"PRIM"
"244";"Italy";2007;176039641724;144021751272;"PRIM"
"245";"Italy";2008;193773745404;136409907069;"PRIM"
"246";"Italy";2009;184965167543;170036997260;"PRIM"
"247";"Italy";2010;217373059053;181537558648;"PRIM"
"248";"Italy";2011;254385164081;170226932448;"PRIM"
"249";"Italy";2012;241779810908;165212337494;"PRIM"
"250";"Italy";2013;224477028754;145073095393;"PRIM"
"251";"Italy";2014;205180513505;134824451362;"PRIM"
"252";"Italy";2015;167555057591,378;123120425395,852;"PRIM"
"253";"Italy";2016;156094442599,856;64999106285,248;"PRIM"
"254";"Italy";2017;179291430686,022;85867178641,895;"PRIM"
"255";"Italy";2018;206843446983,433;150208175389,054;"PRIM"
"256";"Italy";2019;190968286251,704;146273659387,379;"PRIM"
"257";"Italy";2020;160314032257,905;125886990596,769;"PRIM"
"258";"Italy";2021;234622072122,613;73046803723,712;"PRIM"
"259";"Netherlands";1988;34617043187;113023961640;"PRIM"
"260";"Netherlands";1989;36608063072;112962067091;"PRIM"
"261";"Netherlands";1990;44484900326;118411692397;"PRIM"
"262";"Netherlands";1991;43659922244;117250774312;"PRIM"
"263";"Netherlands";1992;46409861233;122890040455;"PRIM"
"264";"Netherlands";1993;39833179131;113601055023;"PRIM"
"265";"Netherlands";1994;46447159861;120142863769;"PRIM"
"266";"Netherlands";1995;56735975792;126380449998;"PRIM"
"267";"Netherlands";1996;59984557931;127306254737;"PRIM"
"268";"Netherlands";1997;61114084084;127212463852;"PRIM"
"269";"Netherlands";1998;61826821738;128762858245;"PRIM"
"270";"Netherlands";1999;66580492121;121775699201;"PRIM"
"271";"Netherlands";2000;70482197438;129864222792;"PRIM"
"272";"Netherlands";2001;68999465947;142325211730;"PRIM"
"273";"Netherlands";2002;69238284572;133646203230;"PRIM"
"274";"Netherlands";2003;85322126054;135301068597;"PRIM"
"275";"Netherlands";2004;103037546958;130674734083;"PRIM"
"276";"Netherlands";2005;117983750880;139888367361;"PRIM"
"277";"Netherlands";2006;146329119184;161999256788;"PRIM"
"278";"Netherlands";2007;146534184580;132269846694;"PRIM"
"279";"Netherlands";2008;167128683038;126877091354;"PRIM"
"280";"Netherlands";2009;122627915918;51057114490;"PRIM"
"281";"Netherlands";2010;143726845931;125906333116;"PRIM"
"282";"Netherlands";2011;187676176249,935;74624621592,058;"PRIM"
"283";"Netherlands";2012;185802042120,895;63943530974,393;"PRIM"
"284";"Netherlands";2013;188368457472,833;66900088087,101;"PRIM"
"285";"Netherlands";2014;185631016025,274;42815282038,288;"PRIM"
"286";"Netherlands";2015;137222962428,302;128319361504,585;"PRIM"
"287";"Netherlands";2016;132508092708,797;125880238092,241;"PRIM"
"288";"Netherlands";2017;146408664857,573;124972171897,667;"PRIM"
"289";"Netherlands";2018;170289271451,841;129316059427,191;"PRIM"
"290";"Netherlands";2019;168373737915,326;128146594960,186;"PRIM"
"291";"Netherlands";2020;156429331100,951;122693199508,359;"PRIM"
"292";"Netherlands";2021;206807223633,756;132301125332,222;"PRIM"
"293";"Portugal";1988;6466593278;13709794191;"PRIM"
"294";"Portugal";1989;7106134870;15769683532;"PRIM"
"295";"Portugal";1990;9130204815;17879666152;"PRIM"
"296";"Portugal";1991;8584194668;16522867727;"PRIM"
"297";"Portugal";1992;9076317508;18356467056;"PRIM"
"298";"Portugal";1993;7145621753;18248443116;"PRIM"
"299";"Portugal";1994;8040742670;21436486859;"PRIM"
"300";"Portugal";1995;10111591093;22723869408;"PRIM"
"301";"Portugal";1996;10386110904;19371794655;"PRIM"
"302";"Portugal";1997;10566910919;22757343435;"PRIM"
"303";"Portugal";1998;10583023313;22564371543;"PRIM"
"304";"Portugal";1999;11854403736;25296123914;"PRIM"
"305";"Portugal";2000;12918214810;24609991170;"PRIM"
"306";"Portugal";2001;12809128507;25097092566;"PRIM"
"307";"Portugal";2002;12782626534;25753015281;"PRIM"
"308";"Portugal";2003;15317520127;25526171628;"PRIM"
"309";"Portugal";2004;19024463024;26634454362;"PRIM"
"310";"Portugal";2005;21695775868;27144956359;"PRIM"
"311";"Portugal";2006;25100767837;27515275333;"PRIM"
"312";"Portugal";2007;28558937628;26591911129;"PRIM"
"313";"Portugal";2008;35563706443;25414225717;"PRIM"
"314";"Portugal";2009;25783688563;23483969886;"PRIM"
"315";"Portugal";2010;27989248322;23955820814;"PRIM"
"316";"Portugal";2011;32003940851;22683591705;"PRIM"
"317";"Portugal";2012;30375726636;23973088725;"PRIM"
"318";"Portugal";2013;31814858525;23798213802;"PRIM"
"319";"Portugal";2014;31029757268;23823334425;"PRIM"
"320";"Portugal";2015;24796794127,706;26913640552,165;"PRIM"
"321";"Portugal";2016;22808959433,929;21898435033,975;"PRIM"
"322";"Portugal";2017;27490477376,619;28005801293,655;"PRIM"
"323";"Portugal";2018;33613088331,388;28543020136,612;"PRIM"
"324";"Portugal";2019;29050740096,657;23128303615,579;"PRIM"
"325";"Portugal";2020;25606123585,527;19609204261,82;"PRIM"
"326";"Portugal";2021;33208926550,345;16560317200,049;"PRIM"
"327";"Spain";1988;23763201549;64592016759;"PRIM"
"328";"Spain";1989;27411585995;71867730885;"PRIM"
"329";"Spain";1990;32672722986;71759946032;"PRIM"
"330";"Spain";1991;33996133503;77546728117;"PRIM"
"331";"Spain";1992;34359799213;86046587953;"PRIM"
"332";"Spain";1993;27832106549;76239715675;"PRIM"
"333";"Spain";1994;31978796082;80164715778;"PRIM"
"334";"Spain";1995;39913813674;81007788302;"PRIM"
"335";"Spain";1996;42990137647;83713553042;"PRIM"
"336";"Spain";1997;44258349490;86802126214;"PRIM"
"337";"Spain";1998;44616440243;97859210189;"PRIM"
"338";"Spain";1999;47629148089;104301591287;"PRIM"
"339";"Spain";2000;54566851862,921;82264077425,613;"PRIM"
"340";"Spain";2001;55070094594,072;95405706328,342;"PRIM"
"341";"Spain";2002;58198558043,905;25734981269,884;"PRIM"
"342";"Spain";2003;71940567268,088;7642165137,383;"PRIM"
"343";"Spain";2004;87976724829,426;70345531176,671;"PRIM"
"344";"Spain";2005;104339154925,504;7383368230,104;"PRIM"
"345";"Spain";2006;120670071962,249;31259972419,925;"PRIM"
"346";"Spain";2007;140318372564,041;61784846374,405;"PRIM"
"347";"Spain";2008;169645173277,818;38041419400,212;"PRIM"
"348";"Spain";2009;116316512032,286;4384793843,889;"PRIM"
"349";"Spain";2010;125206498624,824;4574957430,019;"PRIM"
"350";"Spain";2011;148911036953,691;32075677875,535;"PRIM"
"351";"Spain";2012;148206839782,943;111853272577,649;"PRIM"
"352";"Spain";2013;147514271402,379;41321486856,258;"PRIM"
"353";"Spain";2014;147937412656,114;43653134180,898;"PRIM"
"354";"Spain";2015;114455226573,228;28904308831,143;"PRIM"
"355";"Spain";2016;104382988015,123;954762548,468;"PRIM"
"356";"Spain";2017;120996794078,226;1060286947,731;"PRIM"
"357";"Spain";2018;138843935250,246;24251505600,796;"PRIM"
"358";"Spain";2019;129091629511,675;316205596,435;"PRIM"
"359";"Spain";2020;106990527961,848;399061659,682;"PRIM"
"360";"Spain";2021;154005200432,643;28392266842,473;"PRIM"
"361";"Austria";1988;7269149501;17518586965;"RES"
"362";"Austria";1989;7528454435;17355030084;"RES"
"363";"Austria";1990;9148797037;16929556799;"RES"
"364";"Austria";1991;9175227076;18607360331;"RES"
"365";"Austria";1992;9542840754;17476570253;"RES"
"366";"Austria";1993;8416140548;17288037315;"RES"
"367";"Austria";1994;9619289221;19203688739;"RES"
"368";"Austria";1995;12124028396;20631059284;"RES"
"369";"Austria";1996;11874445673;21229224241;"RES"
"370";"Austria";1997;10995576917;18279716662;"RES"
"371";"Austria";1998;11422317751;19412119983;"RES"
"372";"Austria";1999;11474938735;21459583813;"RES"
"373";"Austria";2000;11792381966;23440225642;"RES"
"374";"Austria";2001;12284818871;23515043809;"RES"
"375";"Austria";2002;13131802230;24454980419;"RES"
"376";"Austria";2003;17786241077;32256199885;"RES"
"377";"Austria";2004;22037790345;34543667062;"RES"
"378";"Austria";2005;25797135608;36574404505;"RES"
"379";"Austria";2006;30583889086;38761674223;"RES"
"380";"Austria";2007;30863535470;39277085514;"RES"
"381";"Austria";2008;35592531763;37588204760;"RES"
"382";"Austria";2009;27149053775;33947433620;"RES"
"383";"Austria";2010;31528382946;39436629978;"RES"
"384";"Austria";2011;38368546371;39956856718;"RES"
"385";"Austria";2012;35513215198,791;39376968075,017;"RES"
"386";"Austria";2013;34225847206,058;36083736929,673;"RES"
"387";"Austria";2014;33382955918,739;34594212384,496;"RES"
"388";"Austria";2015;26330374500,338;34544209772,277;"RES"
"389";"Austria";2016;26002567154,596;37456185290,947;"RES"
"390";"Austria";2017;28948503574,482;36381380363,81;"RES"
"391";"Austria";2018;30922124482,236;30640742971,357;"RES"
"392";"Austria";2019;29242172843,212;31305071958,712;"RES"
"393";"Austria";2020;26804600508,978;31475540406,786;"RES"
"394";"Austria";2021;38090512182,794;31944767879,998;"RES"
"395";"Belgium";1999;44092265937;65984884846;"RES"
"396";"Belgium";2000;48707719561;62911242599;"RES"
"397";"Belgium";2001;46642817945;60127588882;"RES"
"398";"Belgium";2002;50579045008;62423986885;"RES"
"399";"Belgium";2003;56125160509;65497715495;"RES"
"400";"Belgium";2004;74219670982;71281413861;"RES"
"401";"Belgium";2005;86671559083;70787016587;"RES"
"402";"Belgium";2006;96124402169;76169386546;"RES"
"403";"Belgium";2007;112705228219;85198377266;"RES"
"404";"Belgium";2008;123427423139;87820247604;"RES"
"405";"Belgium";2009;89345895437;67753361212;"RES"
"406";"Belgium";2010;81510472941,727;71183895763,515;"RES"
"407";"Belgium";2011;104682907379,461;74754128450,063;"RES"
"408";"Belgium";2012;95375109848,35;57319679398,449;"RES"
"409";"Belgium";2013;98294047486,324;74046701002,952;"RES"
"410";"Belgium";2014;94814511690,163;66420568735,365;"RES"
"411";"Belgium";2015;71098494910,18;68885111662,143;"RES"
"412";"Belgium";2016;77458199045,697;62382868612,42;"RES"
"413";"Belgium";2017;83829794848,476;52953365677,953;"RES"
"414";"Belgium";2018;98853359450,284;69063701334,631;"RES"
"415";"Belgium";2019;82304691030,771;67028722149,227;"RES"
"416";"Belgium";2020;73257317097,751;53653594234,824;"RES"
"417";"Belgium";2021;109366193120,778;48457414078,377;"RES"
"418";"Finland";1988;4305682683;13559685562;"RES"
"419";"Finland";1989;4947961441;15193399424;"RES"
"420";"Finland";1990;5400711946;14547782627;"RES"
"421";"Finland";1991;4331079617;13389687429;"RES"
"422";"Finland";1992;4824361781;15825046672;"RES"
"423";"Finland";1993;4059181922;16277425113;"RES"
"424";"Finland";1994;5072227181;19791129531;"RES"
"425";"Finland";1995;6438954538;20244558084;"RES"
"426";"Finland";1996;6313374576;19012784974;"RES"
"427";"Finland";1997;6375620164;20337699339;"RES"
"428";"Finland";1998;6448932040;22582614239;"RES"
"429";"Finland";1999;6323232222;23799806753;"RES"
"430";"Finland";2000;6696331355;20046091638;"RES"
"431";"Finland";2001;6908664087;25171886346;"RES"
"432";"Finland";2002;6879245033;25505718073;"RES"
"433";"Finland";2003;9006219408;28458471339;"RES"
"434";"Finland";2004;11550500722;27741873060;"RES"
"435";"Finland";2005;13577385074;30612673935;"RES"
"436";"Finland";2006;16677839405;29856050901;"RES"
"437";"Finland";2007;20277804162;28648335658;"RES"
"438";"Finland";2008;23144309552;27681506655;"RES"
"439";"Finland";2009;12378509225;17062257863;"RES"
"440";"Finland";2010;17258200669;20659550313;"RES"
"441";"Finland";2011;21943696169;23258550041;"RES"
"442";"Finland";2012;19769189267;4309877172;"RES"
"443";"Finland";2013;20610627105;23800287669;"RES"
"444";"Finland";2014;19252744429;22891364886;"RES"
"445";"Finland";2015;12998171411;20385109676;"RES"
"446";"Finland";2016;12631689912;21561737309;"RES"
"447";"Finland";2017;13982568845,819;12050262384,229;"RES"
"448";"Finland";2018;16626090824,611;11565773183,819;"RES"
"449";"Finland";2019;15666637689,913;2715437720,399;"RES"
"450";"Finland";2020;14572618648,955;17687846774,489;"RES"
"451";"Finland";2021;20213596488,45;19105265472,565;"RES"
"452";"France";1988;35051620516;78065593462;"RES"
"453";"France";1989;37828370981;79754420151;"RES"
"454";"France";1990;45685806105;78706208547;"RES"
"455";"France";1991;43163866486;80446696141;"RES"
"456";"France";1992;44772878470;83925240471;"RES"
"457";"France";1993;36889067526;77554780405;"RES"
"458";"France";1994;42502163034;86609959472;"RES"
"459";"France";1995;51477204554;85534386993;"RES"
"460";"France";1996;50463768382;81941269263;"RES"
"461";"France";1997;48472218239;86024532133;"RES"
"462";"France";1998;50973798748;90008772010;"RES"
"463";"France";1999;50395451448;95373180467;"RES"
"464";"France";2000;53413388367;97368455707;"RES"
"465";"France";2001;51081827112;88755903541;"RES"
"466";"France";2002;53545475637;94407349309;"RES"
"467";"France";2003;64447411071;93946256077;"RES"
"468";"France";2004;76942375768;109585646499;"RES"
"469";"France";2005;86142648956;111428288538;"RES"
"470";"France";2006;94833998508;114056153654;"RES"
"471";"France";2007;111273274613;109770190158;"RES"
"472";"France";2008;129826740196;115365744108;"RES"
"473";"France";2009;96452046622;92119626914;"RES"
"474";"France";2010;110503730350;94692234007;"RES"
"475";"France";2011;138404257652;110620369175;"RES"
"476";"France";2012;134722716285;110521019289;"RES"
"477";"France";2013;130382542526;109412952200;"RES"
"478";"France";2014;124115073014;108705544897;"RES"
"479";"France";2015;98410446801;108867313915;"RES"
"480";"France";2016;93184337731;102635046280;"RES"
"481";"France";2017;102538686339,037;10327158415,192;"RES"
"482";"France";2018;114703511545,626;6223763520,522;"RES"
"483";"France";2019;109689087268,85;9982129365,472;"RES"
"484";"France";2020;94777332854,471;72661968598,586;"RES"
"485";"France";2021;128229314637,442;80942860148,539;"RES"
"486";"Germany";1991;71223532720;151676482696;"RES"
"487";"Germany";1992;74010174520;153389116612;"RES"
"488";"Germany";1993;58276375112;138284166157;"RES"
"489";"Germany";1994;66220261112;152173709592;"RES"
"490";"Germany";1995;80245031368;151720688303;"RES"
"491";"Germany";1996;76541307260;146957950009;"RES"
"492";"Germany";1997;74256845257;156682958866;"RES"
"493";"Germany";1998;79588125576;165346840354;"RES"
"494";"Germany";1999;78760497286;151022914530;"RES"
"495";"Germany";2000;78043300000;162381611131;"RES"
"496";"Germany";2001;82277374000;156201113158;"RES"
"497";"Germany";2002;77357106000;154943606802;"RES"
"498";"Germany";2003;87616659000;138101428564;"RES"
"499";"Germany";2004;106293730000;151096081522;"RES"
"500";"Germany";2005;125150922000;156517474039;"RES"
"501";"Germany";2006;148925347000;166932349934;"RES"
"502";"Germany";2007;168992065000;161770935135;"RES"
"503";"Germany";2008;204275266291,095;67562671188,531;"RES"
"504";"Germany";2009;150236961063,365;102784308655,263;"RES"
"505";"Germany";2010;182816550381,207;98959700133,487;"RES"
"506";"Germany";2011;231343843091,297;109496453132,986;"RES"
"507";"Germany";2012;208134109390,234;99826451671,151;"RES"
"508";"Germany";2013;211489301141,929;147036874560,035;"RES"
"509";"Germany";2014;212496229875,862;148008207402,87;"RES"
"510";"Germany";2015;173776476910,548;144683734350,716;"RES"
"511";"Germany";2016;166959838327,631;147432200531,349;"RES"
"512";"Germany";2017;184741450664,652;97030232184,514;"RES"
"513";"Germany";2018;213396884664,445;145413481175,287;"RES"
"514";"Germany";2019;197956675924,489;143453528355,294;"RES"
"515";"Germany";2020;182228332466,152;133150218566,222;"RES"
"516";"Germany";2021;231928913516,62;87615903307,176;"RES"
"517";"Greece";1988;2489048999;3008272157;"RES"
"518";"Greece";1989;3147243535;4555598420;"RES"
"519";"Greece";1990;3909368575;6336315793;"RES"
"520";"Greece";1991;4315088470;7431334599;"RES"
"521";"Greece";1992;4007371664;5959879968;"RES"
"522";"Greece";1993;3835648791;7469352052;"RES"
"523";"Greece";1994;4132211951;7666719437;"RES"
"524";"Greece";1995;4979113537;6882517012;"RES"
"525";"Greece";1996;5034260111;6463103863;"RES"
"526";"Greece";1997;4821141241;7114048224;"RES"
"527";"Greece";1998;5076532150;6713249258;"RES"
"528";"Greece";1999;4797159153;8306576674;"RES"
"529";"Greece";2000;4480433856;9497518469;"RES"
"530";"Greece";2001;4327356495;10092944601;"RES"
"531";"Greece";2002;4899560472;9067622475;"RES"
"532";"Greece";2003;7376640377;10000869935;"RES"
"533";"Greece";2004;8355025484;10790821246;"RES"
"534";"Greece";2005;9199187945;11691117646;"RES"
"535";"Greece";2006;10626401668;12789123063;"RES"
"536";"Greece";2007;11552935399;11773661341;"RES"
"537";"Greece";2008;16733853727;14310400207;"RES"
"538";"Greece";2009;11989508272;13932735812;"RES"
"539";"Greece";2010;11480203433;11444118474;"RES"
"540";"Greece";2011;13900255094;12481235309;"RES"
"541";"Greece";2012;11164815790;9771229427;"RES"
"542";"Greece";2013;11443704424;10633638628;"RES"
"543";"Greece";2014;11978854463;11935207220;"RES"
"544";"Greece";2015;9313107756;13140767559;"RES"
"545";"Greece";2016;8824702161;13375921539;"RES"
"546";"Greece";2017;10204186198,888;12661577193,964;"RES"
"547";"Greece";2018;12495588362,898;14108958261,216;"RES"
"548";"Greece";2019;12633417286,367;12655513920,236;"RES"
"549";"Greece";2020;12284283009,386;10177200866,236;"RES"
"550";"Greece";2021;15790923034,248;14847969434,387;"RES"
"551";"Ireland";1988;2969032983;6743766787;"RES"
"552";"Ireland";1989;3326806861;7005117159;"RES"
"553";"Ireland";1990;4079016474;8015981908;"RES"
"554";"Ireland";1991;4099459651;8345385143;"RES"
"555";"Ireland";1992;4272720044;8283610983;"RES"
"556";"Ireland";1993;3839576759;8553567423;"RES"
"557";"Ireland";1994;4459668608;8332703134;"RES"
"558";"Ireland";1995;4982056835;9184969880;"RES"
"559";"Ireland";1996;5866778626;9998539919;"RES"
"560";"Ireland";1997;6071040398;9679653372;"RES"
"561";"Ireland";1998;5833966235;10612985976;"RES"
"562";"Ireland";1999;6411619138;11676160615;"RES"
"563";"Ireland";2000;6970817996,554;12091452784,411;"RES"
"564";"Ireland";2001;6389688673,718;12229701154,739;"RES"
"565";"Ireland";2002;7313042925,268;13173287553,144;"RES"
"566";"Ireland";2003;8779112472,429;13133700876,45;"RES"
"567";"Ireland";2004;10685375589,709;16065469609,278;"RES"
"568";"Ireland";2005;12509893208,596;15155604548,986;"RES"
"569";"Ireland";2006;13608827543,295;15594754338,428;"RES"
"570";"Ireland";2007;15532126036,219;16899400440,863;"RES"
"571";"Ireland";2008;15921957539,373;14507199190,583;"RES"
"572";"Ireland";2009;11217406108,931;12058921370,292;"RES"
"573";"Ireland";2010;12476638758,014;12515373575,665;"RES"
"574";"Ireland";2011;14872899534,44;12184272481,48;"RES"
"575";"Ireland";2012;14031007963,383;11717334815,626;"RES"
"576";"Ireland";2013;14007416946,581;12224376167,451;"RES"
"577";"Ireland";2014;15355812557,177;12820590013,549;"RES"
"578";"Ireland";2015;13204207627,629;12873452068,405;"RES"
"579";"Ireland";2016;13272056023,328;13852308287,096;"RES"
"580";"Ireland";2017;14050505388,752;14290185545,886;"RES"
"581";"Ireland";2018;15638559943,931;14340010189,634;"RES"
"582";"Ireland";2019;16683995889,295;8899576375,23;"RES"
"583";"Ireland";2020;18909852515,96;13398762780,257;"RES"
"584";"Ireland";2021;25147904417,776;13722096951,289;"RES"
"585";"Italy";1988;30354475328;81322314736;"RES"
"586";"Italy";1989;33917984009;93725762673;"RES"
"587";"Italy";1990;39180406095;88544736463;"RES"
"588";"Italy";1991;38020420977;86088261180;"RES"
"589";"Italy";1992;38393570326;87903969785;"RES"
"590";"Italy";1993;31717320961;84609410199;"RES"
"591";"Italy";1994;38014970291;90512983681;"RES"
"592";"Italy";1995;45374315326;89442535912;"RES"
"593";"Italy";1996;45150150265;86470399419;"RES"
"594";"Italy";1997;43333204703;85914081381;"RES"
"595";"Italy";1998;42828051673;83794750411;"RES"
"596";"Italy";1999;42376666932;81592629480;"RES"
"597";"Italy";2000;44649734197;85489956971;"RES"
"598";"Italy";2001;44165668441;82881103620;"RES"
"599";"Italy";2002;46663714967;86064385529;"RES"
"600";"Italy";2003;54531416946;85373013292;"RES"
"601";"Italy";2004;63783065062;86199629171;"RES"
"602";"Italy";2005;68109850768;85579813345;"RES"
"603";"Italy";2006;76821037625;88320301747;"RES"
"604";"Italy";2007;89378480046;81246688748;"RES"
"605";"Italy";2008;96157907494;76755819661;"RES"
"606";"Italy";2009;71414418434;57463368181;"RES"
"607";"Italy";2010;84768771279;70207884669;"RES"
"608";"Italy";2011;101329493413;71944036466;"RES"
"609";"Italy";2012;88873083444;67145743410;"RES"
"610";"Italy";2013;92637813113;67809042291;"RES"
"611";"Italy";2014;90270970637;64632901840;"RES"
"612";"Italy";2015;74646537251,65;28115220613,814;"RES"
"613";"Italy";2016;71937075250,718;53530049386,208;"RES"
"614";"Italy";2017;78952451569,726;42627554018,317;"RES"
"615";"Italy";2018;89555852687,536;52111587761,911;"RES"
"616";"Italy";2019;81771580893,746;53612753237,277;"RES"
"617";"Italy";2020;74031481190,394;42756899146,243;"RES"
"618";"Italy";2021;101906671505,056;57864772902,108;"RES"
"619";"Netherlands";1988;20180556735;58112111969;"RES"
"620";"Netherlands";1989;21790240678;60424043330;"RES"
"621";"Netherlands";1990;25354823827;60983863250;"RES"
"622";"Netherlands";1991;23958262275;58214631178;"RES"
"623";"Netherlands";1992;25501497662;58333132275;"RES"
"624";"Netherlands";1993;23151450449;65562437901;"RES"
"625";"Netherlands";1994;26136720382;67548347767;"RES"
"626";"Netherlands";1995;30870797771;66358776611;"RES"
"627";"Netherlands";1996;29677880574;65795582460;"RES"
"628";"Netherlands";1997;28543149570;61123751427;"RES"
"629";"Netherlands";1998;27654296020;65910410689;"RES"
"630";"Netherlands";1999;27522126428;65640850430;"RES"
"631";"Netherlands";2000;28855440103;60174962515;"RES"
"632";"Netherlands";2001;26860399388;56486644107;"RES"
"633";"Netherlands";2002;29946148321;69170876711;"RES"
"634";"Netherlands";2003;37494840142;73622717271;"RES"
"635";"Netherlands";2004;46884156744;78891771572;"RES"
"636";"Netherlands";2005;54383842796;88710443967;"RES"
"637";"Netherlands";2006;65588946117;93203932815;"RES"
"638";"Netherlands";2007;78763435210;104005417455;"RES"
"639";"Netherlands";2008;94224332246;99284309038;"RES"
"640";"Netherlands";2009;67542330785;25592201632;"RES"
"641";"Netherlands";2010;85466461048;101988757837;"RES"
"642";"Netherlands";2011;123664269125,518;98139702820,926;"RES"
"643";"Netherlands";2012;124097602623,88;112542173316,527;"RES"
"644";"Netherlands";2013;124585786544,076;114413116074,825;"RES"
"645";"Netherlands";2014;111252749285,903;118782824386,252;"RES"
"646";"Netherlands";2015;82860466476,088;120195042622,958;"RES"
"647";"Netherlands";2016;79835474083,798;134835348681,339;"RES"
"648";"Netherlands";2017;93067600409,399;134726421219,018;"RES"
"649";"Netherlands";2018;103861606955,35;131139230857,419;"RES"
"650";"Netherlands";2019;100930337242,044;127485365767,484;"RES"
"651";"Netherlands";2020;88428689867,466;116374695179,999;"RES"
"652";"Netherlands";2021;124807185566,728;135148916133,517;"RES"
"653";"Portugal";1988;3206591179;4987955019;"RES"
"654";"Portugal";1989;3461327672;6795270851;"RES"
"655";"Portugal";1990;4303837132;5998466460;"RES"
"656";"Portugal";1991;4389222889;6844847532;"RES"
"657";"Portugal";1992;4862883419;7718163570;"RES"
"658";"Portugal";1993;4125746789;7233287711;"RES"
"659";"Portugal";1994;4617149243;6912716137;"RES"
"660";"Portugal";1995;6010935594;8923823691;"RES"
"661";"Portugal";1996;5806305098;7184204338;"RES"
"662";"Portugal";1997;5875116242;8894648670;"RES"
"663";"Portugal";1998;6179967235;10807048836;"RES"
"664";"Portugal";1999;6250051230;11049684464;"RES"
"665";"Portugal";2000;6442948533;12413346893;"RES"
"666";"Portugal";2001;6443101342;12843329153;"RES"
"667";"Portugal";2002;6808437227;12800225321;"RES"
"668";"Portugal";2003;7796225275;10768040800;"RES"
"669";"Portugal";2004;8932381411;10538621043;"RES"
"670";"Portugal";2005;10566385094;12500073271;"RES"
"671";"Portugal";2006;11077338405;11155444293;"RES"
"672";"Portugal";2007;13109596590;11634867659;"RES"
"673";"Portugal";2008;15302603109;11588128219;"RES"
"674";"Portugal";2009;11654895355;11967879045;"RES"
"675";"Portugal";2010;12970240196;12097326006;"RES"
"676";"Portugal";2011;15763219583;12745506935;"RES"
"677";"Portugal";2012;13757523258;11640570376;"RES"
"678";"Portugal";2013;14086687059;12744535117;"RES"
"679";"Portugal";2014;14381845107;13929511955;"RES"
"680";"Portugal";2015;11681879510,527;11161224728,627;"RES"
"681";"Portugal";2016;11385018907,164;6652293044,518;"RES"
"682";"Portugal";2017;13313425194,857;11481045045,089;"RES"
"683";"Portugal";2018;16266280443,801;9036065989,272;"RES"
"684";"Portugal";2019;15654840303,567;5937102593,753;"RES"
"685";"Portugal";2020;13657457043,062;9812406506,016;"RES"
"686";"Portugal";2021;20284772629,396;7272728668,822;"RES"
"687";"Spain";1988;12687751531;32494733010;"RES"
"688";"Spain";1989;14532141661;37645160493;"RES"
"689";"Spain";1990;17478713851;38028128217;"RES"
"690";"Spain";1991;17579800561;39948438585;"RES"
"691";"Spain";1992;18593676190;38372014329;"RES"
"692";"Spain";1993;15482183990;39968487006;"RES"
"693";"Spain";1994;18680876103;39564774375;"RES"
"694";"Spain";1995;24155455013;43416538902;"RES"
"695";"Spain";1996;24069954821;43039104678;"RES"
"696";"Spain";1997;23986336527;44478171745;"RES"
"697";"Spain";1998;25259536610;48804845322;"RES"
"698";"Spain";1999;26385030995;52820083200;"RES"
"699";"Spain";2000;27627454060,772;29541133606,146;"RES"
"700";"Spain";2001;28213035409,22;38716560400,045;"RES"
"701";"Spain";2002;30263265102,722;31701159718,235;"RES"
"702";"Spain";2003;38827422503,281;12231952586,053;"RES"
"703";"Spain";2004;46822656912,281;25732154062,586;"RES"
"704";"Spain";2005;52134175245,456;31848031237,41;"RES"
"705";"Spain";2006;61560786080,657;43256051851,151;"RES"
"706";"Spain";2007;73523072883,104;16607770213,219;"RES"
"707";"Spain";2008;79624611021,716;39548971495,352;"RES"
"708";"Spain";2009;54390658364,114;12914305002,271;"RES"
"709";"Spain";2010;65532089130,438;30178189784,995;"RES"
"710";"Spain";2011;79911851926,147;32597825866,555;"RES"
"711";"Spain";2012;68845084244,742;8130101968,42;"RES"
"712";"Spain";2013;68123410669,106;9644515459,186;"RES"
"713";"Spain";2014;67385133897,137;5722389491,929;"RES"
"714";"Spain";2015;54877247568,819;13848893129,019;"RES"
"715";"Spain";2016;53219240366,964;6574133376,486;"RES"
"716";"Spain";2017;62029517737,694;10508392826,355;"RES"
"717";"Spain";2018;69200349066,214;7443368300,214;"RES"
"718";"Spain";2019;64627311222,471;11363078171,431;"RES"
"719";"Spain";2020;56454787427,899;11589257792,111;"RES"
"720";"Spain";2021;78931671119,846;9274374799,153;"RES"
"721";"Austria";1988;8013098501;1991945861;"LOW"
"722";"Austria";1989;8513370269;2280560993;"LOW"
"723";"Austria";1990;11070312439;2479992795;"LOW"
"724";"Austria";1991;11203762216;2665873961;"LOW"
"725";"Austria";1992;12030983759;2761252539;"LOW"
"726";"Austria";1993;11310199156;2776318941;"LOW"
"727";"Austria";1994;12496919397;3228545669;"LOW"
"728";"Austria";1995;14847016316;3443258664;"LOW"
"729";"Austria";1996;14879304695;3461091207;"LOW"
"730";"Austria";1997;13908779871;3827172682;"LOW"
"731";"Austria";1998;14271440604;4125357411;"LOW"
"732";"Austria";1999;13973907177;4046799992;"LOW"
"733";"Austria";2000;13598076985;4592401340;"LOW"
"734";"Austria";2001;14118432867;4884008669;"LOW"
"735";"Austria";2002;14368316992;4639011159;"LOW"
"736";"Austria";2003;17641734695;4891949810;"LOW"
"737";"Austria";2004;21069150312;4930422291;"LOW"
"738";"Austria";2005;22012902247;4901870779;"LOW"
"739";"Austria";2006;24069391836;5655496904;"LOW"
"740";"Austria";2007;29217673943;6930086653;"LOW"
"741";"Austria";2008;32597658824;6286169583;"LOW"
"742";"Austria";2009;26075741819;4889448947;"LOW"
"743";"Austria";2010;28173418665;5597543295;"LOW"
"744";"Austria";2011;33321725156;6061393311;"LOW"
"745";"Austria";2012;30239966505,928;5222225434,522;"LOW"
"746";"Austria";2013;31129101114,756;5252770592,611;"LOW"
"747";"Austria";2014;32627586044,631;6514407768,097;"LOW"
"748";"Austria";2015;28315090823,086;5570653980,456;"LOW"
"749";"Austria";2016;29628808028,254;6528063710,275;"LOW"
"750";"Austria";2017;32150304301,082;7519872856,957;"LOW"
"751";"Austria";2018;35717772464,273;7675653035,786;"LOW"
"752";"Austria";2019;34087799944,907;7542051526,449;"LOW"
"753";"Austria";2020;32253605553,541;5929219526,656;"LOW"
"754";"Austria";2021;40423179780,537;8237352662,938;"LOW"
"755";"Belgium";1999;24896175290;10769313954;"LOW"
"756";"Belgium";2000;24882619117;11697586794;"LOW"
"757";"Belgium";2001;24518738954;10649079116;"LOW"
"758";"Belgium";2002;25071693996;10398476858;"LOW"
"759";"Belgium";2003;29748510039;10776515573;"LOW"
"760";"Belgium";2004;36171245677;13385935594;"LOW"
"761";"Belgium";2005;38431159225;13004785903;"LOW"
"762";"Belgium";2006;43471229300;16953920103;"LOW"
"763";"Belgium";2007;53242256170;18677451244;"LOW"
"764";"Belgium";2008;58347534340;17303409081;"LOW"
"765";"Belgium";2009;44582821045;11550191366;"LOW"
"766";"Belgium";2010;32504001955,747;10593586370,964;"LOW"
"767";"Belgium";2011;37534845804,248;11327384334;"LOW"
"768";"Belgium";2012;32910835263,217;9834772537,271;"LOW"
"769";"Belgium";2013;34339920911,803;10288099209,73;"LOW"
"770";"Belgium";2014;36348092483,773;9174507540,23;"LOW"
"771";"Belgium";2015;29441140840,186;11071971979,206;"LOW"
"772";"Belgium";2016;30518022529,122;10665987521,128;"LOW"
"773";"Belgium";2017;32452295358,239;8626874783,134;"LOW"
"774";"Belgium";2018;34838471754,511;11199453204,588;"LOW"
"775";"Belgium";2019;32493679595,684;11617377007,609;"LOW"
"776";"Belgium";2020;31393095201,422;11857483781,934;"LOW"
"777";"Belgium";2021;38056921579,073;9523020224,919;"LOW"
"778";"Finland";1988;3383295977;902109220;"LOW"
"779";"Finland";1989;3918737498;1053802191;"LOW"
"780";"Finland";1990;4434251379;1055004861;"LOW"
"781";"Finland";1991;3614467174;821801749;"LOW"
"782";"Finland";1992;3269961120;828913087;"LOW"
"783";"Finland";1993;2649695695;872272919;"LOW"
"784";"Finland";1994;3403232748;1115320733;"LOW"
"785";"Finland";1995;4129225215;1212964142;"LOW"
"786";"Finland";1996;4226027484;1231799711;"LOW"
"787";"Finland";1997;4267105743;1471998485;"LOW"
"788";"Finland";1998;4434627096;1547579311;"LOW"
"789";"Finland";1999;4170799715;1457113288;"LOW"
"790";"Finland";2000;4159537254;1625403377;"LOW"
"791";"Finland";2001;4304664812;1607265204;"LOW"
"792";"Finland";2002;4359717015;1561627325;"LOW"
"793";"Finland";2003;5338119781;1648571303;"LOW"
"794";"Finland";2004;6354726480;1823908577;"LOW"
"795";"Finland";2005;7007689164;1834480564;"LOW"
"796";"Finland";2006;7825252722;2020932388;"LOW"
"797";"Finland";2007;9629606927;2300182574;"LOW"
"798";"Finland";2008;10738733217;2262220079;"LOW"
"799";"Finland";2009;7607196331;1456083424;"LOW"
"800";"Finland";2010;8516095560;1798901474;"LOW"
"801";"Finland";2011;9908558000;1934860339;"LOW"
"802";"Finland";2012;9082664147;1551551964;"LOW"
"803";"Finland";2013;9228157487;1829875877;"LOW"
"804";"Finland";2014;8940371016;1862320300;"LOW"
"805";"Finland";2015;7419722826;1772199187;"LOW"
"806";"Finland";2016;7647775754;1924520542;"LOW"
"807";"Finland";2017;8324793864,631;1098998143,462;"LOW"
"808";"Finland";2018;9103103371,333;1237048297,448;"LOW"
"809";"Finland";2019;8936799320,46;127456817,365;"LOW"
"810";"Finland";2020;8778002599,844;1300905113,001;"LOW"
"811";"Finland";2021;10531883162,554;2275658687,61;"LOW"
"812";"France";1988;32646104140;13551369731;"LOW"
"813";"France";1989;34878255164;14654438649;"LOW"
"814";"France";1990;43292698368;15641969665;"LOW"
"815";"France";1991;42862537116;15411689838;"LOW"
"816";"France";1992;45468353016;15304259707;"LOW"
"817";"France";1993;38125742382;14375156570;"LOW"
"818";"France";1994;42144315580;16404837959;"LOW"
"819";"France";1995;50268974995;17415610690;"LOW"
"820";"France";1996;49448506688;17087930952;"LOW"
"821";"France";1997;48472658444;19034111924;"LOW"
"822";"France";1998;52355095968;20740842465;"LOW"
"823";"France";1999;51071714276;21803634225;"LOW"
"824";"France";2000;51567026736;24520111140;"LOW"
"825";"France";2001;51122036837;22906209049;"LOW"
"826";"France";2002;54193855412;22790571620;"LOW"
"827";"France";2003;65032931886;22527447435;"LOW"
"828";"France";2004;77639364938;24686772187;"LOW"
"829";"France";2005;82192443113;23825114771;"LOW"
"830";"France";2006;89389567927;26170996029;"LOW"
"831";"France";2007;105990754483;25684138481;"LOW"
"832";"France";2008;116204011840;25890663353;"LOW"
"833";"France";2009;94256929099;17199640741;"LOW"
"834";"France";2010;102868136139;20969122815;"LOW"
"835";"France";2011;117814118525;25175013835;"LOW"
"836";"France";2012;107315569849;23133447369;"LOW"
"837";"France";2013;109721368217;22971885363;"LOW"
"838";"France";2014;113224129642;23520781937;"LOW"
"839";"France";2015;101099770354;23877939119;"LOW"
"840";"France";2016;102252492866;24520550470;"LOW"
"841";"France";2017;110994577065,17;8113482615,386;"LOW"
"842";"France";2018;120262331164,225;13890458471,538;"LOW"
"843";"France";2019;119300540824,403;7709523774,152;"LOW"
"844";"France";2020;112231776895,917;20419155522,86;"LOW"
"845";"France";2021;130908942669,9;21408789557,924;"LOW"
"846";"Germany";1991;78719187264;23975247714;"LOW"
"847";"Germany";1992;83385024616;25369521316;"LOW"
"848";"Germany";1993;69780175856;21770317883;"LOW"
"849";"Germany";1994;76451382584;25170005246;"LOW"
"850";"Germany";1995;88522099256;27334028066;"LOW"
"851";"Germany";1996;85937383968;25309708891;"LOW"
"852";"Germany";1997;79674085600;27117319269;"LOW"
"853";"Germany";1998;84349086992;28957361164;"LOW"
"854";"Germany";1999;80125981384;29477623995;"LOW"
"855";"Germany";2000;73557497000;29902896484;"LOW"
"856";"Germany";2001;76444581000;30890957323;"LOW"
"857";"Germany";2002;77624333000;29092047765;"LOW"
"858";"Germany";2003;89348084000;28859718659;"LOW"
"859";"Germany";2004;100819377000;30144400285;"LOW"
"860";"Germany";2005;114012953000;32668681930;"LOW"
"861";"Germany";2006;127165288000;37089289323;"LOW"
"862";"Germany";2007;146950156000;36265683545;"LOW"
"863";"Germany";2008;174093632039,189;21856613535,263;"LOW"
"864";"Germany";2009;137937277731,842;16347203777,828;"LOW"
"865";"Germany";2010;152149450907,478;26712371741,858;"LOW"
"866";"Germany";2011;182339037719,351;36176359506,352;"LOW"
"867";"Germany";2012;164726404985,44;34344177530,903;"LOW"
"868";"Germany";2013;171499861899,973;32787137781,791;"LOW"
"869";"Germany";2014;183209879124,617;35932276027,189;"LOW"
"870";"Germany";2015;164197422023,799;38314527323,844;"LOW"
"871";"Germany";2016;165449699224,77;37989434595,897;"LOW"
"872";"Germany";2017;179175858287,592;40351737944,656;"LOW"
"873";"Germany";2018;194148250832,203;33694736552,911;"LOW"
"874";"Germany";2019;185364814711,772;39643625938,342;"LOW"
"875";"Germany";2020;183643272587,223;31733586290,332;"LOW"
"876";"Germany";2021;216881180567,159;39820675117,081;"LOW"
"877";"Greece";1988;2126527698;966508980;"LOW"
"878";"Greece";1989;2882776859;1528035278;"LOW"
"879";"Greece";1990;3562218955;1690854136;"LOW"
"880";"Greece";1991;3687107088;1906920467;"LOW"
"881";"Greece";1992;3714034412;1178196483;"LOW"
"882";"Greece";1993;3391159623;1464551953;"LOW"
"883";"Greece";1994;3754254428;1494243798;"LOW"
"884";"Greece";1995;4582208803;1960436870;"LOW"
"885";"Greece";1996;5168897873;2586146827;"LOW"
"886";"Greece";1997;5137437055;2429742498;"LOW"
"887";"Greece";1998;5461881930;2725932227;"LOW"
"888";"Greece";1999;5139655188;2641079794;"LOW"
"889";"Greece";2000;4715985727;5673471054;"LOW"
"890";"Greece";2001;4623388759;3650095211;"LOW"
"891";"Greece";2002;4847105127;3209181839;"LOW"
"892";"Greece";2003;6953587884;3480986645;"LOW"
"893";"Greece";2004;8542808631;3965175903;"LOW"
"894";"Greece";2005;8861036588;3493003642;"LOW"
"895";"Greece";2006;10064445095;4282656996;"LOW"
"896";"Greece";2007;12860670763;5315162948;"LOW"
"897";"Greece";2008;15262758924;4110788936;"LOW"
"898";"Greece";2009;11304106891;3098209303;"LOW"
"899";"Greece";2010;9388482612;2620085011;"LOW"
"900";"Greece";2011;8779757617;2433142521;"LOW"
"901";"Greece";2012;6779954813;1959478621;"LOW"
"902";"Greece";2013;7050902161;2090240462;"LOW"
"903";"Greece";2014;7506447392;2176676280;"LOW"
"904";"Greece";2015;6251931638;2084126843;"LOW"
"905";"Greece";2016;6827242171;2419183226;"LOW"
"906";"Greece";2017;7390024271,633;2118995321,659;"LOW"
"907";"Greece";2018;8493536403,647;1962011076,833;"LOW"
"908";"Greece";2019;8757338465,589;2281107824,851;"LOW"
"909";"Greece";2020;7735692550,374;1730718384,726;"LOW"
"910";"Greece";2021;9930292747,466;2805804574,583;"LOW"
"911";"Ireland";1988;2834545178;830037086;"LOW"
"912";"Ireland";1989;3003941126;937845444;"LOW"
"913";"Ireland";1990;3779590819;1011537379;"LOW"
"914";"Ireland";1991;3885691974;997001319;"LOW"
"915";"Ireland";1992;4264134811;1120165922;"LOW"
"916";"Ireland";1993;3424711112;941477491;"LOW"
"917";"Ireland";1994;3826257397;1116895513;"LOW"
"918";"Ireland";1995;4317980060;1162683323;"LOW"
"919";"Ireland";1996;5414451717;1611591668;"LOW"
"920";"Ireland";1997;5641315219;1401154922;"LOW"
"921";"Ireland";1998;5720068411;1483992160;"LOW"
"922";"Ireland";1999;5795580755;1538588276;"LOW"
"923";"Ireland";2000;5792448347,136;1530527316,988;"LOW"
"924";"Ireland";2001;6049965948,66;1467265797,272;"LOW"
"925";"Ireland";2002;6310499472,809;1668365845,046;"LOW"
"926";"Ireland";2003;7853580680,669;1892927156,691;"LOW"
"927";"Ireland";2004;9061893830,266;2031240441,027;"LOW"
"928";"Ireland";2005;9813326868,527;1939745446,461;"LOW"
"929";"Ireland";2006;10476746748,948;2398092871,795;"LOW"
"930";"Ireland";2007;12257638884,604;2471042340,392;"LOW"
"931";"Ireland";2008;11965071144,043;2172123115,59;"LOW"
"932";"Ireland";2009;8847203070,133;1488480377,252;"LOW"
"933";"Ireland";2010;8400804289,488;1408583768,848;"LOW"
"934";"Ireland";2011;8892595630,9;1424004199,891;"LOW"
"935";"Ireland";2012;8342026730,011;1260568166,048;"LOW"
"936";"Ireland";2013;8370104246,506;1350205739,91;"LOW"
"937";"Ireland";2014;9313253654,797;1662617343,613;"LOW"
"938";"Ireland";2015;8980690985,869;1543378141,284;"LOW"
"939";"Ireland";2016;9226559403,764;1767232907,85;"LOW"
"940";"Ireland";2017;9623279482,235;2334603842,132;"LOW"
"941";"Ireland";2018;10699775702,167;2617462817,733;"LOW"
"942";"Ireland";2019;11164317266,916;3112260729,273;"LOW"
"943";"Ireland";2020;12068760597,84;2858648642,173;"LOW"
"944";"Ireland";2021;14998436292,898;2678132553,074;"LOW"
"945";"Italy";1988;17747325769;8710229103;"LOW"
"946";"Italy";1989;19960723570;10263880318;"LOW"
"947";"Italy";1990;23456585520;11121400099;"LOW"
"948";"Italy";1991;23797441240;10463459188;"LOW"
"949";"Italy";1992;25630497144;11404770583;"LOW"
"950";"Italy";1993;20230251254;9705029426;"LOW"
"951";"Italy";1994;24544039368;11958191195;"LOW"
"952";"Italy";1995;30036020902;13685956078;"LOW"
"953";"Italy";1996;30399999080;12828841191;"LOW"
"954";"Italy";1997;31367320184;15339495812;"LOW"
"955";"Italy";1998;33603464210;17081634240;"LOW"
"956";"Italy";1999;32373761654;17157864459;"LOW"
"957";"Italy";2000;34778497223;19516566763;"LOW"
"958";"Italy";2001;35529271231;19905248297;"LOW"
"959";"Italy";2002;37406377302;19648686588;"LOW"
"960";"Italy";2003;45340381680;20370322486;"LOW"
"961";"Italy";2004;54105191993;20909649208;"LOW"
"962";"Italy";2005;57461880434;19899728876;"LOW"
"963";"Italy";2006;67701580437;24428021000;"LOW"
"964";"Italy";2007;80566317797;25948121521;"LOW"
"965";"Italy";2008;85094413838;23234139793;"LOW"
"966";"Italy";2009;61904500658;15423520864;"LOW"
"967";"Italy";2010;72691061406;18464596209;"LOW"
"968";"Italy";2011;83898939281;20034777409;"LOW"
"969";"Italy";2012;69382643925;16229405370;"LOW"
"970";"Italy";2013;71435504954;18137897665;"LOW"
"971";"Italy";2014;76473025189;19573113963;"LOW"
"972";"Italy";2015;68753058751,42;21006805290,81;"LOW"
"973";"Italy";2016;68271831468,617;19849128167,176;"LOW"
"974";"Italy";2017;74241759986,985;17846933911,671;"LOW"
"975";"Italy";2018;81980456481,006;18080679523,281;"LOW"
"976";"Italy";2019;77194446389,29;20452587431,434;"LOW"
"977";"Italy";2020;68744259796,559;10731965520,102;"LOW"
"978";"Italy";2021;88607063952,453;20919994336,992;"LOW"
"979";"Netherlands";1988;18186918138;7163883747;"LOW"
"980";"Netherlands";1989;18610311489;7629550599;"LOW"
"981";"Netherlands";1990;23389044744;7927254686;"LOW"
"982";"Netherlands";1991;24186961912;8195570109;"LOW"
"983";"Netherlands";1992;25841595926;8221203706;"LOW"
"984";"Netherlands";1993;20505495480;7313588251;"LOW"
"985";"Netherlands";1994;22658552459;8481173297;"LOW"
"986";"Netherlands";1995;25907540758;9018770173;"LOW"
"987";"Netherlands";1996;25977998260;9246341162;"LOW"
"988";"Netherlands";1997;27399737578;9390959302;"LOW"
"989";"Netherlands";1998;23980008300;8849905231;"LOW"
"990";"Netherlands";1999;25431072837;9307973595;"LOW"
"991";"Netherlands";2000;24100669966;9450532255;"LOW"
"992";"Netherlands";2001;23336200539;9070331966;"LOW"
"993";"Netherlands";2002;23121985276;9451982680;"LOW"
"994";"Netherlands";2003;27968878006;9275304773;"LOW"
"995";"Netherlands";2004;32297104041;10306939159;"LOW"
"996";"Netherlands";2005;33737824174;10726569467;"LOW"
"997";"Netherlands";2006;39117800172;12775325243;"LOW"
"998";"Netherlands";2007;46155794129;14312444444;"LOW"
"999";"Netherlands";2008;57444819558;12752435040;"LOW"
"1000";"Netherlands";2009;45479102616;2798055635;"LOW"
"1001";"Netherlands";2010;49025909843;11568466577;"LOW"
"1002";"Netherlands";2011;61806379921,119;15331776448,004;"LOW"
"1003";"Netherlands";2012;56375391760,836;12035489716,883;"LOW"
"1004";"Netherlands";2013;58998120125,748;13267619256,049;"LOW"
"1005";"Netherlands";2014;62905182249,081;12081830476,378;"LOW"
"1006";"Netherlands";2015;56576418274,909;14530592268,931;"LOW"
"1007";"Netherlands";2016;57747760976,868;15438542612,66;"LOW"
"1008";"Netherlands";2017;64660471123,49;16218530869,389;"LOW"
"1009";"Netherlands";2018;72229104359,539;17795930886,627;"LOW"
"1010";"Netherlands";2019;73173218551,168;17662982940,039;"LOW"
"1011";"Netherlands";2020;72445215885,612;16062266245,88;"LOW"
"1012";"Netherlands";2021;92160953252,912;19106214852,735;"LOW"
"1013";"Portugal";1988;2689173718;1209113182;"LOW"
"1014";"Portugal";1989;3028475308;1403024391;"LOW"
"1015";"Portugal";1990;4283658017;1568400627;"LOW"
"1016";"Portugal";1991;4749474576;1803104065;"LOW"
"1017";"Portugal";1992;5615578726;1920426592;"LOW"
"1018";"Portugal";1993;4470786678;1779161779;"LOW"
"1019";"Portugal";1994;4934428600;2075350998;"LOW"
"1020";"Portugal";1995;6359561530;2546761724;"LOW"
"1021";"Portugal";1996;6206378876;2377539308;"LOW"
"1022";"Portugal";1997;6556636485;3001753615;"LOW"
"1023";"Portugal";1998;7158837775;3281345728;"LOW"
"1024";"Portugal";1999;7375088062;3970646154;"LOW"
"1025";"Portugal";2000;7036130917;4006531235;"LOW"
"1026";"Portugal";2001;7105395685;4353963334;"LOW"
"1027";"Portugal";2002;7504928357;4424026031;"LOW"
"1028";"Portugal";2003;8795239028;4141498552;"LOW"
"1029";"Portugal";2004;10532565425;4765322439;"LOW"
"1030";"Portugal";2005;10895626802;4298723909;"LOW"
"1031";"Portugal";2006;12299084831;5025834737;"LOW"
"1032";"Portugal";2007;14173646636;4901149919;"LOW"
"1033";"Portugal";2008;15760989642;4781905005;"LOW"
"1034";"Portugal";2009;12484698534;3736372294;"LOW"
"1035";"Portugal";2010;13318695215;4204123994;"LOW"
"1036";"Portugal";2011;14048635730;3904915083;"LOW"
"1037";"Portugal";2012;11696463251;3358885444;"LOW"
"1038";"Portugal";2013;12558172440;3585235078;"LOW"
"1039";"Portugal";2014;13560232286;4026486793;"LOW"
"1040";"Portugal";2015;12014250463,843;3258487040,058;"LOW"
"1041";"Portugal";2016;12401958696,894;3282915191,944;"LOW"
"1042";"Portugal";2017;14053897705,618;3925102677,706;"LOW"
"1043";"Portugal";2018;16633726820,105;3946730852,433;"LOW"
"1044";"Portugal";2019;15240350193,573;2875913666,795;"LOW"
"1045";"Portugal";2020;13547226390,697;3351348552,199;"LOW"
"1046";"Portugal";2021;17415142192,894;1238056776,853;"LOW"
"1047";"Spain";1988;6279544960;3382097772;"LOW"
"1048";"Spain";1989;7775523807;3812919532;"LOW"
"1049";"Spain";1990;10800593319;4482672875;"LOW"
"1050";"Spain";1991;12770455438;4726203057;"LOW"
"1051";"Spain";1992;14951608009;5108785407;"LOW"
"1052";"Spain";1993;10686393589;4531093442;"LOW"
"1053";"Spain";1994;12637507219;5526149147;"LOW"
"1054";"Spain";1995;15169541281;7088151830;"LOW"
"1055";"Spain";1996;16747430213;7602164164;"LOW"
"1056";"Spain";1997;17681376070;9974779711;"LOW"
"1057";"Spain";1998;19518330111;10612442902;"LOW"
"1058";"Spain";1999;20744377120;12488471754;"LOW"
"1059";"Spain";2000;20916797318,386;7737168361,556;"LOW"
"1060";"Spain";2001;21482673233,164;10708404984,097;"LOW"
"1061";"Spain";2002;23803739329,818;9362663321,384;"LOW"
"1062";"Spain";2003;30672138960,074;6081698069,838;"LOW"
"1063";"Spain";2004;37381471051,525;7377783433,095;"LOW"
"1064";"Spain";2005;41652113244,975;9085559941,756;"LOW"
"1065";"Spain";2006;47863370526,977;4533558285,888;"LOW"
"1066";"Spain";2007;59011981431,023;16706710512,307;"LOW"
"1067";"Spain";2008;61547494555,48;7958097505,278;"LOW"
"1068";"Spain";2009;45754076642,884;4737143479,745;"LOW"
"1069";"Spain";2010;49806731803,577;3653304212,014;"LOW"
"1070";"Spain";2011;54586320637,204;5585811565,579;"LOW"
"1071";"Spain";2012;47559676844,9;2299259272,751;"LOW"
"1072";"Spain";2013;48687666346,22;1838876188,789;"LOW"
"1073";"Spain";2014;54366265051,372;6114227479,324;"LOW"
"1074";"Spain";2015;50250750605,142;3557062485,598;"LOW"
"1075";"Spain";2016;52951794206,295;2300044236,924;"LOW"
"1076";"Spain";2017;58092511125,911;1461918256,301;"LOW"
"1077";"Spain";2018;62698899917,864;2585247438,639;"LOW"
"1078";"Spain";2019;61195503498,037;2592385353,514;"LOW"
"1079";"Spain";2020;55877995969,221;2226477472,602;"LOW"
"1080";"Spain";2021;67821439777,564;2688116556,994;"LOW"
"1081";"Austria";1988;13513463112;3922798901;"MED"
"1082";"Austria";1989;14168757396;3980016439;"MED"
"1083";"Austria";1990;18841295435;4278576100;"MED"
"1084";"Austria";1991;19365439915;4406755364;"MED"
"1085";"Austria";1992;21310092671;4531509390;"MED"
"1086";"Austria";1993;18366194519;4180991195;"MED"
"1087";"Austria";1994;20946958796;4686828596;"MED"
"1088";"Austria";1995;24608417052;4959293643;"MED"
"1089";"Austria";1996;25450473019;5594845245;"MED"
"1090";"Austria";1997;23845002832;5183584899;"MED"
"1091";"Austria";1998;25431460054;5608149570;"MED"
"1092";"Austria";1999;24766965794;5449516877;"MED"
"1093";"Austria";2000;24705919396;6146230979;"MED"
"1094";"Austria";2001;25540132973;6388260943;"MED"
"1095";"Austria";2002;26019819286;6263914955;"MED"
"1096";"Austria";2003;33461900881;6754871631;"MED"
"1097";"Austria";2004;40482918621;7359158332;"MED"
"1098";"Austria";2005;42329030566;7703264747;"MED"
"1099";"Austria";2006;46198112064;7975086834;"MED"
"1100";"Austria";2007;55716116092;8907793561;"MED"
"1101";"Austria";2008;59766018178;8888754177;"MED"
"1102";"Austria";2009;44865061773;7059467579;"MED"
"1103";"Austria";2010;49249558690;8011676592;"MED"
"1104";"Austria";2011;59351902976;8826057865;"MED"
"1105";"Austria";2012;54680323133,936;8264708216,1;"MED"
"1106";"Austria";2013;57173997229,011;8473125030,717;"MED"
"1107";"Austria";2014;58040012330,213;8762676080,535;"MED"
"1108";"Austria";2015;51265724266,656;9357675529,427;"MED"
"1109";"Austria";2016;54016190846,16;9703308978,405;"MED"
"1110";"Austria";2017;59366585897,377;10333886924,754;"MED"
"1111";"Austria";2018;64982754905,813;8567045171,34;"MED"
"1112";"Austria";2019;62746520319,472;9754717582,359;"MED"
"1113";"Austria";2020;57175681104,969;9270068520,906;"MED"
"1114";"Austria";2021;72505243067,008;10279935655,761;"MED"
"1115";"Belgium";1999;57041812409;22045030052;"MED"
"1116";"Belgium";2000;57977986733;21129962934;"MED"
"1117";"Belgium";2001;59972125299;20196484452;"MED"
"1118";"Belgium";2002;62741142179;21271530291;"MED"
"1119";"Belgium";2003;76156724173;22369999832;"MED"
"1120";"Belgium";2004;91284178668;22965653349;"MED"
"1121";"Belgium";2005;95397421090;24496669633;"MED"
"1122";"Belgium";2006;102394745521;25313907987;"MED"
"1123";"Belgium";2007;123394524829;23614375717;"MED"
"1124";"Belgium";2008;137748846618;23716703210;"MED"
"1125";"Belgium";2009;102013986984;21788425371;"MED"
"1126";"Belgium";2010;86474935793,877;17509163117,809;"MED"
"1127";"Belgium";2011;99515838851,152;22102158533,978;"MED"
"1128";"Belgium";2012;90710198854,785;20834150015,547;"MED"
"1129";"Belgium";2013;93022048163,282;20807054901,416;"MED"
"1130";"Belgium";2014;96050208287,556;21179797971,358;"MED"
"1131";"Belgium";2015;81658300683,558;21473743340,585;"MED"
"1132";"Belgium";2016;89815374917,581;20513523388,902;"MED"
"1133";"Belgium";2017;96411270034,639;19981965911,99;"MED"
"1134";"Belgium";2018;102379563359,528;23466122844,955;"MED"
"1135";"Belgium";2019;100205998129,078;21006953723,698;"MED"
"1136";"Belgium";2020;91446075667,858;17781961081,336;"MED"
"1137";"Belgium";2021;108624983080,863;23747952725,92;"MED"
"1138";"Finland";1988;8143085190;1920216659;"MED"
"1139";"Finland";1989;9844589846;2919812673;"MED"
"1140";"Finland";1990;10311872344;2257718654;"MED"
"1141";"Finland";1991;7540501602;1718080948;"MED"
"1142";"Finland";1992;7136718823;1797602159;"MED"
"1143";"Finland";1993;5731515804;1801281236;"MED"
"1144";"Finland";1994;7335635243;2061745153;"MED"
"1145";"Finland";1995;9513992362;2532471448;"MED"
"1146";"Finland";1996;9917203623;2535196887;"MED"
"1147";"Finland";1997;10038101804;2603045036;"MED"
"1148";"Finland";1998;10681426773;2784312250;"MED"
"1149";"Finland";1999;9949803945;2881198596;"MED"
"1150";"Finland";2000;9820590356;3125337035;"MED"
"1151";"Finland";2001;9918232202;3548331139;"MED"
"1152";"Finland";2002;10456816185;3886477394;"MED"
"1153";"Finland";2003;13081948741;3765008019;"MED"
"1154";"Finland";2004;15588035238;3811238804;"MED"
"1155";"Finland";2005;17686204500;3853083577;"MED"
"1156";"Finland";2006;19963203188;5278451865;"MED"
"1157";"Finland";2007;24177096159;5369696490;"MED"
"1158";"Finland";2008;27208593408;6086650685;"MED"
"1159";"Finland";2009;16397364664;3533137810;"MED"
"1160";"Finland";2010;18013840117;5131367426;"MED"
"1161";"Finland";2011;21870874152;4059280578;"MED"
"1162";"Finland";2012;19640801397;2283087283;"MED"
"1163";"Finland";2013;19679581578;3044230135;"MED"
"1164";"Finland";2014;19667069280;3646541618;"MED"
"1165";"Finland";2015;16797053867;3484678495;"MED"
"1166";"Finland";2016;17269660640;3632632417;"MED"
"1167";"Finland";2017;20904783582,963;1969421480,367;"MED"
"1168";"Finland";2018;22782092244,877;2647203618,729;"MED"
"1169";"Finland";2019;21885220971,069;575250219,409;"MED"
"1170";"Finland";2020;20578834341,388;3281310172,371;"MED"
"1171";"Finland";2021;25072988017,908;3384546455,662;"MED"
"1172";"France";1988;56607538575;24789927622;"MED"
"1173";"France";1989;61427093449;27182629940;"MED"
"1174";"France";1990;76013326141;28031334703;"MED"
"1175";"France";1991;73677396957;25717699621;"MED"
"1176";"France";1992;78118013345;25885700818;"MED"
"1177";"France";1993;63430097751;21796965965;"MED"
"1178";"France";1994;73995302643;24501183742;"MED"
"1179";"France";1995;89614671329;27276729203;"MED"
"1180";"France";1996;90360932363;26499547485;"MED"
"1181";"France";1997;83967616638;27083305846;"MED"
"1182";"France";1998;94931389093;30361351758;"MED"
"1183";"France";1999;96930979479;30926611148;"MED"
"1184";"France";2000;96909354955;33707855837;"MED"
"1185";"France";2001;95852983308;33321081989;"MED"
"1186";"France";2002;100490658107;31755056962;"MED"
"1187";"France";2003;119650609780;33788047943;"MED"
"1188";"France";2004;141500080169;35207675748;"MED"
"1189";"France";2005;151937663460;34885409169;"MED"
"1190";"France";2006;163847989640;35536118161;"MED"
"1191";"France";2007;197177741658;31474485697;"MED"
"1192";"France";2008;214471241955;31555825315;"MED"
"1193";"France";2009;161653435325;27233527708;"MED"
"1194";"France";2010;173287560671;25999734860;"MED"
"1195";"France";2011;206306980931;37961838817;"MED"
"1196";"France";2012;184978700146;36209762051;"MED"
"1197";"France";2013;189901802357;36096433261;"MED"
"1198";"France";2014;191849479678;37406263867;"MED"
"1199";"France";2015;173832141669;37967157419;"MED"
"1200";"France";2016;180832533954;39160384375;"MED"
"1201";"France";2017;206265681168,07;11162245509,683;"MED"
"1202";"France";2018;220378758765,951;12277545924,961;"MED"
"1203";"France";2019;218833744082,641;19103290008,756;"MED"
"1204";"France";2020;190399616785,697;37583757451,112;"MED"
"1205";"France";2021;231118068943,246;40199515092,556;"MED"
"1206";"Germany";1991;115752503384;31269312674;"MED"
"1207";"Germany";1992;121745897040;32628700981;"MED"
"1208";"Germany";1993;89867665760;27861256130;"MED"
"1209";"Germany";1994;102610650264;31983909621;"MED"
"1210";"Germany";1995;127818371816;33554908511;"MED"
"1211";"Germany";1996;129796099630;32233137055;"MED"
"1212";"Germany";1997;123220987576;33916983622;"MED"
"1213";"Germany";1998;136514069648;38505282262;"MED"
"1214";"Germany";1999;138573295528;38209290468;"MED"
"1215";"Germany";2000;132129948000;39937095883;"MED"
"1216";"Germany";2001;140120269000;40885990135;"MED"
"1217";"Germany";2002;146017336000;39631336982;"MED"
"1218";"Germany";2003;173926904000;40677358868;"MED"
"1219";"Germany";2004;201832871000;42668678198;"MED"
"1220";"Germany";2005;226759316000;47225231671;"MED"
"1221";"Germany";2006;266055394000;54052595004;"MED"
"1222";"Germany";2007;293507529000;53069568042;"MED"
"1223";"Germany";2008;342518995079,982;26841869747,072;"MED"
"1224";"Germany";2009;260746900187,316;20786182430,598;"MED"
"1225";"Germany";2010;296217048103,444;46498212755,208;"MED"
"1226";"Germany";2011;355414254787,926;47597783831,481;"MED"
"1227";"Germany";2012;327990095994,245;45387406813,764;"MED"
"1228";"Germany";2013;338043208054,439;46323928142,131;"MED"
"1229";"Germany";2014;352918803981,627;53214487822,597;"MED"
"1230";"Germany";2015;316935335639,731;47192961055,054;"MED"
"1231";"Germany";2016;332034433491,476;50328163063,033;"MED"
"1232";"Germany";2017;367875026284,313;43916409628,001;"MED"
"1233";"Germany";2018;397743992272,978;41032829862,372;"MED"
"1234";"Germany";2019;394370787490,341;57676531626,03;"MED"
"1235";"Germany";2020;363917876449,1;44648638655,135;"MED"
"1236";"Germany";2021;427537491249,796;48816740113,498;"MED"
"1237";"Greece";1988;4463078700;1620699317;"MED"
"1238";"Greece";1989;6125159798;2607828709;"MED"
"1239";"Greece";1990;7428213641;2703615539;"MED"
"1240";"Greece";1991;8211095312;3605892731;"MED"
"1241";"Greece";1992;9408868284;3320537980;"MED"
"1242";"Greece";1993;8420390445;2711909332;"MED"
"1243";"Greece";1994;7163431019;2868855058;"MED"
"1244";"Greece";1995;9093326938;3143001606;"MED"
"1245";"Greece";1996;9978757155;3919432698;"MED"
"1246";"Greece";1997;9239631094;3189127011;"MED"
"1247";"Greece";1998;10510826466;2985851632;"MED"
"1248";"Greece";1999;11148603783;3445920823;"MED"
"1249";"Greece";2000;10005004130;8950591761;"MED"
"1250";"Greece";2001;9171028085;4893045697;"MED"
"1251";"Greece";2002;11176096764;3388069302;"MED"
"1252";"Greece";2003;15578800935;4122800165;"MED"
"1253";"Greece";2004;17993791275;4492489317;"MED"
"1254";"Greece";2005;16284006951;3908579844;"MED"
"1255";"Greece";2006;19508288577;4405229517;"MED"
"1256";"Greece";2007;24002269349;5409364134;"MED"
"1257";"Greece";2008;26659328618;4457689964;"MED"
"1258";"Greece";2009;21861206977;3499721132;"MED"
"1259";"Greece";2010;15943879275;3269827436;"MED"
"1260";"Greece";2011;12608189142;2744779291;"MED"
"1261";"Greece";2012;11107105407;2538021340;"MED"
"1262";"Greece";2013;10746720051;2729029838;"MED"
"1263";"Greece";2014;12551185920;2944073560;"MED"
"1264";"Greece";2015;10452413595;3053431488;"MED"
"1265";"Greece";2016;11614163150;3365135376;"MED"
"1266";"Greece";2017;13660088403,041;2573319313,064;"MED"
"1267";"Greece";2018;13507899768,779;1691700679,49;"MED"
"1268";"Greece";2019;12368686488,165;1539605833,937;"MED"
"1269";"Greece";2020;11634124221,666;2368151687,119;"MED"
"1270";"Greece";2021;15478097002,914;2905511023,9;"MED"
"1271";"Ireland";1988;4520025803;2382360854;"MED"
"1272";"Ireland";1989;5310913922;2679540520;"MED"
"1273";"Ireland";1990;6147693867;2770837437;"MED"
"1274";"Ireland";1991;5810615746;2558659001;"MED"
"1275";"Ireland";1992;6337352044;2633304839;"MED"
"1276";"Ireland";1993;5350427179;2429468089;"MED"
"1277";"Ireland";1994;6468401871;2641810198;"MED"
"1278";"Ireland";1995;7815143985;3183995074;"MED"
"1279";"Ireland";1996;8811959791;3148526084;"MED"
"1280";"Ireland";1997;9757564094;3057754783;"MED"
"1281";"Ireland";1998;11424687871;3009367108;"MED"
"1282";"Ireland";1999;11172201422;3178217788;"MED"
"1283";"Ireland";2000;12502321297,325;3685549177,283;"MED"
"1284";"Ireland";2001;10958268800,21;3330734351,522;"MED"
"1285";"Ireland";2002;11029864976,289;3278537638,331;"MED"
"1286";"Ireland";2003;12544739947,265;3646477478,011;"MED"
"1287";"Ireland";2004;14332209637,52;3707681567,619;"MED"
"1288";"Ireland";2005;16382294652,337;3976869243,003;"MED"
"1289";"Ireland";2006;17495986586,119;4154132353,719;"MED"
"1290";"Ireland";2007;19929038745,627;4082706442,092;"MED"
"1291";"Ireland";2008;17909661362,079;4179962877,565;"MED"
"1292";"Ireland";2009;10619530617,615;2706104650,96;"MED"
"1293";"Ireland";2010;11530154479,263;3434342551,733;"MED"
"1294";"Ireland";2011;13383798104,042;3210880861,306;"MED"
"1295";"Ireland";2012;12161807358,775;3044829402,929;"MED"
"1296";"Ireland";2013;14366019026,45;3134634148,424;"MED"
"1297";"Ireland";2014;17292641746,831;1851075321,941;"MED"
"1298";"Ireland";2015;16957173769,238;3556869757,457;"MED"
"1299";"Ireland";2016;16224484628,676;3658877356,536;"MED"
"1300";"Ireland";2017;17260063301,165;2227470183,667;"MED"
"1301";"Ireland";2018;19616022794,233;4177286420,381;"MED"
"1302";"Ireland";2019;18715896831,935;3796751118,617;"MED"
"1303";"Ireland";2020;19995177755,881;4503368785,426;"MED"
"1304";"Ireland";2021;24130261964,25;4600969716,228;"MED"
"1305";"Italy";1988;40284778736;14931333660;"MED"
"1306";"Italy";1989;44167781500;16277063535;"MED"
"1307";"Italy";1990;53580572228;16898803915;"MED"
"1308";"Italy";1991;54884687984;17339922394;"MED"
"1309";"Italy";1992;59495454012;17728971959;"MED"
"1310";"Italy";1993;41982647804;15101140803;"MED"
"1311";"Italy";1994;47997058930;18801509649;"MED"
"1312";"Italy";1995;61644785202;20333784054;"MED"
"1313";"Italy";1996;63912173002;19512942798;"MED"
"1314";"Italy";1997;65400921254;22417878119;"MED"
"1315";"Italy";1998;71176075088;24629475708;"MED"
"1316";"Italy";1999;74283971656;26707929602;"MED"
"1317";"Italy";2000;74131505684;27448357387;"MED"
"1318";"Italy";2001;74734889488;27571806721;"MED"
"1319";"Italy";2002;79528786245;28288192884;"MED"
"1320";"Italy";2003;96858646554;29828363602;"MED"
"1321";"Italy";2004;114212424025;32061818602;"MED"
"1322";"Italy";2005;119217291561;32099233545;"MED"
"1323";"Italy";2006;131526522612;35758513204;"MED"
"1324";"Italy";2007;159396276609;38181420369;"MED"
"1325";"Italy";2008;165909857159;33307554526;"MED"
"1326";"Italy";2009;118733325801;26293470562;"MED"
"1327";"Italy";2010;131489747894;31332939049;"MED"
"1328";"Italy";2011;147485820472;31522997376;"MED"
"1329";"Italy";2012;121825684842;30057492177;"MED"
"1330";"Italy";2013;123604751581;30099145728;"MED"
"1331";"Italy";2014;130015801668;30162139482;"MED"
"1332";"Italy";2015;121969226160,855;31877598086,921;"MED"
"1333";"Italy";2016;130309944674,732;32061859666,746;"MED"
"1334";"Italy";2017;143630996029,957;32717456279,929;"MED"
"1335";"Italy";2018;157039966538,636;25730608036,733;"MED"
"1336";"Italy";2019;148531988083,91;31802139321,343;"MED"
"1337";"Italy";2020;126997216779,69;29572517375,693;"MED"
"1338";"Italy";2021;166213164571,682;34126968086,338;"MED"
"1339";"Netherlands";1988;26568683701;8987475375;"MED"
"1340";"Netherlands";1989;28695548755;9551680853;"MED"
"1341";"Netherlands";1990;35418404926;10300411615;"MED"
"1342";"Netherlands";1991;35954228560;10000358387;"MED"
"1343";"Netherlands";1992;38221350032;10350631703;"MED"
"1344";"Netherlands";1993;30602466330;9998619786;"MED"
"1345";"Netherlands";1994;34658509520;11569523635;"MED"
"1346";"Netherlands";1995;43252274130;12457213213;"MED"
"1347";"Netherlands";1996;44579452930;13071346666;"MED"
"1348";"Netherlands";1997;41557877723;13226849866;"MED"
"1349";"Netherlands";1998;42443884120;10293883593;"MED"
"1350";"Netherlands";1999;43550149976;10413117161;"MED"
"1351";"Netherlands";2000;41355597064;13581256470;"MED"
"1352";"Netherlands";2001;40285224147;12732253782;"MED"
"1353";"Netherlands";2002;41425299362;13116417293;"MED"
"1354";"Netherlands";2003;50806946254;13630259231;"MED"
"1355";"Netherlands";2004;59920503045;14363074578;"MED"
"1356";"Netherlands";2005;64770173593;16989351511;"MED"
"1357";"Netherlands";2006;74232008660;19073534376;"MED"
"1358";"Netherlands";2007;90175336173;20891648964;"MED"
"1359";"Netherlands";2008;103876164076;20000168680;"MED"
"1360";"Netherlands";2009;75511684010;6792631926;"MED"
"1361";"Netherlands";2010;83270168391;18199919540;"MED"
"1362";"Netherlands";2011;109376856160,997;28948577971,918;"MED"
"1363";"Netherlands";2012;101238525406,964;28793422035,545;"MED"
"1364";"Netherlands";2013;103269879539,836;24479080264,583;"MED"
"1365";"Netherlands";2014;109677609110,087;26929437750,708;"MED"
"1366";"Netherlands";2015;95637053345,828;29764440566,216;"MED"
"1367";"Netherlands";2016;100243499454,971;27962096746,068;"MED"
"1368";"Netherlands";2017;111906724916,592;29139020806,817;"MED"
"1369";"Netherlands";2018;127716574210,457;32009246578,355;"MED"
"1370";"Netherlands";2019;129737175595,623;33039742922,698;"MED"
"1371";"Netherlands";2020;124699509053,068;31065126576,329;"MED"
"1372";"Netherlands";2021;157741300581,08;37296524871,886;"MED"
"1373";"Portugal";1988;7082253186;1705092187;"MED"
"1374";"Portugal";1989;7263431531;1771321552;"MED"
"1375";"Portugal";1990;9684461126;2315707392;"MED"
"1376";"Portugal";1991;9866225639;2067104362;"MED"
"1377";"Portugal";1992;11881641101;2418378612;"MED"
"1378";"Portugal";1993;8918724629;2075992881;"MED"
"1379";"Portugal";1994;9488652340;2559474611;"MED"
"1380";"Portugal";1995;11462529658;2523388464;"MED"
"1381";"Portugal";1996;12610367722;9195966561;"MED"
"1382";"Portugal";1997;12489195724;3084980684;"MED"
"1383";"Portugal";1998;13864761495;3485836698;"MED"
"1384";"Portugal";1999;14826860056;3710109868;"MED"
"1385";"Portugal";2000;14011352611;3894941081;"MED"
"1386";"Portugal";2001;13321136243;3933757196;"MED"
"1387";"Portugal";2002;13460371488;4228664592;"MED"
"1388";"Portugal";2003;15187685630;3857910930;"MED"
"1389";"Portugal";2004;18123936872;4051822602;"MED"
"1390";"Portugal";2005;19592661359;4097178103;"MED"
"1391";"Portugal";2006;21178959174;4432457069;"MED"
"1392";"Portugal";2007;25115222828;4484356844;"MED"
"1393";"Portugal";2008;27869146725;4436538464;"MED"
"1394";"Portugal";2009;22122242841;4373675140;"MED"
"1395";"Portugal";2010;24532602864;4650571302;"MED"
"1396";"Portugal";2011;23339683304;4297898617;"MED"
"1397";"Portugal";2012;18455751315;3723821816;"MED"
"1398";"Portugal";2013;19844427534;4052681880;"MED"
"1399";"Portugal";2014;22416954396;4377716391;"MED"
"1400";"Portugal";2015;20877012522,21;4095643902,031;"MED"
"1401";"Portugal";2016;22072489635,862;3539330725,015;"MED"
"1402";"Portugal";2017;25616802165,675;3444902378,223;"MED"
"1403";"Portugal";2018;31526636772,082;4539875510,547;"MED"
"1404";"Portugal";2019;28907292922,576;4052041287,191;"MED"
"1405";"Portugal";2020;25244551313,647;4024767148,535;"MED"
"1406";"Portugal";2021;30424769821,671;1194104446,338;"MED"
"1407";"Spain";1988;21933531471;6145333088;"MED"
"1408";"Spain";1989;25389317536;7183330211;"MED"
"1409";"Spain";1990;30884299409;8012951214;"MED"
"1410";"Spain";1991;32083991133;8429472571;"MED"
"1411";"Spain";1992;35738063092;9724903825;"MED"
"1412";"Spain";1993;27533211773;8320843937;"MED"
"1413";"Spain";1994;32325329285;10045980953;"MED"
"1414";"Spain";1995;41021370691;10757252949;"MED"
"1415";"Spain";1996;45160752382;12306119187;"MED"
"1416";"Spain";1997;45832440506;13476358162;"MED"
"1417";"Spain";1998;53224163098;16790606236;"MED"
"1418";"Spain";1999;59385054328;17348625808;"MED"
"1419";"Spain";2000;57856477292,484;10326731902,665;"MED"
"1420";"Spain";2001;58048926419,365;14304966065,08;"MED"
"1421";"Spain";2002;62264753832,432;8647693898,262;"MED"
"1422";"Spain";2003;83870847363,394;14385339596,06;"MED"
"1423";"Spain";2004;99481105228,742;17086026020,905;"MED"
"1424";"Spain";2005;106553936973,311;9483095606,571;"MED"
"1425";"Spain";2006;116633611280,01;11341364746,29;"MED"
"1426";"Spain";2007;137048625262,533;13374288628,528;"MED"
"1427";"Spain";2008;125930081633,712;12482621939,629;"MED"
"1428";"Spain";2009;83348767634,038;6931678032,912;"MED"
"1429";"Spain";2010;89574111173,25;8664374109,493;"MED"
"1430";"Spain";2011;100332543490,578;6990594878,611;"MED"
"1431";"Spain";2012;85511644024,175;3571530834,145;"MED"
"1432";"Spain";2013;90872266739,444;2918170115,614;"MED"
"1433";"Spain";2014;102766133208,646;4027097422,96;"MED"
"1434";"Spain";2015;98613963130,61;4412618180,585;"MED"
"1435";"Spain";2016;102144552885,124;4249076885,263;"MED"
"1436";"Spain";2017;111289540605,117;3068246753,393;"MED"
"1437";"Spain";2018;122105653588,396;6986908628,328;"MED"
"1438";"Spain";2019;118258289330,277;2500965423,028;"MED"
"1439";"Spain";2020;99690261458,175;4850107639,412;"MED"
"1440";"Spain";2021;120020613009,854;4770512346,243;"MED"
"1441";"Austria";1988;4986531646;159645449;"HIGH"
"1442";"Austria";1989;5517932900;180662121;"HIGH"
"1443";"Austria";1990;6912664286;203339673;"HIGH"
"1444";"Austria";1991;7294147108;213898857;"HIGH"
"1445";"Austria";1992;7489578576;193654284;"HIGH"
"1446";"Austria";1993;6890675901;198245125;"HIGH"
"1447";"Austria";1994;8077569136;234661017;"HIGH"
"1448";"Austria";1995;9147932462;222636470;"HIGH"
"1449";"Austria";1996;9232157776;241289232;"HIGH"
"1450";"Austria";1997;9849481575;284346871;"HIGH"
"1451";"Austria";1998;11207293164;331882127;"HIGH"
"1452";"Austria";1999;11595396472;318913981;"HIGH"
"1453";"Austria";2000;12426271828;349481968;"HIGH"
"1454";"Austria";2001;12162791796;367504205;"HIGH"
"1455";"Austria";2002;12529400899;354846276;"HIGH"
"1456";"Austria";2003;15274704102;346332329;"HIGH"
"1457";"Austria";2004;18882641176;380566621;"HIGH"
"1458";"Austria";2005;17976318708;408002233;"HIGH"
"1459";"Austria";2006;19291131543;420570103;"HIGH"
"1460";"Austria";2007;22530434369;463408929;"HIGH"
"1461";"Austria";2008;24201466009;447517156;"HIGH"
"1462";"Austria";2009;20812275585;363899993;"HIGH"
"1463";"Austria";2010;22362175931;400772771;"HIGH"
"1464";"Austria";2011;25252206916;468459768;"HIGH"
"1465";"Austria";2012;24613972735,545;512820852,451;"HIGH"
"1466";"Austria";2013;27079005942,995;519489428,009;"HIGH"
"1467";"Austria";2014;26722962626,206;531509048,494;"HIGH"
"1468";"Austria";2015;23723230095,677;506178027,953;"HIGH"
"1469";"Austria";2016;24408413435,688;489187815,327;"HIGH"
"1470";"Austria";2017;27000891335,337;529162822,013;"HIGH"
"1471";"Austria";2018;28859783402,604;515739323,338;"HIGH"
"1472";"Austria";2019;29307240950,592;544326901,141;"HIGH"
"1473";"Austria";2020;28288611857,619;528154830,065;"HIGH"
"1474";"Austria";2021;38303432965,691;666000056,181;"HIGH"
"1475";"Belgium";1999;20477991630;649158727;"HIGH"
"1476";"Belgium";2000;23842600615;372108000;"HIGH"
"1477";"Belgium";2001;25717618802;323534676;"HIGH"
"1478";"Belgium";2002;36428580167;636397580;"HIGH"
"1479";"Belgium";2003;43490758680;410689194;"HIGH"
"1480";"Belgium";2004;48528809049;721625359;"HIGH"
"1481";"Belgium";2005;53520876174;755786739;"HIGH"
"1482";"Belgium";2006;57313392119;788168478;"HIGH"
"1483";"Belgium";2007;66115537358;240531252;"HIGH"
"1484";"Belgium";2008;71531518027;271136264;"HIGH"
"1485";"Belgium";2009;65616804145;281186961;"HIGH"
"1486";"Belgium";2010;27950969601,453;445452888,437;"HIGH"
"1487";"Belgium";2011;29678672418,977;753760900,341;"HIGH"
"1488";"Belgium";2012;28743556270,09;690184043,396;"HIGH"
"1489";"Belgium";2013;33507165476,11;625960564,332;"HIGH"
"1490";"Belgium";2014;36548974877,975;729939482,724;"HIGH"
"1491";"Belgium";2015;30503856200,357;670720720,068;"HIGH"
"1492";"Belgium";2016;38351514545,903;536691109,116;"HIGH"
"1493";"Belgium";2017;44238546374,636;940487340,655;"HIGH"
"1494";"Belgium";2018;49173405395,795;925792469,806;"HIGH"
"1495";"Belgium";2019;58020498134,921;914663695,885;"HIGH"
"1496";"Belgium";2020;61958167014,075;955518926,595;"HIGH"
"1497";"Belgium";2021;75892018216,415;1040227411,424;"HIGH"
"1498";"Finland";1988;3056184787;82430645;"HIGH"
"1499";"Finland";1989;3548420160;97156853;"HIGH"
"1500";"Finland";1990;4049162964;93748357;"HIGH"
"1501";"Finland";1991;3385628298;80814196;"HIGH"
"1502";"Finland";1992;3371215150;83781867;"HIGH"
"1503";"Finland";1993;3279069847;86057695;"HIGH"
"1504";"Finland";1994;4591530843;109522929;"HIGH"
"1505";"Finland";1995;6238193292;119172976;"HIGH"
"1506";"Finland";1996;6465026696;129474209;"HIGH"
"1507";"Finland";1997;6445135535;141948632;"HIGH"
"1508";"Finland";1998;7608553895;162576317;"HIGH"
"1509";"Finland";1999;7743858823;151454041;"HIGH"
"1510";"Finland";2000;8507142132;162595169;"HIGH"
"1511";"Finland";2001;7828794458;166173261;"HIGH"
"1512";"Finland";2002;7405775346;174152165;"HIGH"
"1513";"Finland";2003;8527459442;171099508;"HIGH"
"1514";"Finland";2004;10190182329;192097760;"HIGH"
"1515";"Finland";2005;12695304808;207013766;"HIGH"
"1516";"Finland";2006;14104745605;221026795;"HIGH"
"1517";"Finland";2007;15340043749;228410233;"HIGH"
"1518";"Finland";2008;15988400348;231513918;"HIGH"
"1519";"Finland";2009;11612831078;183349180;"HIGH"
"1520";"Finland";2010;11094763467;212747654;"HIGH"
"1521";"Finland";2011;11939592864;223218517;"HIGH"
"1522";"Finland";2012;10683379571;227147919;"HIGH"
"1523";"Finland";2013;10549985143;209652870;"HIGH"
"1524";"Finland";2014;10981543084;231063399;"HIGH"
"1525";"Finland";2015;9870881922;234715653;"HIGH"
"1526";"Finland";2016;10302012425;256818668;"HIGH"
"1527";"Finland";2017;11166181220,814;218263708,329;"HIGH"
"1528";"Finland";2018;11649305347,236;232565668,799;"HIGH"
"1529";"Finland";2019;11248273861,297;53648656,36;"HIGH"
"1530";"Finland";2020;11173193954,457;238902389,653;"HIGH"
"1531";"Finland";2021;13224270078,253;216127167,405;"HIGH"
"1532";"France";1988;25223890900;687702822;"HIGH"
"1533";"France";1989;26700726568;699476087;"HIGH"
"1534";"France";1990;32771912008;754390460;"HIGH"
"1535";"France";1991;35137265780;804827440;"HIGH"
"1536";"France";1992;35643810352;801184768;"HIGH"
"1537";"France";1993;31700895672;886148661;"HIGH"
"1538";"France";1994;36676556260;884559428;"HIGH"
"1539";"France";1995;44880608184;1025940338;"HIGH"
"1540";"France";1996;46136307204;1129880859;"HIGH"
"1541";"France";1997;48766183136;1258087373;"HIGH"
"1542";"France";1998;55811673272;1400348158;"HIGH"
"1543";"France";1999;56062874640;1517784338;"HIGH"
"1544";"France";2000;61421688403;1747866259;"HIGH"
"1545";"France";2001;57268957089;1704759800;"HIGH"
"1546";"France";2002;56653006090;1702951569;"HIGH"
"1547";"France";2003;65729465457;1664788659;"HIGH"
"1548";"France";2004;79288394378;1832658124;"HIGH"
"1549";"France";2005;84244476944;1901144282;"HIGH"
"1550";"France";2006;94956576380;1986284549;"HIGH"
"1551";"France";2007;102468315394;468149125;"HIGH"
"1552";"France";2008;110152264225;541530427;"HIGH"
"1553";"France";2009;102628004682;402833483;"HIGH"
"1554";"France";2010;120845931649;399876036;"HIGH"
"1555";"France";2011;133427054426;2251958049;"HIGH"
"1556";"France";2012;127852748968;2036874830;"HIGH"
"1557";"France";2013;127558201871;2035858962;"HIGH"
"1558";"France";2014;128010942600;2119042554;"HIGH"
"1559";"France";2015;116140729420;2217067505;"HIGH"
"1560";"France";2016;118078729994;2177915577;"HIGH"
"1561";"France";2017;114390490016,045;1018122883,536;"HIGH"
"1562";"France";2018;114919192709,414;44371620,053;"HIGH"
"1563";"France";2019;115088410096,262;2130561012,135;"HIGH"
"1564";"France";2020;108223106244,699;2152260099,615;"HIGH"
"1565";"France";2021;122136410817,406;2493329590,429;"HIGH"
"1566";"Germany";1991;62890129704;1432559155;"HIGH"
"1567";"Germany";1992;64573005824;1399678998;"HIGH"
"1568";"Germany";1993;53488054816;1224700967;"HIGH"
"1569";"Germany";1994;62435684672;1420148478;"HIGH"
"1570";"Germany";1995;72932229120;1581305690;"HIGH"
"1571";"Germany";1996;71742050672;1615692213;"HIGH"
"1572";"Germany";1997;71953946976;1724357156;"HIGH"
"1573";"Germany";1998;86230355568;2082207095;"HIGH"
"1574";"Germany";1999;89585002448;2854123020;"HIGH"
"1575";"Germany";2000;97848465000;2385666560;"HIGH"
"1576";"Germany";2001;104471648000;2741685491;"HIGH"
"1577";"Germany";2002;107854159000;2800635696;"HIGH"
"1578";"Germany";2003;120842339000;2787264209;"HIGH"
"1579";"Germany";2004;149110286000;2928293616;"HIGH"
"1580";"Germany";2005;167087699000;3308613037;"HIGH"
"1581";"Germany";2006;194299795000;3537152992;"HIGH"
"1582";"Germany";2007;198985924000;3527234276;"HIGH"
"1583";"Germany";2008;222201356608,689;3746965021,055;"HIGH"
"1584";"Germany";2009;195697690094,049;2849608447,509;"HIGH"
"1585";"Germany";2010;229791218244,416;3080801295,387;"HIGH"
"1586";"Germany";2011;240628851004,753;3501475450,383;"HIGH"
"1587";"Germany";2012;216335505219,906;4120000703,187;"HIGH"
"1588";"Germany";2013;216477436264,131;2580211115,482;"HIGH"
"1589";"Germany";2014;230394610159,567;2150009744,444;"HIGH"
"1590";"Germany";2015;214181856827,971;2009016508,792;"HIGH"
"1591";"Germany";2016;214320177877,752;2872891015,936;"HIGH"
"1592";"Germany";2017;233487571136,388;2993820495,257;"HIGH"
"1593";"Germany";2018;251936540628,417;4048452476,166;"HIGH"
"1594";"Germany";2019;244841439912,258;4482462690,003;"HIGH"
"1595";"Germany";2020;252214687622,174;4548887358,115;"HIGH"
"1596";"Germany";2021;295440067263,148;4883715354,722;"HIGH"
"1597";"Greece";1988;935927937;54710451;"HIGH"
"1598";"Greece";1989;1274186151;69802146;"HIGH"
"1599";"Greece";1990;1612688673;73321782;"HIGH"
"1600";"Greece";1991;1971312264;76326633;"HIGH"
"1601";"Greece";1992;2074891995;73668820;"HIGH"
"1602";"Greece";1993;2354159025;83321470;"HIGH"
"1603";"Greece";1994;2315431514;127919698;"HIGH"
"1604";"Greece";1995;2605833865;99841443;"HIGH"
"1605";"Greece";1996;3034447328;164701998;"HIGH"
"1606";"Greece";1997;3043830243;100767442;"HIGH"
"1607";"Greece";1998;4361550479;122252255;"HIGH"
"1608";"Greece";1999;5071360661;144561411;"HIGH"
"1609";"Greece";2000;4165324274;1199645381;"HIGH"
"1610";"Greece";2001;3856508902;701287041;"HIGH"
"1611";"Greece";2002;3578591634;147487578;"HIGH"
"1612";"Greece";2003;6588224462;277833654;"HIGH"
"1613";"Greece";2004;8338032796;349886246;"HIGH"
"1614";"Greece";2005;8261268215;224626374;"HIGH"
"1615";"Greece";2006;8291542958;461784032;"HIGH"
"1616";"Greece";2007;10448873496;268414538;"HIGH"
"1617";"Greece";2008;12703703611;244394666;"HIGH"
"1618";"Greece";2009;11209694077;306052089;"HIGH"
"1619";"Greece";2010;10198427191;239237931;"HIGH"
"1620";"Greece";2011;9374340611;232236757;"HIGH"
"1621";"Greece";2012;8113043560;256453018;"HIGH"
"1622";"Greece";2013;7139081914;276839486;"HIGH"
"1623";"Greece";2014;7302104985;172968198;"HIGH"
"1624";"Greece";2015;6666752686;275611741;"HIGH"
"1625";"Greece";2016;6691551979;196356878;"HIGH"
"1626";"Greece";2017;7263220147,635;185244758,971;"HIGH"
"1627";"Greece";2018;8344775819,498;255988759,48;"HIGH"
"1628";"Greece";2019;7759233863,178;255739940,726;"HIGH"
"1629";"Greece";2020;8349699642,238;340088871,604;"HIGH"
"1630";"Greece";2021;10386583930,612;374564990,457;"HIGH"
"1631";"Ireland";1988;2947326758;68336653;"HIGH"
"1632";"Ireland";1989;3516118062;79981842;"HIGH"
"1633";"Ireland";1990;4013020740;85004566;"HIGH"
"1634";"Ireland";1991;4213715540;87025176;"HIGH"
"1635";"Ireland";1992;4649195670;170695812;"HIGH"
"1636";"Ireland";1993;5347141643;93066672;"HIGH"
"1637";"Ireland";1994;6727213679;105633990;"HIGH"
"1638";"Ireland";1995;10019535524;148806377;"HIGH"
"1639";"Ireland";1996;10478351995;214881945;"HIGH"
"1640";"Ireland";1997;12649419701;189077482;"HIGH"
"1641";"Ireland";1998;15778354251;238813801;"HIGH"
"1642";"Ireland";1999;18232851402;305665178;"HIGH"
"1643";"Ireland";2000;20732347250,979;325468570,527;"HIGH"
"1644";"Ireland";2001;21908163106,216;324444555,444;"HIGH"
"1645";"Ireland";2002;22105519542,085;361242606,517;"HIGH"
"1646";"Ireland";2003;19877436095,112;341656607,459;"HIGH"
"1647";"Ireland";2004;22485832158,151;317708755,62;"HIGH"
"1648";"Ireland";2005;25469689295,381;413703666,342;"HIGH"
"1649";"Ireland";2006;28802190080,347;498794036,232;"HIGH"
"1650";"Ireland";2007;30183541412,928;348863768,293;"HIGH"
"1651";"Ireland";2008;27191572523,222;447899823,504;"HIGH"
"1652";"Ireland";2009;24368471624,512;258461310,362;"HIGH"
"1653";"Ireland";2010;20240675722,938;222097825,867;"HIGH"
"1654";"Ireland";2011;24368869128,053;241444762,485;"HIGH"
"1655";"Ireland";2012;25593230208,908;154397367,013;"HIGH"
"1656";"Ireland";2013;23885026189,48;176132895,853;"HIGH"
"1657";"Ireland";2014;27565499041,053;171315058,637;"HIGH"
"1658";"Ireland";2015;27684395172,145;211059468,248;"HIGH"
"1659";"Ireland";2016;32887103686,936;202709391,448;"HIGH"
"1660";"Ireland";2017;41064499447,876;198423872,311;"HIGH"
"1661";"Ireland";2018;49377770571,125;282849914,218;"HIGH"
"1662";"Ireland";2019;43431920681,16;230570011,411;"HIGH"
"1663";"Ireland";2020;36647081187,468;285547374,668;"HIGH"
"1664";"Ireland";2021;45858417254,483;221231473,224;"HIGH"
"1665";"Italy";1988;18137681532;470961894;"HIGH"
"1666";"Italy";1989;19278594652;473391572;"HIGH"
"1667";"Italy";1990;23778304232;512948478;"HIGH"
"1668";"Italy";1991;25240342520;497135472;"HIGH"
"1669";"Italy";1992;25734448904;536324431;"HIGH"
"1670";"Italy";1993;20138897940;508066424;"HIGH"
"1671";"Italy";1994;22779884420;522407448;"HIGH"
"1672";"Italy";1995;27120203348;641555403;"HIGH"
"1673";"Italy";1996;28281871836;672285702;"HIGH"
"1674";"Italy";1997;28740091536;699634179;"HIGH"
"1675";"Italy";1998;32424947568;800186764;"HIGH"
"1676";"Italy";1999;34950021620;889081595;"HIGH"
"1677";"Italy";2000;37145352887;974690318;"HIGH"
"1678";"Italy";2001;36031767761;971727636;"HIGH"
"1679";"Italy";2002;37447782178;972882595;"HIGH"
"1680";"Italy";2003;41763976773;1014758566;"HIGH"
"1681";"Italy";2004;50867248674;1108564992;"HIGH"
"1682";"Italy";2005;52301056844;1170823308;"HIGH"
"1683";"Italy";2006;55410567278;1304737794;"HIGH"
"1684";"Italy";2007;61025156406;1681831243;"HIGH"
"1685";"Italy";2008;65179302519;822336450;"HIGH"
"1686";"Italy";2009;60022072745;726227064;"HIGH"
"1687";"Italy";2010;75581264594;864689562;"HIGH"
"1688";"Italy";2011;78610085300;962744491;"HIGH"
"1689";"Italy";2012;65911402402;1589094323;"HIGH"
"1690";"Italy";2013;64016309821;1344302117;"HIGH"
"1691";"Italy";2014;64186294335;1325275564;"HIGH"
"1692";"Italy";2015;60613038391,57;1327586841,571;"HIGH"
"1693";"Italy";2016;60780419709,022;817160101,547;"HIGH"
"1694";"Italy";2017;64772219047,372;1414514444,317;"HIGH"
"1695";"Italy";2018;73238449586,931;822857227,713;"HIGH"
"1696";"Italy";2019;72909778192,006;1326820871,601;"HIGH"
"1697";"Italy";2020;73528319631,018;971934084,843;"HIGH"
"1698";"Italy";2021;85386369998,98;2063436156,823;"HIGH"
"1699";"Netherlands";1988;14638290824;363703147;"HIGH"
"1700";"Netherlands";1989;15701539592;386622859;"HIGH"
"1701";"Netherlands";1990;19326528062;418575862;"HIGH"
"1702";"Netherlands";1991;19448087212;429137004;"HIGH"
"1703";"Netherlands";1992;21043721616;415896067;"HIGH"
"1704";"Netherlands";1993;20029038880;517509395;"HIGH"
"1705";"Netherlands";1994;23432108280;507037358;"HIGH"
"1706";"Netherlands";1995;30932783328;616643065;"HIGH"
"1707";"Netherlands";1996;31986763592;694002582;"HIGH"
"1708";"Netherlands";1997;40304300304;842072251;"HIGH"
"1709";"Netherlands";1998;41121220588;380784928;"HIGH"
"1710";"Netherlands";1999;47139258677;412727973;"HIGH"
"1711";"Netherlands";2000;51330858205;641039542;"HIGH"
"1712";"Netherlands";2001;45712508276;684012383;"HIGH"
"1713";"Netherlands";2002;40251052148;757091896;"HIGH"
"1714";"Netherlands";2003;57454404794;802046490;"HIGH"
"1715";"Netherlands";2004;73878459672;1026255559;"HIGH"
"1716";"Netherlands";2005;76773274287;1135487304;"HIGH"
"1717";"Netherlands";2006;85188817234;1260593062;"HIGH"
"1718";"Netherlands";2007;96271416644;1244056863;"HIGH"
"1719";"Netherlands";2008;92679966364;406277835;"HIGH"
"1720";"Netherlands";2009;77899437852;NA;"HIGH"
"1721";"Netherlands";2010;92954871906;274232075;"HIGH"
"1722";"Netherlands";2011;99971155249,764;2384293164,748;"HIGH"
"1723";"Netherlands";2012;97451829851,959;2007231337,409;"HIGH"
"1724";"Netherlands";2013;99702770201,791;1955252431,018;"HIGH"
"1725";"Netherlands";2014;101051827377,384;2358097936,135;"HIGH"
"1726";"Netherlands";2015;87337400779,851;2614787019,452;"HIGH"
"1727";"Netherlands";2016;89069443614,168;1866969561,42;"HIGH"
"1728";"Netherlands";2017;98973813687,87;2157701918,749;"HIGH"
"1729";"Netherlands";2018;107464525524,239;3386868429,157;"HIGH"
"1730";"Netherlands";2019;111471427395,094;3827927454,628;"HIGH"
"1731";"Netherlands";2020;116581012503,564;4427131907,762;"HIGH"
"1732";"Netherlands";2021;132100642402,149;4209335239,736;"HIGH"
"1733";"Portugal";1988;1758020906;57482437;"HIGH"
"1734";"Portugal";1989;1847332131;62317294;"HIGH"
"1735";"Portugal";1990;2555342221;76058052;"HIGH"
"1736";"Portugal";1991;2828694272;87252172;"HIGH"
"1737";"Portugal";1992;3353801519;93393789;"HIGH"
"1738";"Portugal";1993;2531850308;89109335;"HIGH"
"1739";"Portugal";1994;3109197847;85063921;"HIGH"
"1740";"Portugal";1995;4013352181;108417742;"HIGH"
"1741";"Portugal";1996;3873463031;115428689;"HIGH"
"1742";"Portugal";1997;4085578849;132501406;"HIGH"
"1743";"Portugal";1998;4788414179;143753263;"HIGH"
"1744";"Portugal";1999;5566853710;157257665;"HIGH"
"1745";"Portugal";2000;5568791982;104117789;"HIGH"
"1746";"Portugal";2001;5824483823;106787562;"HIGH"
"1747";"Portugal";2002;5550253103;148829483;"HIGH"
"1748";"Portugal";2003;7105339119;121332313;"HIGH"
"1749";"Portugal";2004;8949742036;161522556;"HIGH"
"1750";"Portugal";2005;9677187287;168534213;"HIGH"
"1751";"Portugal";2006;10452233736;183860041;"HIGH"
"1752";"Portugal";2007;11892503156;174685543;"HIGH"
"1753";"Portugal";2008;13299883168;270774140;"HIGH"
"1754";"Portugal";2009;10475267095;508023200;"HIGH"
"1755";"Portugal";2010;9768638494;298987936;"HIGH"
"1756";"Portugal";2011;9591515246;248935818;"HIGH"
"1757";"Portugal";2012;8325413545;229178711;"HIGH"
"1758";"Portugal";2013;8549531666;214700232;"HIGH"
"1759";"Portugal";2014;9058204169;221260363;"HIGH"
"1760";"Portugal";2015;7952862323,724;201017906,796;"HIGH"
"1761";"Portugal";2016;8974846728,845;223765136,153;"HIGH"
"1762";"Portugal";2017;9982225935,083;236050899,407;"HIGH"
"1763";"Portugal";2018;12190138589,171;287399079,458;"HIGH"
"1764";"Portugal";2019;14099549715,333;359514477,556;"HIGH"
"1765";"Portugal";2020;12194331490,045;335630798,02;"HIGH"
"1766";"Portugal";2021;14184983979,844;248722079,291;"HIGH"
"1767";"Spain";1988;8743999230;286848549;"HIGH"
"1768";"Spain";1989;10928243560;377343001;"HIGH"
"1769";"Spain";1990;13384901158;362674266;"HIGH"
"1770";"Spain";1991;14418889396;401743413;"HIGH"
"1771";"Spain";1992;13611711150;423007939;"HIGH"
"1772";"Spain";1993;10865099936;481091346;"HIGH"
"1773";"Spain";1994;12416070448;521029675;"HIGH"
"1774";"Spain";1995;14630704020;1927841302;"HIGH"
"1775";"Spain";1996;17185528756;570950714;"HIGH"
"1776";"Spain";1997;16694605396;647028947;"HIGH"
"1777";"Spain";1998;18934925908;987536738;"HIGH"
"1778";"Spain";1999;22871869553;869893571;"HIGH"
"1779";"Spain";2000;24008706120,441;439096698,249;"HIGH"
"1780";"Spain";2001;22522754567,851;635651126,507;"HIGH"
"1781";"Spain";2002;23301739349,799;250640356,328;"HIGH"
"1782";"Spain";2003;28999181260,737;241403006,658;"HIGH"
"1783";"Spain";2004;35693297809,46;495547146,165;"HIGH"
"1784";"Spain";2005;39389368627,241;533323724,908;"HIGH"
"1785";"Spain";2006;44388853576,12;385039852,598;"HIGH"
"1786";"Spain";2007;53546734965,963;292592326,666;"HIGH"
"1787";"Spain";2008;63163813574,086;2351810822,333;"HIGH"
"1788";"Spain";2009;47100769588,779;858428616,075;"HIGH"
"1789";"Spain";2010;48268689345,055;1174733667,063;"HIGH"
"1790";"Spain";2011;47457611788,126;528436497,567;"HIGH"
"1791";"Spain";2012;41376422433,948;750340922,896;"HIGH"
"1792";"Spain";2013;42557619666,495;343198816,886;"HIGH"
"1793";"Spain";2014;44794813182,599;173626406,254;"HIGH"
"1794";"Spain";2015;43806591542,374;199157205,624;"HIGH"
"1795";"Spain";2016;43946277215,241;362356347,697;"HIGH"
"1796";"Spain";2017;47729307098,888;446964662,376;"HIGH"
"1797";"Spain";2018;50923980533,371;392698621,309;"HIGH"
"1798";"Spain";2019;49976632828,995;797590238,445;"HIGH"
"1799";"Spain";2020;51225071464,521;947586080,878;"HIGH"
"1800";"Spain";2021;64536126464,981;815128112,458;"HIGH"
