"";"reporter";"year";"sum";"qt";"tech"
"1";"Austria";1988;8243262024;2126473035;"PRIM"
"2";"Austria";1989;8994840840;2298906899;"PRIM"
"3";"Austria";1990;11732666154;2323711443;"PRIM"
"4";"Austria";1991;11695940136;2512839900;"PRIM"
"5";"Austria";1992;12781412300;2537217588;"PRIM"
"6";"Austria";1993;11353940560;2568185910;"PRIM"
"7";"Austria";1994;13043820238;2909715197;"PRIM"
"8";"Austria";1995;15934453469;4237198931;"PRIM"
"9";"Austria";1996;15910388511;4433711209;"PRIM"
"10";"Austria";1997;14915428562;4959018377;"PRIM"
"11";"Austria";1998;15726320432;4830127691;"PRIM"
"12";"Austria";1999;16363300777;4845556094;"PRIM"
"13";"Austria";2000;16700119263;5480173195;"PRIM"
"14";"Austria";2001;18041733024;6083043791;"PRIM"
"15";"Austria";2002;20164353140;6263313365;"PRIM"
"16";"Austria";2003;26654976890;7182186758;"PRIM"
"17";"Austria";2004;31722691236;7711900553;"PRIM"
"18";"Austria";2005;35599701403;8291497165;"PRIM"
"19";"Austria";2006;42177618216;9056601131;"PRIM"
"20";"Austria";2007;52340817880;10969537259;"PRIM"
"21";"Austria";2008;58123969564;10688563783;"PRIM"
"22";"Austria";2009;46234126452;9950432414;"PRIM"
"23";"Austria";2010;49494421517;9910618431;"PRIM"
"24";"Austria";2011;58732145216;10315693756;"PRIM"
"25";"Austria";2012;55557522450,725;8411370232;"PRIM"
"26";"Austria";2013;56083126244,817;8590723052;"PRIM"
"27";"Austria";2014;58040738080,101;7231766303;"PRIM"
"28";"Austria";2015;49953194498,543;7294673948;"PRIM"
"29";"Austria";2016;49703222695,047;8986773697;"PRIM"
"30";"Austria";2017;55609250348,502;9308706385;"PRIM"
"31";"Austria";2018;57631609772,894;9129781459;"PRIM"
"32";"Austria";2019;58231251286,862;9166667543;"PRIM"
"33";"Austria";2020;57160381748,601;9284921942;"PRIM"
"34";"Austria";2021;67469792412,9;8569897287;"PRIM"
"35";"Belgium";1999;40044088510;31000607248;"PRIM"
"36";"Belgium";2000;43811946722;35517381615;"PRIM"
"37";"Belgium";2001;45216986035;33115755485;"PRIM"
"38";"Belgium";2002;61610689184;41733628889;"PRIM"
"39";"Belgium";2003;76891009488;50460134295;"PRIM"
"40";"Belgium";2004;94523810891;58919772779;"PRIM"
"41";"Belgium";2005;106775383643;69859443799;"PRIM"
"42";"Belgium";2006;120455640087;76699900539;"PRIM"
"43";"Belgium";2007;140135879946;61089713584;"PRIM"
"44";"Belgium";2008;157665406097;98770597299;"PRIM"
"45";"Belgium";2009;129924763290;44081870212;"PRIM"
"46";"Belgium";2010;81666996096,786;44500036915;"PRIM"
"47";"Belgium";2011;98228035370,991;45317389370;"PRIM"
"48";"Belgium";2012;91020529578,081;41891311884;"PRIM"
"49";"Belgium";2013;97527142697,423;42199625860;"PRIM"
"50";"Belgium";2014;93554585461,358;40065863442;"PRIM"
"51";"Belgium";2015;75052302883,631;41528063396;"PRIM"
"52";"Belgium";2016;80784307328,25;25265944220;"PRIM"
"53";"Belgium";2017;92565813798,25;44516472930;"PRIM"
"54";"Belgium";2018;105333056775,245;43804078530;"PRIM"
"55";"Belgium";2019;103293353922,323;41598658789;"PRIM"
"56";"Belgium";2020;106165457681,075;39564510465;"PRIM"
"57";"Belgium";2021;168367361855,687;37913214342;"PRIM"
"58";"Finland";1988;5256724769;703019713;"PRIM"
"59";"Finland";1989;6267844425;782557811;"PRIM"
"60";"Finland";1990;7172223024;803236826;"PRIM"
"61";"Finland";1991;5420314401;821852851;"PRIM"
"62";"Finland";1992;5806662155;975238680;"PRIM"
"63";"Finland";1993;5977304980;1293923227;"PRIM"
"64";"Finland";1994;7513759772;1216896150;"PRIM"
"65";"Finland";1995;9838807879;1145139830;"PRIM"
"66";"Finland";1996;9895812881;1141181007;"PRIM"
"67";"Finland";1997;10138829991;1573977476;"PRIM"
"68";"Finland";1998;9821416878;1582634081;"PRIM"
"69";"Finland";1999;8914898608;1708066042;"PRIM"
"70";"Finland";2000;9323335823;1870351387;"PRIM"
"71";"Finland";2001;9259054384;1837858088;"PRIM"
"72";"Finland";2002;9391805981;2206682111;"PRIM"
"73";"Finland";2003;11037326002;1725013469;"PRIM"
"74";"Finland";2004;13736184120;1815419364;"PRIM"
"75";"Finland";2005;15403961667;2115014840;"PRIM"
"76";"Finland";2006;19521140028;2774418913;"PRIM"
"77";"Finland";2007;23410551731;2604674461;"PRIM"
"78";"Finland";2008;25944746151;2597457188;"PRIM"
"79";"Finland";2009;17848028177;2071003545;"PRIM"
"80";"Finland";2010;20507164056;3419662003;"PRIM"
"81";"Finland";2011;23424399475;4082465786;"PRIM"
"82";"Finland";2012;21740564897;1899580404;"PRIM"
"83";"Finland";2013;22118780307;2450459071;"PRIM"
"84";"Finland";2014;21131091401;2544390741;"PRIM"
"85";"Finland";2015;17391449577;2285300195;"PRIM"
"86";"Finland";2016;16241153751;2019664276;"PRIM"
"87";"Finland";2017;18670508444,791;1983092186;"PRIM"
"88";"Finland";2018;21061727383,682;3052349562;"PRIM"
"89";"Finland";2019;19713153548,434;189900022;"PRIM"
"90";"Finland";2020;18950175745,751;4188537046;"PRIM"
"91";"Finland";2021;22707370586,79;2667677687;"PRIM"
"92";"France";1988;48721499588;30868745801;"PRIM"
"93";"France";1989;51382193459;30615180937;"PRIM"
"94";"France";1990;62433193755;30450889921;"PRIM"
"95";"France";1991;61620206529;30678937095;"PRIM"
"96";"France";1992;66338799583;30272643397;"PRIM"
"97";"France";1993;57626910019;25522580829;"PRIM"
"98";"France";1994;64685981669;26370506177;"PRIM"
"99";"France";1995;78390528523;27207122400;"PRIM"
"100";"France";1996;80946945777;28707409928;"PRIM"
"101";"France";1997;81320875675;29468274873;"PRIM"
"102";"France";1998;87984048521;28915477626;"PRIM"
"103";"France";1999;85937296268;28315342570;"PRIM"
"104";"France";2000;81070591631;27822205439;"PRIM"
"105";"France";2001;80974210309;25766126969;"PRIM"
"106";"France";2002;85756431412;25611733499;"PRIM"
"107";"France";2003;100789689332;27138073478;"PRIM"
"108";"France";2004;116959978127;26203195303;"PRIM"
"109";"France";2005;126255773002;31924584424;"PRIM"
"110";"France";2006;144018349676;35268770317;"PRIM"
"111";"France";2007;166752808727;33608396468;"PRIM"
"112";"France";2008;184762743262;45054411792;"PRIM"
"113";"France";2009;145441394902;23277032546;"PRIM"
"114";"France";2010;154646301312;24833062552;"PRIM"
"115";"France";2011;177669089444;30906511969;"PRIM"
"116";"France";2012;174633247197;27762165902;"PRIM"
"117";"France";2013;177212882972;26637841824;"PRIM"
"118";"France";2014;175765523396;27028935712;"PRIM"
"119";"France";2015;150232743203;25007600862;"PRIM"
"120";"France";2016;148954748863;25563791300;"PRIM"
"121";"France";2017;161387578082,72;22948418903;"PRIM"
"122";"France";2018;175603987307,88;7885155047;"PRIM"
"123";"France";2019;174908174227,31;28747882600;"PRIM"
"124";"France";2020;155862733186,667;25413194647;"PRIM"
"125";"France";2021;188712914996,584;25313205425;"PRIM"
"126";"Germany";1991;109774758616;49637954738;"PRIM"
"127";"Germany";1992;116385314248;48306107452;"PRIM"
"128";"Germany";1993;103460023928;38590515050;"PRIM"
"129";"Germany";1994;116828703056;45850820982;"PRIM"
"130";"Germany";1995;144051108296;45434426681;"PRIM"
"131";"Germany";1996;147242431169;56838014785;"PRIM"
"132";"Germany";1997;143969222045;56104716106;"PRIM"
"133";"Germany";1998;154423700292;58281739170;"PRIM"
"134";"Germany";1999;150925707019;57849321297;"PRIM"
"135";"Germany";2000;149413246000;54939219176;"PRIM"
"136";"Germany";2001;163087150000;60913482883;"PRIM"
"137";"Germany";2002;172581099000;64766331861;"PRIM"
"138";"Germany";2003;205309479000;60828236217;"PRIM"
"139";"Germany";2004;262757292000;69184749554;"PRIM"
"140";"Germany";2005;292695621000;65565591794;"PRIM"
"141";"Germany";2006;337865509000;69446165375;"PRIM"
"142";"Germany";2007;389457882000;55046205999;"PRIM"
"143";"Germany";2008;438370251119,787;58969562644;"PRIM"
"144";"Germany";2009;348839944470,902;52634748071;"PRIM"
"145";"Germany";2010;378651969943,881;67306961758;"PRIM"
"146";"Germany";2011;449670280143,566;30416589057;"PRIM"
"147";"Germany";2012;421244042413,945;34351824622;"PRIM"
"148";"Germany";2013;431735839746,803;61497451269;"PRIM"
"149";"Germany";2014;440938484989,164;52688339168;"PRIM"
"150";"Germany";2015;393492441258,424;74899942433;"PRIM"
"151";"Germany";2016;386152282288,601;70000223921;"PRIM"
"152";"Germany";2017;431510801962,34;49112298662;"PRIM"
"153";"Germany";2018;480599784431,402;78937015406;"PRIM"
"154";"Germany";2019;464530524921,364;102906519652;"PRIM"
"155";"Germany";2020;439354539340,993;87718176808;"PRIM"
"156";"Germany";2021;526051458123,7;62609915271;"PRIM"
"157";"Greece";1988;1612681785;2352213983;"PRIM"
"158";"Greece";1989;2325102285;2203189539;"PRIM"
"159";"Greece";1990;2465912675;2130428732;"PRIM"
"160";"Greece";1991;2603685512;2141690916;"PRIM"
"161";"Greece";1992;3279921223;2352338306;"PRIM"
"162";"Greece";1993;2875272135;2420124958;"PRIM"
"163";"Greece";1994;2956082992;2488072522;"PRIM"
"164";"Greece";1995;3956206836;3094345596;"PRIM"
"165";"Greece";1996;4571936458;3514058030;"PRIM"
"166";"Greece";1997;3937318961;3318509494;"PRIM"
"167";"Greece";1998;3782343000;3533538172;"PRIM"
"168";"Greece";1999;4296375130;4288214627;"PRIM"
"169";"Greece";2000;3726784574;3956456513;"PRIM"
"170";"Greece";2001;3693202266;3608290991;"PRIM"
"171";"Greece";2002;3604413634;2656874782;"PRIM"
"172";"Greece";2003;5222567097;3195715019;"PRIM"
"173";"Greece";2004;5509488355;3231166962;"PRIM"
"174";"Greece";2005;6403283536;3362093235;"PRIM"
"175";"Greece";2006;7364242472;3216623969;"PRIM"
"176";"Greece";2007;7854455659;3055433776;"PRIM"
"177";"Greece";2008;9553126578;3291372787;"PRIM"
"178";"Greece";2009;7641849038;2771290780;"PRIM"
"179";"Greece";2010;8453210179;3246183258;"PRIM"
"180";"Greece";2011;9025129725;3218598624;"PRIM"
"181";"Greece";2012;8874501301;4001165072;"PRIM"
"182";"Greece";2013;9210902777;4611479332;"PRIM"
"183";"Greece";2014;9328582692;4550846653;"PRIM"
"184";"Greece";2015;8622650608;4615435312;"PRIM"
"185";"Greece";2016;8810967041;4725271257;"PRIM"
"186";"Greece";2017;9639307483,433;5162067542;"PRIM"
"187";"Greece";2018;11359496991,049;5308628110;"PRIM"
"188";"Greece";2019;11302696590,383;5598511003;"PRIM"
"189";"Greece";2020;12318290934,7;5777139770;"PRIM"
"190";"Greece";2021;15426125730,762;4903002087;"PRIM"
"191";"Ireland";1988;6282823854;996724926;"PRIM"
"192";"Ireland";1989;7078562127;931768989;"PRIM"
"193";"Ireland";1990;8261949305;1238023555;"PRIM"
"194";"Ireland";1991;7939575873;1446037959;"PRIM"
"195";"Ireland";1992;8860772600;1180839754;"PRIM"
"196";"Ireland";1993;9314226515;668619461;"PRIM"
"197";"Ireland";1994;10894704890;683297079;"PRIM"
"198";"Ireland";1995;14860544989;551297420;"PRIM"
"199";"Ireland";1996;16774536915;614610793;"PRIM"
"200";"Ireland";1997;19610171543;811474502;"PRIM"
"201";"Ireland";1998;22967852937;1332188965;"PRIM"
"202";"Ireland";1999;25224753634;1174385968;"PRIM"
"203";"Ireland";2000;27012101036,921;663723991;"PRIM"
"204";"Ireland";2001;30851030531,964;796197361;"PRIM"
"205";"Ireland";2002;35401382876,788;1175941928;"PRIM"
"206";"Ireland";2003;37267376324,734;952125194;"PRIM"
"207";"Ireland";2004;41388282828,722;568657633;"PRIM"
"208";"Ireland";2005;41495167832,588;698688902;"PRIM"
"209";"Ireland";2006;42656277077,282;1334643723;"PRIM"
"210";"Ireland";2007;45952900893,973;505221722;"PRIM"
"211";"Ireland";2008;46546894292,836;593115736;"PRIM"
"212";"Ireland";2009;45983627708,404;403406892;"PRIM"
"213";"Ireland";2010;44851726091,852;439469574;"PRIM"
"214";"Ireland";2011;49948662929,976;519171048;"PRIM"
"215";"Ireland";2012;43749011766,652;518519964;"PRIM"
"216";"Ireland";2013;41784218389,163;646121972;"PRIM"
"217";"Ireland";2014;42669350427,435;649880679;"PRIM"
"218";"Ireland";2015;45593552892,882;1156224986;"PRIM"
"219";"Ireland";2016;45220500504,806;1363419329;"PRIM"
"220";"Ireland";2017;52508984375,738;1152872213;"PRIM"
"221";"Ireland";2018;68796060990,156;805939439;"PRIM"
"222";"Ireland";2019;70739840668,332;925778387;"PRIM"
"223";"Ireland";2020;84864526660,791;1173621792;"PRIM"
"224";"Ireland";2021;89653045550,981;1093143523;"PRIM"
"225";"Italy";1988;34070362205;4323528009;"PRIM"
"226";"Italy";1989;38365018612;4343187841;"PRIM"
"227";"Italy";1990;44826537588;4594744860;"PRIM"
"228";"Italy";1991;45826129230;4310120976;"PRIM"
"229";"Italy";1992;48297288908;4634324925;"PRIM"
"230";"Italy";1993;46682017590;5020265513;"PRIM"
"231";"Italy";1994;52425300962;6016726388;"PRIM"
"232";"Italy";1995;64812759875;6475623080;"PRIM"
"233";"Italy";1996;72155955536;7461537155;"PRIM"
"234";"Italy";1997;67979551148;7636363951;"PRIM"
"235";"Italy";1998;68897546662;7583336360;"PRIM"
"236";"Italy";1999;68460356145;7846698189;"PRIM"
"237";"Italy";2000;68304199623;8354487432;"PRIM"
"238";"Italy";2001;70339793122;8280609582;"PRIM"
"239";"Italy";2002;75032705979;9207180647;"PRIM"
"240";"Italy";2003;89078833322;9023616155;"PRIM"
"241";"Italy";2004;105250404855;10295089016;"PRIM"
"242";"Italy";2005;112029334873;11320419868;"PRIM"
"243";"Italy";2006;126255193515;11418681621;"PRIM"
"244";"Italy";2007;153554942842;11645952351;"PRIM"
"245";"Italy";2008;167131189857;12355598992;"PRIM"
"246";"Italy";2009;129593047275;9549396903;"PRIM"
"247";"Italy";2010;139674316711;11730279710;"PRIM"
"248";"Italy";2011;165902370099;11148324033;"PRIM"
"249";"Italy";2012;159844552641;11160243918;"PRIM"
"250";"Italy";2013;170974132221;10985341713;"PRIM"
"251";"Italy";2014;177093461695;10940818667;"PRIM"
"252";"Italy";2015;150947870370,416;9246405715;"PRIM"
"253";"Italy";2016;153550918255,055;9329789523;"PRIM"
"254";"Italy";2017;171609894885,304;9620291124;"PRIM"
"255";"Italy";2018;185665518156,96;8731331834;"PRIM"
"256";"Italy";2019;186547746433,242;8928759339;"PRIM"
"257";"Italy";2020;179112314871,34;6342393110;"PRIM"
"258";"Italy";2021;212289778586,502;9243821099;"PRIM"
"259";"Netherlands";1988;33098153219;46209078469;"PRIM"
"260";"Netherlands";1989;34977926838;50219228685;"PRIM"
"261";"Netherlands";1990;44378108168;52235250547;"PRIM"
"262";"Netherlands";1991;46805354380;56155306452;"PRIM"
"263";"Netherlands";1992;48936996886;58110320374;"PRIM"
"264";"Netherlands";1993;45601198255;57430596941;"PRIM"
"265";"Netherlands";1994;52354786068;57794461099;"PRIM"
"266";"Netherlands";1995;64746974379;56289620182;"PRIM"
"267";"Netherlands";1996;67007811346;59819489584;"PRIM"
"268";"Netherlands";1997;68084548021;53828618283;"PRIM"
"269";"Netherlands";1998;67114364141;20982514851;"PRIM"
"270";"Netherlands";1999;68483628222;24956477093;"PRIM"
"271";"Netherlands";2000;71792748096;61130231718;"PRIM"
"272";"Netherlands";2001;65937530021;33767548505;"PRIM"
"273";"Netherlands";2002;70532339586;29329276848;"PRIM"
"274";"Netherlands";2003;85934557767;28653772004;"PRIM"
"275";"Netherlands";2004;100582752223;31686177727;"PRIM"
"276";"Netherlands";2005;109399070679;30959010315;"PRIM"
"277";"Netherlands";2006;125797424614;35184749888;"PRIM"
"278";"Netherlands";2007;149357074353;39714638737;"PRIM"
"279";"Netherlands";2008;152558978346;32117732356;"PRIM"
"280";"Netherlands";2009;126504890695;7061937035;"PRIM"
"281";"Netherlands";2010;141190413031;32672750808;"PRIM"
"282";"Netherlands";2011;181412437648,361;28422665267;"PRIM"
"283";"Netherlands";2012;170572943844,165;10066769802;"PRIM"
"284";"Netherlands";2013;173152453534,342;28169858945;"PRIM"
"285";"Netherlands";2014;177619637310,586;24619746610;"PRIM"
"286";"Netherlands";2015;143939329048,355;26524849831;"PRIM"
"287";"Netherlands";2016;144605818686,217;31015685019;"PRIM"
"288";"Netherlands";2017;157399897392,297;28263283030;"PRIM"
"289";"Netherlands";2018;174001389848,491;19901724941;"PRIM"
"290";"Netherlands";2019;171791390319,259;24705057807;"PRIM"
"291";"Netherlands";2020;173490094506,706;22105799397;"PRIM"
"292";"Netherlands";2021;211813899379,934;36423514305;"PRIM"
"293";"Portugal";1988;2488855421;574674304;"PRIM"
"294";"Portugal";1989;2636334710;711171739;"PRIM"
"295";"Portugal";1990;3057634596;698899789;"PRIM"
"296";"Portugal";1991;2882141476;683084464;"PRIM"
"297";"Portugal";1992;3201207027;704497369;"PRIM"
"298";"Portugal";1993;2559365182;491275202;"PRIM"
"299";"Portugal";1994;3011185353;635526953;"PRIM"
"300";"Portugal";1995;3926809818;763294979;"PRIM"
"301";"Portugal";1996;3658296620;670385131;"PRIM"
"302";"Portugal";1997;3674579095;919180647;"PRIM"
"303";"Portugal";1998;3795218002;945443410;"PRIM"
"304";"Portugal";1999;4169743582;919225124;"PRIM"
"305";"Portugal";2000;4329209331;947639957;"PRIM"
"306";"Portugal";2001;4367884001;1037285836;"PRIM"
"307";"Portugal";2002;4830254965;1149212015;"PRIM"
"308";"Portugal";2003;6118559311;1138183946;"PRIM"
"309";"Portugal";2004;7251156873;1466260187;"PRIM"
"310";"Portugal";2005;8237694247;1638978058;"PRIM"
"311";"Portugal";2006;9553947347;2250734645;"PRIM"
"312";"Portugal";2007;11651153663;2557818321;"PRIM"
"313";"Portugal";2008;13236569978;3012868384;"PRIM"
"314";"Portugal";2009;10462923308;2205533993;"PRIM"
"315";"Portugal";2010;10912780184;3082590730;"PRIM"
"316";"Portugal";2011;12588385463;3175914620;"PRIM"
"317";"Portugal";2012;13026961126;2972982745;"PRIM"
"318";"Portugal";2013;14149732357;3768323876;"PRIM"
"319";"Portugal";2014;14688928858;3706234313;"PRIM"
"320";"Portugal";2015;12672304705,983;3474071341;"PRIM"
"321";"Portugal";2016;12594757494,942;3628288960;"PRIM"
"322";"Portugal";2017;13463004859,207;3664361545;"PRIM"
"323";"Portugal";2018;15534588287,825;4608384090;"PRIM"
"324";"Portugal";2019;13831717853;4597038741;"PRIM"
"325";"Portugal";2020;14007565619,194;3877582737;"PRIM"
"326";"Portugal";2021;17254999878,755;4315281353;"PRIM"
"327";"Spain";1988;8846315933;8199028589;"PRIM"
"328";"Spain";1989;9661203534;7547325746;"PRIM"
"329";"Spain";1990;11716686615;7137978509;"PRIM"
"330";"Spain";1991;12797302550;7078742840;"PRIM"
"331";"Spain";1992;13099100095;6998763360;"PRIM"
"332";"Spain";1993;12182536576;7031851323;"PRIM"
"333";"Spain";1994;14466163381;7902318614;"PRIM"
"334";"Spain";1995;17783929778;9116756378;"PRIM"
"335";"Spain";1996;20611651726;9821259378;"PRIM"
"336";"Spain";1997;21631581640;11676146636;"PRIM"
"337";"Spain";1998;22252340283;12503187385;"PRIM"
"338";"Spain";1999;22563292996;11611731675;"PRIM"
"339";"Spain";2000;22689289500,447;12166125982;"PRIM"
"340";"Spain";2001;23047302814,213;7710818360;"PRIM"
"341";"Spain";2002;25866724531,124;14270107719;"PRIM"
"342";"Spain";2003;31842746936,153;14730166591;"PRIM"
"343";"Spain";2004;36441789963,943;15729389726;"PRIM"
"344";"Spain";2005;41321015319,451;13511429577;"PRIM"
"345";"Spain";2006;47080017144,373;11155689696;"PRIM"
"346";"Spain";2007;57695365699,124;12929195368;"PRIM"
"347";"Spain";2008;64015012945,799;12997090157;"PRIM"
"348";"Spain";2009;52925319211,773;7027897153;"PRIM"
"349";"Spain";2010;58523712786,46;7860697165;"PRIM"
"350";"Spain";2011;71613542826,044;15031778058;"PRIM"
"351";"Spain";2012;72172736422,683;3887708439;"PRIM"
"352";"Spain";2013;78786267174,955;16220470883;"PRIM"
"353";"Spain";2014;82394598564,096;14104614146;"PRIM"
"354";"Spain";2015;67197837832,294;12231043259;"PRIM"
"355";"Spain";2016;65595204453,177;3704888720;"PRIM"
"356";"Spain";2017;72279704957,9;3148754835;"PRIM"
"357";"Spain";2018;76285509882,23;9487800422;"PRIM"
"358";"Spain";2019;73155402409,617;7539585567;"PRIM"
"359";"Spain";2020;69742733207,728;10209832365;"PRIM"
"360";"Spain";2021;92442151591,987;21969191579;"PRIM"
"361";"Austria";1988;7959091945;8144117974;"RES"
"362";"Austria";1989;8285650583;8828669909;"RES"
"363";"Austria";1990;10455158542;9696343792;"RES"
"364";"Austria";1991;9795575603;9434517610;"RES"
"365";"Austria";1992;10213118491;9528252377;"RES"
"366";"Austria";1993;8919434346;9955007233;"RES"
"367";"Austria";1994;10422357065;11432256618;"RES"
"368";"Austria";1995;13339060800;11138838934;"RES"
"369";"Austria";1996;12572104514;11519565200;"RES"
"370";"Austria";1997;12147730744;12000739974;"RES"
"371";"Austria";1998;12706270963;12406531673;"RES"
"372";"Austria";1999;12964388838;13592777589;"RES"
"373";"Austria";2000;11334653568;14230361517;"RES"
"374";"Austria";2001;11985175620;14866197195;"RES"
"375";"Austria";2002;13959170163;16165430098;"RES"
"376";"Austria";2003;17847436121;17561638289;"RES"
"377";"Austria";2004;21954365943;18772512413;"RES"
"378";"Austria";2005;24385805754;19417473589;"RES"
"379";"Austria";2006;28458484863;19680777294;"RES"
"380";"Austria";2007;30348072907;22969217492;"RES"
"381";"Austria";2008;32862179002;22678398454;"RES"
"382";"Austria";2009;25298764311;18662819128;"RES"
"383";"Austria";2010;27751449838;19960488090;"RES"
"384";"Austria";2011;31488278936;20421604971;"RES"
"385";"Austria";2012;29316172413,025;20003314704;"RES"
"386";"Austria";2013;29319630927,171;15681983305;"RES"
"387";"Austria";2014;29471402965,37;19872014130;"RES"
"388";"Austria";2015;25208711173,739;19406562286;"RES"
"389";"Austria";2016;24818331684,896;19038452445;"RES"
"390";"Austria";2017;27057871126,152;20501815209;"RES"
"391";"Austria";2018;30097291806,904;22152774620;"RES"
"392";"Austria";2019;28634844949,458;18061186917;"RES"
"393";"Austria";2020;27219745319,332;21494850317;"RES"
"394";"Austria";2021;37240173603,399;21248724390;"RES"
"395";"Belgium";1999;46323447503;60421241862;"RES"
"396";"Belgium";2000;49411194871;54800607241;"RES"
"397";"Belgium";2001;46695665840;57455189800;"RES"
"398";"Belgium";2002;54081750927;57503112346;"RES"
"399";"Belgium";2003;61924839847;62333901216;"RES"
"400";"Belgium";2004;77008443401;64145852182;"RES"
"401";"Belgium";2005;87578432238;65026664564;"RES"
"402";"Belgium";2006;95168291689;66750381017;"RES"
"403";"Belgium";2007;112928055343;68341320530;"RES"
"404";"Belgium";2008;125515283332;72856914039;"RES"
"405";"Belgium";2009;94783001432;66882666079;"RES"
"406";"Belgium";2010;82172654998,324;61128521324;"RES"
"407";"Belgium";2011;102892903034,92;64317129386;"RES"
"408";"Belgium";2012;96282293749,927;64847829411;"RES"
"409";"Belgium";2013;99340826903,425;68610571338;"RES"
"410";"Belgium";2014;96861221597,82;64030747785;"RES"
"411";"Belgium";2015;70623853938,866;59754460730;"RES"
"412";"Belgium";2016;76612011504,474;53887796917;"RES"
"413";"Belgium";2017;82052204575,046;57520400018;"RES"
"414";"Belgium";2018;97405629732,849;55711301732;"RES"
"415";"Belgium";2019;86223528590,023;63073101941;"RES"
"416";"Belgium";2020;73364909895,716;62918057472;"RES"
"417";"Belgium";2021;94213944791,78;59280816802;"RES"
"418";"Finland";1988;10952538558;16231866815;"RES"
"419";"Finland";1989;11189297450;14527488365;"RES"
"420";"Finland";1990;12653475701;14579818047;"RES"
"421";"Finland";1991;11612068972;15684496383;"RES"
"422";"Finland";1992;11768700033;17038931299;"RES"
"423";"Finland";1993;11070467375;19179834602;"RES"
"424";"Finland";1994;14070412490;21682308390;"RES"
"425";"Finland";1995;18011724291;21288818541;"RES"
"426";"Finland";1996;16548854314;21483493429;"RES"
"427";"Finland";1997;16732143135;23430996015;"RES"
"428";"Finland";1998;16979533819;24757212121;"RES"
"429";"Finland";1999;16656204889;25770121695;"RES"
"430";"Finland";2000;17231131945;25844651617;"RES"
"431";"Finland";2001;16548712748;25086859810;"RES"
"432";"Finland";2002;17295708652;27799410043;"RES"
"433";"Finland";2003;20415309229;28305619002;"RES"
"434";"Finland";2004;23634842514;28825115062;"RES"
"435";"Finland";2005;22395179935;26932773038;"RES"
"436";"Finland";2006;26969903324;30755236247;"RES"
"437";"Finland";2007;31087918274;31475348232;"RES"
"438";"Finland";2008;32938691317;28865685022;"RES"
"439";"Finland";2009;21280873861;23957952132;"RES"
"440";"Finland";2010;27970852520;26345993989;"RES"
"441";"Finland";2011;32368496731;26272321153;"RES"
"442";"Finland";2012;30993052010;4859543313;"RES"
"443";"Finland";2013;33399814471;29166246421;"RES"
"444";"Finland";2014;31346835463;31659931956;"RES"
"445";"Finland";2015;22992465949;24442446526;"RES"
"446";"Finland";2016;23168532803;30525641477;"RES"
"447";"Finland";2017;25416869187,737;26474181802;"RES"
"448";"Finland";2018;29252582885,815;26898375425;"RES"
"449";"Finland";2019;27414910431,5;844456078;"RES"
"450";"Finland";2020;23346630736,929;28799686133;"RES"
"451";"Finland";2021;31168695685,88;20456593642;"RES"
"452";"France";1988;36389840396;48403527832;"RES"
"453";"France";1989;38326438847;53659221233;"RES"
"454";"France";1990;44756720750;53646551553;"RES"
"455";"France";1991;44523046594;53085329433;"RES"
"456";"France";1992;46980974358;53464445046;"RES"
"457";"France";1993;41833709911;52006883434;"RES"
"458";"France";1994;45713681897;49839245412;"RES"
"459";"France";1995;55141511635;47572353838;"RES"
"460";"France";1996;57503815770;51487394305;"RES"
"461";"France";1997;54288750643;52388069767;"RES"
"462";"France";1998;55356444786;52399666602;"RES"
"463";"France";1999;55091673236;52902360275;"RES"
"464";"France";2000;53969812488;59505954693;"RES"
"465";"France";2001;50997864862;57556448478;"RES"
"466";"France";2002;53689620363;57345068876;"RES"
"467";"France";2003;64398982397;61093097403;"RES"
"468";"France";2004;75959268878;64707470796;"RES"
"469";"France";2005;82642116759;67862790285;"RES"
"470";"France";2006;92510454404;66437885714;"RES"
"471";"France";2007;102926603786;62156938816;"RES"
"472";"France";2008;118729660417;65721013122;"RES"
"473";"France";2009;84824727046;54802816612;"RES"
"474";"France";2010;96349879539;55213483880;"RES"
"475";"France";2011;117298687498;63678644810;"RES"
"476";"France";2012;109899827514;61545380426;"RES"
"477";"France";2013;108284739744;60029664268;"RES"
"478";"France";2014;107142220703;60665614577;"RES"
"479";"France";2015;88857941131;61695075729;"RES"
"480";"France";2016;84351108620;60986068898;"RES"
"481";"France";2017;93671309771,888;32465372862;"RES"
"482";"France";2018;103065042510,979;12137950476;"RES"
"483";"France";2019;95590213506,198;33008679246;"RES"
"484";"France";2020;83800437677,598;39909951343;"RES"
"485";"France";2021;117572889147,332;52508195037;"RES"
"486";"Germany";1991;67067381848;72665377628;"RES"
"487";"Germany";1992;70267280752;75059166824;"RES"
"488";"Germany";1993;60612151016;73701616145;"RES"
"489";"Germany";1994;69935799264;80318854558;"RES"
"490";"Germany";1995;85201498992;79281328968;"RES"
"491";"Germany";1996;83500537896;77954774850;"RES"
"492";"Germany";1997;81289794348;83704632448;"RES"
"493";"Germany";1998;83793181541;87324217407;"RES"
"494";"Germany";1999;82923359167;90782910977;"RES"
"495";"Germany";2000;83324485000;93220382503;"RES"
"496";"Germany";2001;86119903000;99635123078;"RES"
"497";"Germany";2002;94543382000;104890703065;"RES"
"498";"Germany";2003;109768641000;102353437936;"RES"
"499";"Germany";2004;134135778000;114411195064;"RES"
"500";"Germany";2005;153262797000;132125302588;"RES"
"501";"Germany";2006;183844264000;137057865969;"RES"
"502";"Germany";2007;209897630000;133694423775;"RES"
"503";"Germany";2008;236139493399,063;118167399297;"RES"
"504";"Germany";2009;180270176813,972;91978564433;"RES"
"505";"Germany";2010;202891434580,024;104971893278;"RES"
"506";"Germany";2011;242925502798,249;106873625614;"RES"
"507";"Germany";2012;231850728216,485;105830339424;"RES"
"508";"Germany";2013;235752408790,654;105074004696;"RES"
"509";"Germany";2014;238794185626,149;107257336033;"RES"
"510";"Germany";2015;200136724886,365;108712619031;"RES"
"511";"Germany";2016;197825025560,37;90490167610;"RES"
"512";"Germany";2017;216122134926,897;113084117004;"RES"
"513";"Germany";2018;232490229751,213;113743474587;"RES"
"514";"Germany";2019;219307496115,314;111769535522;"RES"
"515";"Germany";2020;206888117341,437;118763319033;"RES"
"516";"Germany";2021;267568321487,35;124621279260;"RES"
"517";"Greece";1988;995998773;9066629127;"RES"
"518";"Greece";1989;1702206309;11765448638;"RES"
"519";"Greece";1990;1846093740;16154451535;"RES"
"520";"Greece";1991;1910008829;13239774897;"RES"
"521";"Greece";1992;2292771026;12317198533;"RES"
"522";"Greece";1993;2108656316;13037989370;"RES"
"523";"Greece";1994;2529182470;17154145324;"RES"
"524";"Greece";1995;2732582174;13439575273;"RES"
"525";"Greece";1996;3225903324;14896583835;"RES"
"526";"Greece";1997;2714671349;13742193239;"RES"
"527";"Greece";1998;2331061678;12106971562;"RES"
"528";"Greece";1999;2702520646;13021477833;"RES"
"529";"Greece";2000;2866095612;14277255377;"RES"
"530";"Greece";2001;2465697668;12301217763;"RES"
"531";"Greece";2002;2231355390;9048290869;"RES"
"532";"Greece";2003;2781600682;8977881974;"RES"
"533";"Greece";2004;2926392035;9474787338;"RES"
"534";"Greece";2005;4067894195;11040229871;"RES"
"535";"Greece";2006;5456580424;11414661238;"RES"
"536";"Greece";2007;5855527095;11959252342;"RES"
"537";"Greece";2008;10119548168;20787929329;"RES"
"538";"Greece";2009;7738231430;20982601562;"RES"
"539";"Greece";2010;10059552749;18057997154;"RES"
"540";"Greece";2011;13590735788;16982484666;"RES"
"541";"Greece";2012;16928067886;22177122265;"RES"
"542";"Greece";2013;17855195685;24630840321;"RES"
"543";"Greece";2014;16875888207;25845488332;"RES"
"544";"Greece";2015;11765568573;26252068541;"RES"
"545";"Greece";2016;10798664430;28392243296;"RES"
"546";"Greece";2017;13447013827,121;8821284337;"RES"
"547";"Greece";2018;17288194761,193;29377542368;"RES"
"548";"Greece";2019;15271321252,996;29382585818;"RES"
"549";"Greece";2020;11298626501,73;27872901490;"RES"
"550";"Greece";2021;17881354351,966;29060876803;"RES"
"551";"Ireland";1988;3276079190;3995818093;"RES"
"552";"Ireland";1989;3743500488;3957070356;"RES"
"553";"Ireland";1990;4457638669;3938987182;"RES"
"554";"Ireland";1991;4732431699;4295312412;"RES"
"555";"Ireland";1992;5735595829;4490785710;"RES"
"556";"Ireland";1993;5704427665;4704728559;"RES"
"557";"Ireland";1994;6848121831;4937822706;"RES"
"558";"Ireland";1995;7893864627;5273934887;"RES"
"559";"Ireland";1996;9787502865;5356971197;"RES"
"560";"Ireland";1997;11862096225;5723468825;"RES"
"561";"Ireland";1998;17432570181;5746721635;"RES"
"562";"Ireland";1999;19100365512;5587507377;"RES"
"563";"Ireland";2000;22315248765,373;6060849463;"RES"
"564";"Ireland";2001;22573753506,749;6819044355;"RES"
"565";"Ireland";2002;24079177034,555;7686273682;"RES"
"566";"Ireland";2003;27472660346,225;7413426429;"RES"
"567";"Ireland";2004;30132776663,041;9109058624;"RES"
"568";"Ireland";2005;34952507798,59;9076941509;"RES"
"569";"Ireland";2006;35137704266,413;8499404225;"RES"
"570";"Ireland";2007;43194640354,789;9404257797;"RES"
"571";"Ireland";2008;44238501031,607;9066366154;"RES"
"572";"Ireland";2009;41002894330,609;7660498893;"RES"
"573";"Ireland";2010;42328431042,645;8423429207;"RES"
"574";"Ireland";2011;45993437608,077;9524718150;"RES"
"575";"Ireland";2012;44588812373,355;9950610942;"RES"
"576";"Ireland";2013;42930514652,322;9339777292;"RES"
"577";"Ireland";2014;43651116665,221;9941767378;"RES"
"578";"Ireland";2015;41691226417,891;8501245860;"RES"
"579";"Ireland";2016;43803353310,704;8561710611;"RES"
"580";"Ireland";2017;40924107734,962;10599227935;"RES"
"581";"Ireland";2018;51841933491,46;10637431827;"RES"
"582";"Ireland";2019;53532173030,095;10377086380;"RES"
"583";"Ireland";2020;54513142297,701;10761744482;"RES"
"584";"Ireland";2021;54031709167,086;10058666576;"RES"
"585";"Italy";1988;22715673085;29765083726;"RES"
"586";"Italy";1989;24390014723;31810811406;"RES"
"587";"Italy";1990;28979787706;33986926531;"RES"
"588";"Italy";1991;28903089351;34752491949;"RES"
"589";"Italy";1992;30360931107;38003869920;"RES"
"590";"Italy";1993;28729791805;39900649230;"RES"
"591";"Italy";1994;31867553762;39145890865;"RES"
"592";"Italy";1995;38502413077;38866009599;"RES"
"593";"Italy";1996;41054486114;42620755512;"RES"
"594";"Italy";1997;39647326050;42910270126;"RES"
"595";"Italy";1998;39466896643;48605540914;"RES"
"596";"Italy";1999;39486830720;49691457238;"RES"
"597";"Italy";2000;41543447054;52133552929;"RES"
"598";"Italy";2001;41420555369;54591141818;"RES"
"599";"Italy";2002;42828237395;50394646641;"RES"
"600";"Italy";2003;50541263920;53971074668;"RES"
"601";"Italy";2004;60050690368;55434178407;"RES"
"602";"Italy";2005;66723777938;58812099131;"RES"
"603";"Italy";2006;75804911415;55104862449;"RES"
"604";"Italy";2007;90263892501;55940432792;"RES"
"605";"Italy";2008;99533766180;62164519893;"RES"
"606";"Italy";2009;72688903057;55226369999;"RES"
"607";"Italy";2010;85794405213;61759374565;"RES"
"608";"Italy";2011;100644827501;58301618460;"RES"
"609";"Italy";2012;98738307293;62642496415;"RES"
"610";"Italy";2013;97745357302;60565010299;"RES"
"611";"Italy";2014;96061767072;51683264083;"RES"
"612";"Italy";2015;80782988399,799;60222766795;"RES"
"613";"Italy";2016;78894016741,217;48694802726;"RES"
"614";"Italy";2017;88289687131,531;54253207335;"RES"
"615";"Italy";2018;96287162380,079;55628417508;"RES"
"616";"Italy";2019;90962806943,411;55348229898;"RES"
"617";"Italy";2020;80877324916,966;49275933475;"RES"
"618";"Italy";2021;104354775774,085;55886601826;"RES"
"619";"Netherlands";1988;26020324289;68414793951;"RES"
"620";"Netherlands";1989;27335321398;69892548833;"RES"
"621";"Netherlands";1990;32446430093;69027032733;"RES"
"622";"Netherlands";1991;31819989916;71385466494;"RES"
"623";"Netherlands";1992;31909615750;70076255987;"RES"
"624";"Netherlands";1993;30070915238;83456446729;"RES"
"625";"Netherlands";1994;32690463505;79697949151;"RES"
"626";"Netherlands";1995;39846042215;82032705226;"RES"
"627";"Netherlands";1996;39567194031;81640499489;"RES"
"628";"Netherlands";1997;38832983464;84071534945;"RES"
"629";"Netherlands";1998;34928164214;86530383700;"RES"
"630";"Netherlands";1999;34439327280;84522306548;"RES"
"631";"Netherlands";2000;38870062431;81513978594;"RES"
"632";"Netherlands";2001;38758076804;85930683277;"RES"
"633";"Netherlands";2002;41513411912;86178915248;"RES"
"634";"Netherlands";2003;50656887726;87634960938;"RES"
"635";"Netherlands";2004;61491973414;90607092239;"RES"
"636";"Netherlands";2005;71853709038;90176329931;"RES"
"637";"Netherlands";2006;88064008061;101078739955;"RES"
"638";"Netherlands";2007;106920024223;111937100466;"RES"
"639";"Netherlands";2008;128986754680;106024951393;"RES"
"640";"Netherlands";2009;90841754514;33173801678;"RES"
"641";"Netherlands";2010;113360748413;109603833546;"RES"
"642";"Netherlands";2011;154014731360,322;44026112205;"RES"
"643";"Netherlands";2012;155691267665,519;119273400467;"RES"
"644";"Netherlands";2013;160280952598,945;120524422787;"RES"
"645";"Netherlands";2014;146707449728,267;100379827913;"RES"
"646";"Netherlands";2015;105953729236,726;130992837955;"RES"
"647";"Netherlands";2016;101426477218,773;144438118407;"RES"
"648";"Netherlands";2017;120100708700,719;154737721987;"RES"
"649";"Netherlands";2018;135691826819,59;150836621375;"RES"
"650";"Netherlands";2019;130335988502,323;153842352304;"RES"
"651";"Netherlands";2020;110360725758,348;143330684031;"RES"
"652";"Netherlands";2021;155629181677,189;156287030772;"RES"
"653";"Portugal";1988;3275874210;6798820325;"RES"
"654";"Portugal";1989;3955287690;8288286511;"RES"
"655";"Portugal";1990;4735906989;9169699498;"RES"
"656";"Portugal";1991;4241688212;8544802372;"RES"
"657";"Portugal";1992;4587887618;10086849952;"RES"
"658";"Portugal";1993;3858600157;9994136299;"RES"
"659";"Portugal";1994;4768092376;12067376222;"RES"
"660";"Portugal";1995;5898609073;10944201555;"RES"
"661";"Portugal";1996;5211079129;9004412599;"RES"
"662";"Portugal";1997;5198738008;9498541123;"RES"
"663";"Portugal";1998;5118454073;8945578615;"RES"
"664";"Portugal";1999;5206262199;8890733398;"RES"
"665";"Portugal";2000;5567106900;9565175414;"RES"
"666";"Portugal";2001;5193337526;9034936928;"RES"
"667";"Portugal";2002;5842011153;10103644780;"RES"
"668";"Portugal";2003;7628206191;11095910814;"RES"
"669";"Portugal";2004;9271611211;13548686507;"RES"
"670";"Portugal";2005;10311603882;15451140418;"RES"
"671";"Portugal";2006;12754028236;18027364992;"RES"
"672";"Portugal";2007;14878025898;18491205316;"RES"
"673";"Portugal";2008;16308981487;17841226716;"RES"
"674";"Portugal";2009;12996597131;15520920183;"RES"
"675";"Portugal";2010;15708154172;17542127384;"RES"
"676";"Portugal";2011;19546796732;17894451555;"RES"
"677";"Portugal";2012;19056115682;18678489488;"RES"
"678";"Portugal";2013;21779815664;22366207497;"RES"
"679";"Portugal";2014;21048302981;22345350069;"RES"
"680";"Portugal";2015;17905319693,562;21296462109;"RES"
"681";"Portugal";2016;16796208517,701;19251147900;"RES"
"682";"Portugal";2017;18933451183,438;17428428143;"RES"
"683";"Portugal";2018;22132996487,693;19309941788;"RES"
"684";"Portugal";2019;18965485460,254;15915380994;"RES"
"685";"Portugal";2020;16933804764,12;16124882004;"RES"
"686";"Portugal";2021;22314146944,322;13330701903;"RES"
"687";"Spain";1988;10249559917;30552152940;"RES"
"688";"Spain";1989;10557046787;27580459642;"RES"
"689";"Spain";1990;12874996749;28487220961;"RES"
"690";"Spain";1991;13060724211;31052779952;"RES"
"691";"Spain";1992;12762216147;26414273979;"RES"
"692";"Spain";1993;11956780604;28907104512;"RES"
"693";"Spain";1994;13989699870;30039970056;"RES"
"694";"Spain";1995;16929719415;28507650291;"RES"
"695";"Spain";1996;19646492370;33994276979;"RES"
"696";"Spain";1997;20578260215;36601824496;"RES"
"697";"Spain";1998;20338496086;38911427674;"RES"
"698";"Spain";1999;20750233376;35207572667;"RES"
"699";"Spain";2000;22514829642,66;27551920161;"RES"
"700";"Spain";2001;22470125580,631;27910914228;"RES"
"701";"Spain";2002;23777363229,588;31784072330;"RES"
"702";"Spain";2003;29372460913,659;35756666386;"RES"
"703";"Spain";2004;34958038680,995;37071798957;"RES"
"704";"Spain";2005;38420295278,78;35168839412;"RES"
"705";"Spain";2006;44087721236,172;35645236425;"RES"
"706";"Spain";2007;52372423315,449;26907843091;"RES"
"707";"Spain";2008;62251330411,86;46782483628;"RES"
"708";"Spain";2009;45542546999,761;32176146047;"RES"
"709";"Spain";2010;53147232046,736;35840172752;"RES"
"710";"Spain";2011;66955120677,625;40294063079;"RES"
"711";"Spain";2012;68169012397,299;40744342601;"RES"
"712";"Spain";2013;69844619603,198;15192205004;"RES"
"713";"Spain";2014;69701039884,858;39197730548;"RES"
"714";"Spain";2015;56236076021,824;24253589473;"RES"
"715";"Spain";2016;55597047093,924;40358992903;"RES"
"716";"Spain";2017;66819018963,439;30722270918;"RES"
"717";"Spain";2018;76067546247,752;55783220781;"RES"
"718";"Spain";2019;70670439844,519;38860871402;"RES"
"719";"Spain";2020;60242329422,894;47321407700;"RES"
"720";"Spain";2021;84100612164,638;55553077278;"RES"
"721";"Austria";1988;8185378819;3709623611;"LOW"
"722";"Austria";1989;8473622954;3745372170;"LOW"
"723";"Austria";1990;10794829156;3987628480;"LOW"
"724";"Austria";1991;10532426439;3910224058;"LOW"
"725";"Austria";1992;11551676749;3963061704;"LOW"
"726";"Austria";1993;10419509578;4072287929;"LOW"
"727";"Austria";1994;11385606523;4466677197;"LOW"
"728";"Austria";1995;13487849430;4787604838;"LOW"
"729";"Austria";1996;13129881421;4221001106;"LOW"
"730";"Austria";1997;13211027778;4809688227;"LOW"
"731";"Austria";1998;14776215389;6558353658;"LOW"
"732";"Austria";1999;13724362710;5626006885;"LOW"
"733";"Austria";2000;13150789955;5958832511;"LOW"
"734";"Austria";2001;13927976546;6462973032;"LOW"
"735";"Austria";2002;14661849945;6452850385;"LOW"
"736";"Austria";2003;18695232507;6873135316;"LOW"
"737";"Austria";2004;21516997260;6486093542;"LOW"
"738";"Austria";2005;23330154416;6846447462;"LOW"
"739";"Austria";2006;25468953141;7301858578;"LOW"
"740";"Austria";2007;31295201034;8982054966;"LOW"
"741";"Austria";2008;34827162687;9119430893;"LOW"
"742";"Austria";2009;25635677682;6704087725;"LOW"
"743";"Austria";2010;28000518025;7894474265;"LOW"
"744";"Austria";2011;32887805382;8113427875;"LOW"
"745";"Austria";2012;29575772360,158;7904959143;"LOW"
"746";"Austria";2013;30765812484,637;8935732728;"LOW"
"747";"Austria";2014;32369105845,901;9493078938;"LOW"
"748";"Austria";2015;27974540603,272;8156479776;"LOW"
"749";"Austria";2016;27793576782,532;9801854264;"LOW"
"750";"Austria";2017;30496267558,677;9270239532;"LOW"
"751";"Austria";2018;33769655477,275;9861605101;"LOW"
"752";"Austria";2019;31490911183,474;9439873104;"LOW"
"753";"Austria";2020;28756986542,515;8769307579;"LOW"
"754";"Austria";2021;36052112034,752;9739312642;"LOW"
"755";"Belgium";1999;28858123480;18560784706;"LOW"
"756";"Belgium";2000;29055285897;19865005940;"LOW"
"757";"Belgium";2001;28708510153;18746030588;"LOW"
"758";"Belgium";2002;30258844814;18703013364;"LOW"
"759";"Belgium";2003;36345176975;19279106091;"LOW"
"760";"Belgium";2004;44209272556;21791499243;"LOW"
"761";"Belgium";2005;46955830712;21057116201;"LOW"
"762";"Belgium";2006;52452699961;24131974854;"LOW"
"763";"Belgium";2007;64017549136;24672857115;"LOW"
"764";"Belgium";2008;69710258533;23492574883;"LOW"
"765";"Belgium";2009;51855408816;16296535316;"LOW"
"766";"Belgium";2010;35376643978,485;16323464750;"LOW"
"767";"Belgium";2011;40585931028,851;12355038642;"LOW"
"768";"Belgium";2012;35730862948,449;15408761927;"LOW"
"769";"Belgium";2013;35673445222,584;14962997049;"LOW"
"770";"Belgium";2014;38116174316,288;15919343699;"LOW"
"771";"Belgium";2015;32391473272,984;14307712592;"LOW"
"772";"Belgium";2016;32183493975,776;15863310372;"LOW"
"773";"Belgium";2017;35768990179,337;13441219699;"LOW"
"774";"Belgium";2018;38506105335,659;5880306062;"LOW"
"775";"Belgium";2019;35791132737,487;12949648391;"LOW"
"776";"Belgium";2020;32735600650,548;11575624305;"LOW"
"777";"Belgium";2021;41159372025,781;13934214515;"LOW"
"778";"Finland";1988;3136744643;1099197644;"LOW"
"779";"Finland";1989;3171985478;1109427304;"LOW"
"780";"Finland";1990;3390126362;1136974813;"LOW"
"781";"Finland";1991;3056358205;1140034258;"LOW"
"782";"Finland";1992;3168483477;1304412661;"LOW"
"783";"Finland";1993;2990364167;1576998702;"LOW"
"784";"Finland";1994;3811294005;1816526348;"LOW"
"785";"Finland";1995;4804831703;1845082379;"LOW"
"786";"Finland";1996;4723153622;2337845925;"LOW"
"787";"Finland";1997;4616135768;2306653488;"LOW"
"788";"Finland";1998;4638991291;2351186711;"LOW"
"789";"Finland";1999;4034744643;2370455243;"LOW"
"790";"Finland";2000;4210639818;3659101994;"LOW"
"791";"Finland";2001;4116152159;3697806871;"LOW"
"792";"Finland";2002;3801781225;3283409224;"LOW"
"793";"Finland";2003;4730979086;3559934790;"LOW"
"794";"Finland";2004;6109959422;3518421713;"LOW"
"795";"Finland";2005;6689995394;3707421584;"LOW"
"796";"Finland";2006;8147722620;3921438593;"LOW"
"797";"Finland";2007;10080485099;3919418031;"LOW"
"798";"Finland";2008;9945716032;2827804301;"LOW"
"799";"Finland";2009;5074922005;1551006240;"LOW"
"800";"Finland";2010;7386971047;3271571084;"LOW"
"801";"Finland";2011;8753227847;3355189438;"LOW"
"802";"Finland";2012;7973167536;744378728;"LOW"
"803";"Finland";2013;8100089688;2965166308;"LOW"
"804";"Finland";2014;7358181042;2222751135;"LOW"
"805";"Finland";2015;5823947186;2153297597;"LOW"
"806";"Finland";2016;5567073615;2366491659;"LOW"
"807";"Finland";2017;6304123135,841;2418100065;"LOW"
"808";"Finland";2018;6921849665,287;712099235;"LOW"
"809";"Finland";2019;6460484329,421;152525082;"LOW"
"810";"Finland";2020;6033654781,165;2238840266;"LOW"
"811";"Finland";2021;8014008775,331;2691719522;"LOW"
"812";"France";1988;25068927872;12680393559;"LOW"
"813";"France";1989;27141392082;13275599263;"LOW"
"814";"France";1990;32518699076;13290560803;"LOW"
"815";"France";1991;32432435172;13943516898;"LOW"
"816";"France";1992;35055234216;14212976122;"LOW"
"817";"France";1993;30891207678;14057087117;"LOW"
"818";"France";1994;34648501152;15155503865;"LOW"
"819";"France";1995;41829572520;15631805309;"LOW"
"820";"France";1996;40699717812;16019350810;"LOW"
"821";"France";1997;39704505680;17776957193;"LOW"
"822";"France";1998;41928971176;18274256388;"LOW"
"823";"France";1999;40880075276;19433799656;"LOW"
"824";"France";2000;39728098397;20726996343;"LOW"
"825";"France";2001;38896837687;19526150147;"LOW"
"826";"France";2002;41133244670;18935044450;"LOW"
"827";"France";2003;48428016687;19133419214;"LOW"
"828";"France";2004;56445764284;19972770232;"LOW"
"829";"France";2005;59569043825;18898662099;"LOW"
"830";"France";2006;65210337714;21582134118;"LOW"
"831";"France";2007;75867639496;19721019732;"LOW"
"832";"France";2008;80982295826;16830668054;"LOW"
"833";"France";2009;63732093082;12872895604;"LOW"
"834";"France";2010;68523137386;15448901837;"LOW"
"835";"France";2011;76715251227;16690827733;"LOW"
"836";"France";2012;71697463111;16627159930;"LOW"
"837";"France";2013;74849377334;17398952872;"LOW"
"838";"France";2014;77492237269;18328249535;"LOW"
"839";"France";2015;68222602644;18173370063;"LOW"
"840";"France";2016;68799972611;18079745848;"LOW"
"841";"France";2017;75298032768,097;6166207659;"LOW"
"842";"France";2018;82712282687,994;9440333519;"LOW"
"843";"France";2019;82148656023,739;6147098833;"LOW"
"844";"France";2020;70705567133,031;14498699744;"LOW"
"845";"France";2021;88564888110,711;16956641301;"LOW"
"846";"Germany";1991;63495811720;23471472456;"LOW"
"847";"Germany";1992;66767459952;23350003064;"LOW"
"848";"Germany";1993;56178194776;22669026998;"LOW"
"849";"Germany";1994;62020839184;24226124955;"LOW"
"850";"Germany";1995;73647458896;25146882800;"LOW"
"851";"Germany";1996;71243345300;24943236802;"LOW"
"852";"Germany";1997;68574148188;28349475499;"LOW"
"853";"Germany";1998;73005313728;28540955692;"LOW"
"854";"Germany";1999;70001443600;28130542833;"LOW"
"855";"Germany";2000;65888989000;30674870959;"LOW"
"856";"Germany";2001;70262084000;31615160688;"LOW"
"857";"Germany";2002;77216356000;32916891878;"LOW"
"858";"Germany";2003;89746380000;31847031876;"LOW"
"859";"Germany";2004;107170155000;35222959368;"LOW"
"860";"Germany";2005;120000532000;35753586029;"LOW"
"861";"Germany";2006;138393191000;40034430298;"LOW"
"862";"Germany";2007;162316402000;38136857392;"LOW"
"863";"Germany";2008;186629912918,346;32652068415;"LOW"
"864";"Germany";2009;145886509491,198;14528822764;"LOW"
"865";"Germany";2010;157021369172,142;27919007245;"LOW"
"866";"Germany";2011;182730322971,432;31989121871;"LOW"
"867";"Germany";2012;167106102963,672;30775635814;"LOW"
"868";"Germany";2013;172756560808,78;36414007746;"LOW"
"869";"Germany";2014;179356249257,434;37116953989;"LOW"
"870";"Germany";2015;155452183631,293;38081129998;"LOW"
"871";"Germany";2016;157512668049,327;35415762054;"LOW"
"872";"Germany";2017;173157314431,88;39218506803;"LOW"
"873";"Germany";2018;189865842577,344;39790862684;"LOW"
"874";"Germany";2019;182311558139,052;33126172381;"LOW"
"875";"Germany";2020;171653706311,772;35639682814;"LOW"
"876";"Germany";2021;206113064404,172;32403316087;"LOW"
"877";"Greece";1988;2181248476;591527973;"LOW"
"878";"Greece";1989;2652235807;952862988;"LOW"
"879";"Greece";1990;2883690542;771797490;"LOW"
"880";"Greece";1991;2979112045;1073072866;"LOW"
"881";"Greece";1992;3430156282;1005891005;"LOW"
"882";"Greece";1993;2893019680;729883042;"LOW"
"883";"Greece";1994;2777276812;836908399;"LOW"
"884";"Greece";1995;3194924333;877639199;"LOW"
"885";"Greece";1996;3237528786;918388931;"LOW"
"886";"Greece";1997;3272802317;781894965;"LOW"
"887";"Greece";1998;3178810134;707306917;"LOW"
"888";"Greece";1999;2921813689;829537590;"LOW"
"889";"Greece";2000;2475046773;1012635651;"LOW"
"890";"Greece";2001;2392096886;973059962;"LOW"
"891";"Greece";2002;2555795583;1066977307;"LOW"
"892";"Greece";2003;3451656573;1047998922;"LOW"
"893";"Greece";2004;3793828978;1074330341;"LOW"
"894";"Greece";2005;3658402728;1032159423;"LOW"
"895";"Greece";2006;3829977740;1153952098;"LOW"
"896";"Greece";2007;4318249778;1220738240;"LOW"
"897";"Greece";2008;4875251830;1330860301;"LOW"
"898";"Greece";2009;3573507564;1147324607;"LOW"
"899";"Greece";2010;3615726717;1287705606;"LOW"
"900";"Greece";2011;4341269455;1796087174;"LOW"
"901";"Greece";2012;3527777087;1394521365;"LOW"
"902";"Greece";2013;3619077484;1247867490;"LOW"
"903";"Greece";2014;3550959826;1151504206;"LOW"
"904";"Greece";2015;2861232024;1113615007;"LOW"
"905";"Greece";2016;3015502520;1237621628;"LOW"
"906";"Greece";2017;3546358601,781;1255308916;"LOW"
"907";"Greece";2018;4035838953,935;1443163955;"LOW"
"908";"Greece";2019;4320846747,636;1581451703;"LOW"
"909";"Greece";2020;3919979765,364;1607312533;"LOW"
"910";"Greece";2021;5133227001,921;1848349864;"LOW"
"911";"Ireland";1988;2599501215;542853784;"LOW"
"912";"Ireland";1989;2916696711;634740117;"LOW"
"913";"Ireland";1990;3550751889;655809708;"LOW"
"914";"Ireland";1991;3721711517;646099993;"LOW"
"915";"Ireland";1992;4428124899;733203400;"LOW"
"916";"Ireland";1993;3862263216;963367089;"LOW"
"917";"Ireland";1994;5026391466;686080581;"LOW"
"918";"Ireland";1995;5818788853;709249609;"LOW"
"919";"Ireland";1996;6939317286;767465933;"LOW"
"920";"Ireland";1997;6576524916;788705091;"LOW"
"921";"Ireland";1998;6605706552;902249928;"LOW"
"922";"Ireland";1999;6992662107;738930034;"LOW"
"923";"Ireland";2000;7060923029,815;826592994;"LOW"
"924";"Ireland";2001;6701817973,323;642540618;"LOW"
"925";"Ireland";2002;6041169982,112;516544163;"LOW"
"926";"Ireland";2003;6786916877,705;465081409;"LOW"
"927";"Ireland";2004;7534241449,882;463530017;"LOW"
"928";"Ireland";2005;7670029876,461;435944252;"LOW"
"929";"Ireland";2006;7542521106,739;463676222;"LOW"
"930";"Ireland";2007;8377434309,172;433916588;"LOW"
"931";"Ireland";2008;8658755150,323;378972591;"LOW"
"932";"Ireland";2009;8057022922,751;295202627;"LOW"
"933";"Ireland";2010;8695450062,161;364004315;"LOW"
"934";"Ireland";2011;9065805352,062;365847867;"LOW"
"935";"Ireland";2012;8802950018,797;379116468;"LOW"
"936";"Ireland";2013;8889086923,567;380685166;"LOW"
"937";"Ireland";2014;9366011833,126;449424630;"LOW"
"938";"Ireland";2015;8736895121,414;462780197;"LOW"
"939";"Ireland";2016;9174912313,741;504954162;"LOW"
"940";"Ireland";2017;9546283170,397;479001059;"LOW"
"941";"Ireland";2018;10722775402,501;495973475;"LOW"
"942";"Ireland";2019;10132113473,913;479142777;"LOW"
"943";"Ireland";2020;9871742893,41;421132646;"LOW"
"944";"Ireland";2021;11642550415,874;632183995;"LOW"
"945";"Italy";1988;41643464320;9475917833;"LOW"
"946";"Italy";1989;45308423776;11047924104;"LOW"
"947";"Italy";1990;54500200968;11724018417;"LOW"
"948";"Italy";1991;53716194400;11868253596;"LOW"
"949";"Italy";1992;56728425780;12513850472;"LOW"
"950";"Italy";1993;54105751838;15297054617;"LOW"
"951";"Italy";1994;61534512094;15480249521;"LOW"
"952";"Italy";1995;72726498580;15402898024;"LOW"
"953";"Italy";1996;79036488376;16493661077;"LOW"
"954";"Italy";1997;74234698052;16839465599;"LOW"
"955";"Italy";1998;73658934351;16677689936;"LOW"
"956";"Italy";1999;70070227319;16910433572;"LOW"
"957";"Italy";2000;71020746575;19101296237;"LOW"
"958";"Italy";2001;72704259032;19312182352;"LOW"
"959";"Italy";2002;74130095411;18803423557;"LOW"
"960";"Italy";2003;84666051169;19091416294;"LOW"
"961";"Italy";2004;98369430035;21299163035;"LOW"
"962";"Italy";2005;100054969927;21304522535;"LOW"
"963";"Italy";2006;110971192553;24218323657;"LOW"
"964";"Italy";2007;130333696435;25640638864;"LOW"
"965";"Italy";2008;137092040295;24010768902;"LOW"
"966";"Italy";2009;100074085876;18399839325;"LOW"
"967";"Italy";2010;109680674800;21385784170;"LOW"
"968";"Italy";2011;128313202354;23376278315;"LOW"
"969";"Italy";2012;120865305124;24147068973;"LOW"
"970";"Italy";2013;127005451828;23394699315;"LOW"
"971";"Italy";2014;131091989015;23850261859;"LOW"
"972";"Italy";2015;111996340467,404;17657653758;"LOW"
"973";"Italy";2016;112734014675,926;22670995400;"LOW"
"974";"Italy";2017;122740084815,638;12937392826;"LOW"
"975";"Italy";2018;133888652799,81;17432733237;"LOW"
"976";"Italy";2019;131623972982,302;20539428608;"LOW"
"977";"Italy";2020;112017725197,38;20873772254;"LOW"
"978";"Italy";2021;145266330502,458;21631333463;"LOW"
"979";"Netherlands";1988;13056013408;6127731060;"LOW"
"980";"Netherlands";1989;13156857398;6765037720;"LOW"
"981";"Netherlands";1990;16604106393;6885181170;"LOW"
"982";"Netherlands";1991;17576553536;7131841376;"LOW"
"983";"Netherlands";1992;18850777591;7305229870;"LOW"
"984";"Netherlands";1993;16402606613;6712824727;"LOW"
"985";"Netherlands";1994;17880411775;7527774214;"LOW"
"986";"Netherlands";1995;21315607296;7653229026;"LOW"
"987";"Netherlands";1996;20226549232;7900420926;"LOW"
"988";"Netherlands";1997;27767816591;8809834998;"LOW"
"989";"Netherlands";1998;20198413871;8023485533;"LOW"
"990";"Netherlands";1999;20282831935;7979245593;"LOW"
"991";"Netherlands";2000;19337361959;8496148689;"LOW"
"992";"Netherlands";2001;19649726359;8333052660;"LOW"
"993";"Netherlands";2002;19115487454;9455456341;"LOW"
"994";"Netherlands";2003;25882506856;10075874728;"LOW"
"995";"Netherlands";2004;31200170682;11800469827;"LOW"
"996";"Netherlands";2005;32389773755;11351924966;"LOW"
"997";"Netherlands";2006;37340197969;13372814839;"LOW"
"998";"Netherlands";2007;43874089050;13705513317;"LOW"
"999";"Netherlands";2008;53197765020;12302003836;"LOW"
"1000";"Netherlands";2009;42431405775;4586945256;"LOW"
"1001";"Netherlands";2010;47963634616;11761228793;"LOW"
"1002";"Netherlands";2011;59738300347,154;10534110066;"LOW"
"1003";"Netherlands";2012;55034338210,702;10343313248;"LOW"
"1004";"Netherlands";2013;59403390264,982;10400228981;"LOW"
"1005";"Netherlands";2014;63802414832,461;9436085795;"LOW"
"1006";"Netherlands";2015;53989100966,224;14961106267;"LOW"
"1007";"Netherlands";2016;56902330098,364;15136543346;"LOW"
"1008";"Netherlands";2017;63006609095,715;14483991007;"LOW"
"1009";"Netherlands";2018;70080209915,018;16540492152;"LOW"
"1010";"Netherlands";2019;69915534704,193;16434703590;"LOW"
"1011";"Netherlands";2020;68994205777,406;15320019895;"LOW"
"1012";"Netherlands";2021;87046741719,296;15832615637;"LOW"
"1013";"Portugal";1988;4841943130;780528085;"LOW"
"1014";"Portugal";1989;5385852281;852105056;"LOW"
"1015";"Portugal";1990;7191874045;1051172035;"LOW"
"1016";"Portugal";1991;7454478921;1075351105;"LOW"
"1017";"Portugal";1992;8444218888;1208073703;"LOW"
"1018";"Portugal";1993;7028439706;1360057802;"LOW"
"1019";"Portugal";1994;7832215225;1466346681;"LOW"
"1020";"Portugal";1995;9225373886;1524780715;"LOW"
"1021";"Portugal";1996;8908819649;1444691525;"LOW"
"1022";"Portugal";1997;8853482779;1660000321;"LOW"
"1023";"Portugal";1998;8945458667;1607156563;"LOW"
"1024";"Portugal";1999;8749003446;1910687733;"LOW"
"1025";"Portugal";2000;8057031785;2289502622;"LOW"
"1026";"Portugal";2001;8190917872;2329358563;"LOW"
"1027";"Portugal";2002;8508439614;2528997173;"LOW"
"1028";"Portugal";2003;10018156957;2806200365;"LOW"
"1029";"Portugal";2004;11168747098;2966738162;"LOW"
"1030";"Portugal";2005;10880015803;3086461624;"LOW"
"1031";"Portugal";2006;11889331896;3530212435;"LOW"
"1032";"Portugal";2007;13763558886;3731277231;"LOW"
"1033";"Portugal";2008;14654035577;3625620080;"LOW"
"1034";"Portugal";2009;12239705456;3459343733;"LOW"
"1035";"Portugal";2010;12830013994;3715709505;"LOW"
"1036";"Portugal";2011;15230105241;4205804356;"LOW"
"1037";"Portugal";2012;14763792972;4595342289;"LOW"
"1038";"Portugal";2013;16058456545;4738357174;"LOW"
"1039";"Portugal";2014;17232914462;5048401026;"LOW"
"1040";"Portugal";2015;14754778246,575;4773764703;"LOW"
"1041";"Portugal";2016;15284443487,657;5228110460;"LOW"
"1042";"Portugal";2017;16563038959,145;5095538589;"LOW"
"1043";"Portugal";2018;19141642761,53;5255393652;"LOW"
"1044";"Portugal";2019;16671003744,501;3664585415;"LOW"
"1045";"Portugal";2020;15231204553,211;5012937599;"LOW"
"1046";"Portugal";2021;18704496453,063;3955705285;"LOW"
"1047";"Spain";1988;7424845512;4140797345;"LOW"
"1048";"Spain";1989;7887400144;5179422184;"LOW"
"1049";"Spain";1990;9953321679;5020035026;"LOW"
"1050";"Spain";1991;9852040610;5597904282;"LOW"
"1051";"Spain";1992;10155640838;5405206589;"LOW"
"1052";"Spain";1993;9975797263;6627472975;"LOW"
"1053";"Spain";1994;12007690187;7369991165;"LOW"
"1054";"Spain";1995;14644073914;6713640441;"LOW"
"1055";"Spain";1996;16505035331;7253953746;"LOW"
"1056";"Spain";1997;17510568504;7567944927;"LOW"
"1057";"Spain";1998;17210343859;8297910169;"LOW"
"1058";"Spain";1999;17077154532;7567203269;"LOW"
"1059";"Spain";2000;17600704865,741;4255431292;"LOW"
"1060";"Spain";2001;18293835224,963;3847319203;"LOW"
"1061";"Spain";2002;19968346084,061;8389034553;"LOW"
"1062";"Spain";2003;23556717968,808;8322896367;"LOW"
"1063";"Spain";2004;27242748240,78;6626157419;"LOW"
"1064";"Spain";2005;28572994360,272;7370943871;"LOW"
"1065";"Spain";2006;31609691646,394;5464199187;"LOW"
"1066";"Spain";2007;38836447359,724;8460733264;"LOW"
"1067";"Spain";2008;44263812322,506;12000975790;"LOW"
"1068";"Spain";2009;34671727959,818;10780124956;"LOW"
"1069";"Spain";2010;38917761845,7;4695196471;"LOW"
"1070";"Spain";2011;46147360491,829;5049062544;"LOW"
"1071";"Spain";2012;43312083749,014;2384692822;"LOW"
"1072";"Spain";2013;46721160776,582;4096459967;"LOW"
"1073";"Spain";2014;49154209733,819;2869732327;"LOW"
"1074";"Spain";2015;43312429662,576;4530074084;"LOW"
"1075";"Spain";2016;44483200720,786;3073673938;"LOW"
"1076";"Spain";2017;49837210265,454;1165804839;"LOW"
"1077";"Spain";2018;53633543999,655;3422457108;"LOW"
"1078";"Spain";2019;51895249248,236;3967449298;"LOW"
"1079";"Spain";2020;46190906182,033;4139037851;"LOW"
"1080";"Spain";2021;60298344162,533;5900806313;"LOW"
"1081";"Austria";1988;11692563224;4078576973;"MED"
"1082";"Austria";1989;12463229517;4225687197;"MED"
"1083";"Austria";1990;16427089270;4172581621;"MED"
"1084";"Austria";1991;16442340075;4252913147;"MED"
"1085";"Austria";1992;18600986287;4247957886;"MED"
"1086";"Austria";1993;16654145974;4383783429;"MED"
"1087";"Austria";1994;18320958677;4540819087;"MED"
"1088";"Austria";1995;21750065249;3202922235;"MED"
"1089";"Austria";1996;22630964936;3413615828;"MED"
"1090";"Austria";1997;21576649762;4345245533;"MED"
"1091";"Austria";1998;22882679619;4548785091;"MED"
"1092";"Austria";1999;23078766156;4725011269;"MED"
"1093";"Austria";2000;23445116668;4400093526;"MED"
"1094";"Austria";2001;24393636992;4617961493;"MED"
"1095";"Austria";2002;26620766630;4819727354;"MED"
"1096";"Austria";2003;34004008346;5703175309;"MED"
"1097";"Austria";2004;43724272511;6499657060;"MED"
"1098";"Austria";2005;46790120515;6763454054;"MED"
"1099";"Austria";2006;53426627724;7734780742;"MED"
"1100";"Austria";2007;63684353589;8274494798;"MED"
"1101";"Austria";2008;68061348108;8023156353;"MED"
"1102";"Austria";2009;48740288446;5966100216;"MED"
"1103";"Austria";2010;53995984541;6989840749;"MED"
"1104";"Austria";2011;63905055603;7305512677;"MED"
"1105";"Austria";2012;60444547478,397;7866042721;"MED"
"1106";"Austria";2013;64356490083,039;8081105471;"MED"
"1107";"Austria";2014;65902998522,069;8088567101;"MED"
"1108";"Austria";2015;57271727012,458;7548623112;"MED"
"1109";"Austria";2016;56835260942,031;7885146767;"MED"
"1110";"Austria";2017;62597484227,701;8185060812;"MED"
"1111";"Austria";2018;67966124406,328;8707194885;"MED"
"1112";"Austria";2019;67093406936,456;8414799743;"MED"
"1113";"Austria";2020;61711331495,418;7944214993;"MED"
"1114";"Austria";2021;73765820231,186;8436587802;"MED"
"1115";"Belgium";1999;65327184806;28517778526;"MED"
"1116";"Belgium";2000;66207404329;22369071107;"MED"
"1117";"Belgium";2001;68841517167;22713896055;"MED"
"1118";"Belgium";2002;73440394361;24834620344;"MED"
"1119";"Belgium";2003;87777143612;26467366564;"MED"
"1120";"Belgium";2004;104863476276;28261002097;"MED"
"1121";"Belgium";2005;112155007284;29267105439;"MED"
"1122";"Belgium";2006;121345147315;30953273939;"MED"
"1123";"Belgium";2007;142669777332;29031861893;"MED"
"1124";"Belgium";2008;153453553990;28493743699;"MED"
"1125";"Belgium";2009;112989751996;26598925572;"MED"
"1126";"Belgium";2010;91158009419,044;28689178417;"MED"
"1127";"Belgium";2011;110406732089,738;28445039373;"MED"
"1128";"Belgium";2012;103340628640,535;28795185961;"MED"
"1129";"Belgium";2013;105608313213,585;28840502917;"MED"
"1130";"Belgium";2014;106623411008,129;33038645211;"MED"
"1131";"Belgium";2015;86304453867,944;25218967222;"MED"
"1132";"Belgium";2016;88627105062,602;24084190274;"MED"
"1133";"Belgium";2017;95853193142,755;24710809646;"MED"
"1134";"Belgium";2018;102049393039,94;28131894514;"MED"
"1135";"Belgium";2019;100814134624,745;27742241138;"MED"
"1136";"Belgium";2020;94593257277,317;27775565772;"MED"
"1137";"Belgium";2021;114127436395,651;26739304039;"MED"
"1138";"Finland";1988;6174738543;1194180568;"MED"
"1139";"Finland";1989;6828657651;882091171;"MED"
"1140";"Finland";1990;8087043604;1249476989;"MED"
"1141";"Finland";1991;6334273383;1070234244;"MED"
"1142";"Finland";1992;6530385483;1017859961;"MED"
"1143";"Finland";1993;6287732983;1272962072;"MED"
"1144";"Finland";1994;7551285517;1485629162;"MED"
"1145";"Finland";1995;10425137419;1420060008;"MED"
"1146";"Finland";1996;11076340960;1795024338;"MED"
"1147";"Finland";1997;10786526503;2018771248;"MED"
"1148";"Finland";1998;11106220407;2139182028;"MED"
"1149";"Finland";1999;10326979986;2032467925;"MED"
"1150";"Finland";2000;10434116058;3270488229;"MED"
"1151";"Finland";2001;11957395318;3699276582;"MED"
"1152";"Finland";2002;11785435028;3902087792;"MED"
"1153";"Finland";2003;14183537237;4225014051;"MED"
"1154";"Finland";2004;16781165431;4206270375;"MED"
"1155";"Finland";2005;18205941363;4234390140;"MED"
"1156";"Finland";2006;21886409560;5058754657;"MED"
"1157";"Finland";2007;26971229701;5108293120;"MED"
"1158";"Finland";2008;30564889039;3376038416;"MED"
"1159";"Finland";2009;19137630224;3482220508;"MED"
"1160";"Finland";2010;21532233303;5201362189;"MED"
"1161";"Finland";2011;23740046237;3727851541;"MED"
"1162";"Finland";2012;21236745343;1780366136;"MED"
"1163";"Finland";2013;21742000067;3191137197;"MED"
"1164";"Finland";2014;21252125453;3123118655;"MED"
"1165";"Finland";2015;17838524436;3228413684;"MED"
"1166";"Finland";2016;16732526515;2888236874;"MED"
"1167";"Finland";2017;20844265677,658;2687471944;"MED"
"1168";"Finland";2018;23366341306,042;3569191178;"MED"
"1169";"Finland";2019;24586326980,243;1706139968;"MED"
"1170";"Finland";2020;21216910061,49;2870789896;"MED"
"1171";"Finland";2021;24963769537,559;2903964357;"MED"
"1172";"France";1988;56415291292;15986638257;"MED"
"1173";"France";1989;60498818178;17282996745;"MED"
"1174";"France";1990;76874507320;17865149346;"MED"
"1175";"France";1991;77754304600;18533283360;"MED"
"1176";"France";1992;85820408297;18869762781;"MED"
"1177";"France";1993;74737882777;20583774763;"MED"
"1178";"France";1994;84204869734;19384204173;"MED"
"1179";"France";1995;101000138240;19657426781;"MED"
"1180";"France";1996;103696325374;21236209346;"MED"
"1181";"France";1997;101765576268;22197951867;"MED"
"1182";"France";1998;111083334060;23515897206;"MED"
"1183";"France";1999;109868627542;25105472366;"MED"
"1184";"France";2000;106769150032;26446523851;"MED"
"1185";"France";2001;108072488370;26688268137;"MED"
"1186";"France";2002;116135776586;27525938049;"MED"
"1187";"France";2003;138552986374;27783678447;"MED"
"1188";"France";2004;160993374898;29210049721;"MED"
"1189";"France";2005;166138061177;29701226673;"MED"
"1190";"France";2006;177865199089;30399590537;"MED"
"1191";"France";2007;203792524192;29330386171;"MED"
"1192";"France";2008;215369360730;27319334411;"MED"
"1193";"France";2009;159608533957;22053976504;"MED"
"1194";"France";2010;171731530443;20939260835;"MED"
"1195";"France";2011;195495223005;26680616600;"MED"
"1196";"France";2012;183196622282;26631900566;"MED"
"1197";"France";2013;186074709716;24605866280;"MED"
"1198";"France";2014;189238190826;25376016304;"MED"
"1199";"France";2015;167188001298;25312445218;"MED"
"1200";"France";2016;168749670367;25309334859;"MED"
"1201";"France";2017;183440066848,102;17358448281;"MED"
"1202";"France";2018;202619291226,018;7505048454;"MED"
"1203";"France";2019;197153704091,982;17246567480;"MED"
"1204";"France";2020;167428081867,805;23153083926;"MED"
"1205";"France";2021;200781623053,773;21659484270;"MED"
"1206";"Germany";1991;195694926664;40096493127;"MED"
"1207";"Germany";1992;213070388696;40407477343;"MED"
"1208";"Germany";1993;172769064336;39515153653;"MED"
"1209";"Germany";1994;198129110136;42759876934;"MED"
"1210";"Germany";1995;241530454208;43168407973;"MED"
"1211";"Germany";1996;248262397576;45858701199;"MED"
"1212";"Germany";1997;243209484892;49972886453;"MED"
"1213";"Germany";1998;261868104216;51606235394;"MED"
"1214";"Germany";1999;257667238752;52529955807;"MED"
"1215";"Germany";2000;251280362000;55363341357;"MED"
"1216";"Germany";2001;271472754000;58609639972;"MED"
"1217";"Germany";2002;298560921000;61389873303;"MED"
"1218";"Germany";2003;353910137000;61754171346;"MED"
"1219";"Germany";2004;420739563000;66876333467;"MED"
"1220";"Germany";2005;463599972000;72109390587;"MED"
"1221";"Germany";2006;522786092000;77673753749;"MED"
"1222";"Germany";2007;610638890000;81214229760;"MED"
"1223";"Germany";2008;666836188965,493;61176684233;"MED"
"1224";"Germany";2009;493049686332,003;46005893296;"MED"
"1225";"Germany";2010;569856691624,446;59826051651;"MED"
"1226";"Germany";2011;679540830019,606;74394521593;"MED"
"1227";"Germany";2012;643839001017,683;70882437763;"MED"
"1228";"Germany";2013;664768364064,027;72795688936;"MED"
"1229";"Germany";2014;690570587143,575;73719809884;"MED"
"1230";"Germany";2015;614239444465,325;75486236009;"MED"
"1231";"Germany";2016;621322520787,169;76858339190;"MED"
"1232";"Germany";2017;678019970194,766;79108435065;"MED"
"1233";"Germany";2018;719964260283,957;77522142401;"MED"
"1234";"Germany";2019;680402541782,223;74134171747;"MED"
"1235";"Germany";2020;615696566602,558;65480695776;"MED"
"1236";"Germany";2021;719006361687,676;70795813792;"MED"
"1237";"Greece";1988;361285160;480138482;"MED"
"1238";"Greece";1989;705419096;1212494652;"MED"
"1239";"Greece";1990;746853958;1192514944;"MED"
"1240";"Greece";1991;607114518;919207368;"MED"
"1241";"Greece";1992;729454006;1230660009;"MED"
"1242";"Greece";1993;761977082;1133630634;"MED"
"1243";"Greece";1994;816194672;951878551;"MED"
"1244";"Greece";1995;1203510191;1445736401;"MED"
"1245";"Greece";1996;1405543470;1689992532;"MED"
"1246";"Greece";1997;1412168902;1509439290;"MED"
"1247";"Greece";1998;1509892250;1660797774;"MED"
"1248";"Greece";1999;1436017051;1505415492;"MED"
"1249";"Greece";2000;1453025582;1899077312;"MED"
"1250";"Greece";2001;1582287598;1958820811;"MED"
"1251";"Greece";2002;1834028324;1990884920;"MED"
"1252";"Greece";2003;2457598407;2419571842;"MED"
"1253";"Greece";2004;2920962650;2293520554;"MED"
"1254";"Greece";2005;3294012434;2484680670;"MED"
"1255";"Greece";2006;3858494853;2555253061;"MED"
"1256";"Greece";2007;4857714532;2890229450;"MED"
"1257";"Greece";2008;5596906065;3065721639;"MED"
"1258";"Greece";2009;3935182059;2477437430;"MED"
"1259";"Greece";2010;4022035574;2895635678;"MED"
"1260";"Greece";2011;4585393593;2957792070;"MED"
"1261";"Greece";2012;4311911730;2651961500;"MED"
"1262";"Greece";2013;4141886367;2620893371;"MED"
"1263";"Greece";2014;4394028681;2683103848;"MED"
"1264";"Greece";2015;4028790185;2925928169;"MED"
"1265";"Greece";2016;3815869730;2690891271;"MED"
"1266";"Greece";2017;4293515305,807;3062880508;"MED"
"1267";"Greece";2018;5143085881,858;3275056743;"MED"
"1268";"Greece";2019;5029019373,962;2544177529;"MED"
"1269";"Greece";2020;5256977457,64;3273678423;"MED"
"1270";"Greece";2021;6403488809,222;3182402659;"MED"
"1271";"Ireland";1988;2992527727;759962656;"MED"
"1272";"Ireland";1989;3124020516;833591304;"MED"
"1273";"Ireland";1990;3690647185;797697992;"MED"
"1274";"Ireland";1991;3891065218;797357349;"MED"
"1275";"Ireland";1992;4214118435;677564294;"MED"
"1276";"Ireland";1993;3811395745;916527121;"MED"
"1277";"Ireland";1994;4307696654;893814118;"MED"
"1278";"Ireland";1995;5085258266;1305120772;"MED"
"1279";"Ireland";1996;6378796972;953133921;"MED"
"1280";"Ireland";1997;7545108246;1054225439;"MED"
"1281";"Ireland";1998;7872450036;1108204274;"MED"
"1282";"Ireland";1999;8510062940;1032675657;"MED"
"1283";"Ireland";2000;8329714000,596;974213116;"MED"
"1284";"Ireland";2001;8906978628,122;1140002595;"MED"
"1285";"Ireland";2002;9053512609,702;1070272884;"MED"
"1286";"Ireland";2003;11713489400,329;746325278;"MED"
"1287";"Ireland";2004;14325208329,265;986864947;"MED"
"1288";"Ireland";2005;13061309797,777;915136880;"MED"
"1289";"Ireland";2006;13533850938,149;914618864;"MED"
"1290";"Ireland";2007;14625242849,899;965944720;"MED"
"1291";"Ireland";2008;18519255358,671;1026835282;"MED"
"1292";"Ireland";2009;16385341901,908;936841181;"MED"
"1293";"Ireland";2010;16110152392,356;872219034;"MED"
"1294";"Ireland";2011;17591639232,188;1007723146;"MED"
"1295";"Ireland";2012;16375717188,372;948225167;"MED"
"1296";"Ireland";2013;17761883532,915;929601111;"MED"
"1297";"Ireland";2014;18403716586,583;886543521;"MED"
"1298";"Ireland";2015;16789803358,18;943829978;"MED"
"1299";"Ireland";2016;17135788609,33;1037604679;"MED"
"1300";"Ireland";2017;18343934867,894;1136917366;"MED"
"1301";"Ireland";2018;19911037123,182;1098256603;"MED"
"1302";"Ireland";2019;20230939618,414;1128447500;"MED"
"1303";"Ireland";2020;17878825857,556;1080235056;"MED"
"1304";"Ireland";2021;21942213492,015;1233086867;"MED"
"1305";"Italy";1988;48558662400;12856166595;"MED"
"1306";"Italy";1989;53967383385;13693127775;"MED"
"1307";"Italy";1990;64167035571;13055367366;"MED"
"1308";"Italy";1991;65407464193;13128637285;"MED"
"1309";"Italy";1992;67954162391;13812534023;"MED"
"1310";"Italy";1993;64302201448;16148975466;"MED"
"1311";"Italy";1994;73304634696;16259865045;"MED"
"1312";"Italy";1995;92111487229;17640074251;"MED"
"1313";"Italy";1996;102305472336;18498716744;"MED"
"1314";"Italy";1997;97012225385;19081111066;"MED"
"1315";"Italy";1998;100011605321;19778100611;"MED"
"1316";"Italy";1999;95706418461;20005222963;"MED"
"1317";"Italy";2000;95292687571;22187581029;"MED"
"1318";"Italy";2001;97026976511;23587343347;"MED"
"1319";"Italy";2002;101512332143;23050617218;"MED"
"1320";"Italy";2003;121713037666;23067006239;"MED"
"1321";"Italy";2004;146294973489;24899386996;"MED"
"1322";"Italy";2005;152946692896;25798395246;"MED"
"1323";"Italy";2006;174032076048;28365850356;"MED"
"1324";"Italy";2007;214381390663;28212555876;"MED"
"1325";"Italy";2008;230424676150;28961907920;"MED"
"1326";"Italy";2009;167221282862;22323132306;"MED"
"1327";"Italy";2010;180358184210;24466847473;"MED"
"1328";"Italy";2011;210064878538;26976946173;"MED"
"1329";"Italy";2012;196033868289;26852963406;"MED"
"1330";"Italy";2013;206123983571;26251864245;"MED"
"1331";"Italy";2014;214825712127;26972266398;"MED"
"1332";"Italy";2015;190172906801,58;22477727329;"MED"
"1333";"Italy";2016;194028950502,946;22314204473;"MED"
"1334";"Italy";2017;209356434282,888;23673974316;"MED"
"1335";"Italy";2018;226101172518,342;19490464427;"MED"
"1336";"Italy";2019;213775391870,154;21660863035;"MED"
"1337";"Italy";2020;194396993112,402;18328625509;"MED"
"1338";"Italy";2021;235870993677,899;29256901608;"MED"
"1339";"Netherlands";1988;25654283007;16304575633;"MED"
"1340";"Netherlands";1989;26581444124;16540640075;"MED"
"1341";"Netherlands";1990;32116609370;17479505844;"MED"
"1342";"Netherlands";1991;32330528849;17836940331;"MED"
"1343";"Netherlands";1992;33226558133;17464748379;"MED"
"1344";"Netherlands";1993;29403392536;20622546958;"MED"
"1345";"Netherlands";1994;34373923100;20516846146;"MED"
"1346";"Netherlands";1995;42925393771;19748578955;"MED"
"1347";"Netherlands";1996;43146488240;21400916041;"MED"
"1348";"Netherlands";1997;44702162121;23504933821;"MED"
"1349";"Netherlands";1998;43474451757;13590171546;"MED"
"1350";"Netherlands";1999;42689084120;14219516415;"MED"
"1351";"Netherlands";2000;41956087984;17900776750;"MED"
"1352";"Netherlands";2001;42018192932;18008384515;"MED"
"1353";"Netherlands";2002;44965495016;19263248254;"MED"
"1354";"Netherlands";2003;56204770946;20909338651;"MED"
"1355";"Netherlands";2004;67976331245;21143253891;"MED"
"1356";"Netherlands";2005;75601731367;22251060529;"MED"
"1357";"Netherlands";2006;85817853996;25461561884;"MED"
"1358";"Netherlands";2007;110779952429;26645777175;"MED"
"1359";"Netherlands";2008;120976882349;22451695830;"MED"
"1360";"Netherlands";2009;90805258114;6730153099;"MED"
"1361";"Netherlands";2010;103967414234;26216555239;"MED"
"1362";"Netherlands";2011;135033145239,582;36305425979;"MED"
"1363";"Netherlands";2012;125554041003,392;33161951784;"MED"
"1364";"Netherlands";2013;130790354960,681;35596708196;"MED"
"1365";"Netherlands";2014;137482819510,922;35810293146;"MED"
"1366";"Netherlands";2015;118972650034,85;41047292448;"MED"
"1367";"Netherlands";2016;122466676285,033;41628724567;"MED"
"1368";"Netherlands";2017;140052605708;50743176720;"MED"
"1369";"Netherlands";2018;159274194206,05;41138766618;"MED"
"1370";"Netherlands";2019;158275081228,791;41194757672;"MED"
"1371";"Netherlands";2020;154982737522,02;41850952559;"MED"
"1372";"Netherlands";2021;196315391308,266;45309033803;"MED"
"1373";"Portugal";1988;2086574837;835593395;"MED"
"1374";"Portugal";1989;2495575577;809543208;"MED"
"1375";"Portugal";1990;3426300216;1028216664;"MED"
"1376";"Portugal";1991;3411239688;910189362;"MED"
"1377";"Portugal";1992;4221520995;1075029930;"MED"
"1378";"Portugal";1993;3557197356;939794871;"MED"
"1379";"Portugal";1994;4161208100;1078840717;"MED"
"1380";"Portugal";1995;6307448692;1253719806;"MED"
"1381";"Portugal";1996;7258458927;38844506773;"MED"
"1382";"Portugal";1997;7579800697;1773398228;"MED"
"1383";"Portugal";1998;8196219247;1946675470;"MED"
"1384";"Portugal";1999;8316335224;7976728230;"MED"
"1385";"Portugal";2000;7985521942;2216893171;"MED"
"1386";"Portugal";2001;7879717058;2143101646;"MED"
"1387";"Portugal";2002;8707216137;2393793741;"MED"
"1388";"Portugal";2003;10531911348;2679370405;"MED"
"1389";"Portugal";2004;12043477831;2893603679;"MED"
"1390";"Portugal";2005;12089564686;2853497542;"MED"
"1391";"Portugal";2006;13799124832;2979967199;"MED"
"1392";"Portugal";2007;16293373687;3295410732;"MED"
"1393";"Portugal";2008;17303175339;3159991645;"MED"
"1394";"Portugal";2009;13655714146;2936678937;"MED"
"1395";"Portugal";2010;15133701839;3322251161;"MED"
"1396";"Portugal";2011;18480972653;3511752926;"MED"
"1397";"Portugal";2012;17641537260;3668603412;"MED"
"1398";"Portugal";2013;18065711133;3652992175;"MED"
"1399";"Portugal";2014;18511113362;3859813483;"MED"
"1400";"Portugal";2015;16365216266,3;3721323849;"MED"
"1401";"Portugal";2016;16285952461,228;4065945194;"MED"
"1402";"Portugal";2017;18680147227,761;4388664181;"MED"
"1403";"Portugal";2018;24314780938,156;4904250855;"MED"
"1404";"Portugal";2019;22979805633,975;2583358894;"MED"
"1405";"Portugal";2020;20940659215,455;4799270638;"MED"
"1406";"Portugal";2021;25184040900,088;2608523811;"MED"
"1407";"Spain";1988;14308184691;6625241654;"MED"
"1408";"Spain";1989;16180920767;6124356264;"MED"
"1409";"Spain";1990;21723321615;6724379788;"MED"
"1410";"Spain";1991;24320127930;6923189281;"MED"
"1411";"Spain";1992;27247300503;7651005247;"MED"
"1412";"Spain";1993;24844893366;7443265844;"MED"
"1413";"Spain";1994;30295150972;8545093168;"MED"
"1414";"Spain";1995;38680564829;9640820753;"MED"
"1415";"Spain";1996;43687840583;11091831749;"MED"
"1416";"Spain";1997;44170422128;11986088057;"MED"
"1417";"Spain";1998;47586131451;12947467982;"MED"
"1418";"Spain";1999;48749894937;14296974864;"MED"
"1419";"Spain";2000;49031828209,887;11214004764;"MED"
"1420";"Spain";2001;49395772658,649;12636910839;"MED"
"1421";"Spain";2002;52964758242,856;11540351499;"MED"
"1422";"Spain";2003;70710346747,442;15107730753;"MED"
"1423";"Spain";2004;78702264768,756;12569743103;"MED"
"1424";"Spain";2005;81151825519,002;14050924705;"MED"
"1425";"Spain";2006;89292404920,934;17385239791;"MED"
"1426";"Spain";2007;104976754734,978;14198930530;"MED"
"1427";"Spain";2008;107332438182,223;15006843539;"MED"
"1428";"Spain";2009;83022661632,932;11694075137;"MED"
"1429";"Spain";2010;90425497105,823;8442584301;"MED"
"1430";"Spain";2011;106819057495,204;7453822288;"MED"
"1431";"Spain";2012;97758633861,978;9289997730;"MED"
"1432";"Spain";2013;110231954493,616;10183980792;"MED"
"1433";"Spain";2014;113250198882,981;10253669685;"MED"
"1434";"Spain";2015;103866203469,848;8648895564;"MED"
"1435";"Spain";2016;108620232014,643;9724192323;"MED"
"1436";"Spain";2017;115371484589,908;9124857422;"MED"
"1437";"Spain";2018;123534190667,865;9152306332;"MED"
"1438";"Spain";2019;118287929221,402;13613238650;"MED"
"1439";"Spain";2020;105940669602,837;14806163582;"MED"
"1440";"Spain";2021;126663613594,805;16297074170;"MED"
"1441";"Austria";1988;3652207200;173087115;"HIGH"
"1442";"Austria";1989;3575439981;199730760;"HIGH"
"1443";"Austria";1990;5068879444;203221644;"HIGH"
"1444";"Austria";1991;5118338188;201674967;"HIGH"
"1445";"Austria";1992;4824465202;181690858;"HIGH"
"1446";"Austria";1993;4660029798;194891983;"HIGH"
"1447";"Austria";1994;5380446231;216633360;"HIGH"
"1448";"Austria";1995;5773751771;188982558;"HIGH"
"1449";"Austria";1996;5983418784;204881313;"HIGH"
"1450";"Austria";1997;6632945112;215891964;"HIGH"
"1451";"Austria";1998;7399265258;251192974;"HIGH"
"1452";"Austria";1999;7186602310;222587819;"HIGH"
"1453";"Austria";2000;8852459713;283882654;"HIGH"
"1454";"Austria";2001;9246878611;305893569;"HIGH"
"1455";"Austria";2002;10806392108;298240906;"HIGH"
"1456";"Austria";2003;13247583368;348095267;"HIGH"
"1457";"Austria";2004;17363901511;200604431;"HIGH"
"1458";"Austria";2005;16176668292;367196234;"HIGH"
"1459";"Austria";2006;18530571001;390984159;"HIGH"
"1460";"Austria";2007;21843253978;471115500;"HIGH"
"1461";"Austria";2008;24060459348;449833281;"HIGH"
"1462";"Austria";2009;20799137934;323770745;"HIGH"
"1463";"Austria";2010;22675065876;293182491;"HIGH"
"1464";"Austria";2011;25793322027;443159709;"HIGH"
"1465";"Austria";2012;25592184133;456497758;"HIGH"
"1466";"Austria";2013;28299091136;498491637;"HIGH"
"1467";"Austria";2014;29466902415;500877809;"HIGH"
"1468";"Austria";2015;25003392656;516282933;"HIGH"
"1469";"Austria";2016;25100440781;533027664;"HIGH"
"1470";"Austria";2017;28131657958;549381090;"HIGH"
"1471";"Austria";2018;29236753909;555210748;"HIGH"
"1472";"Austria";2019;29109600314;552435395;"HIGH"
"1473";"Austria";2020;29088527693;533462405;"HIGH"
"1474";"Austria";2021;36320520962;567669169;"HIGH"
"1475";"Belgium";1999;19422799757;563290804;"HIGH"
"1476";"Belgium";2000;22494328037;535355860;"HIGH"
"1477";"Belgium";2001;24953865671;208809380;"HIGH"
"1478";"Belgium";2002;35764956685;178090090;"HIGH"
"1479";"Belgium";2003;42029628621;248638335;"HIGH"
"1480";"Belgium";2004;49453202192;271683652;"HIGH"
"1481";"Belgium";2005;54422580088;264512115;"HIGH"
"1482";"Belgium";2006;57607884373;284852881;"HIGH"
"1483";"Belgium";2007;69177937928;272259095;"HIGH"
"1484";"Belgium";2008;73544613261;406479574;"HIGH"
"1485";"Belgium";2009;71255494821;313349810;"HIGH"
"1486";"Belgium";2010;27552369934;522269307;"HIGH"
"1487";"Belgium";2011;29018853119;543153220;"HIGH"
"1488";"Belgium";2012;26492896718;388696982;"HIGH"
"1489";"Belgium";2013;31448365114;399141974;"HIGH"
"1490";"Belgium";2014;33834148626;393524322;"HIGH"
"1491";"Belgium";2015;28793960592;368206878;"HIGH"
"1492";"Belgium";2016;38562619231;339980951;"HIGH"
"1493";"Belgium";2017;42925363810;447906807;"HIGH"
"1494";"Belgium";2018;47758889857;483591791;"HIGH"
"1495";"Belgium";2019;55111175309;511126177;"HIGH"
"1496";"Belgium";2020;61557622684;504437451;"HIGH"
"1497";"Belgium";2021;90580615120;602890066;"HIGH"
"1498";"Finland";1988;1543830421;60827725;"HIGH"
"1499";"Finland";1989;1983556805;67507907;"HIGH"
"1500";"Finland";1990;2618575145;75430481;"HIGH"
"1501";"Finland";1991;2199381477;75329243;"HIGH"
"1502";"Finland";1992;2662057088;81355273;"HIGH"
"1503";"Finland";1993;3306543438;105790715;"HIGH"
"1504";"Finland";1994;4719611629;136095864;"HIGH"
"1505";"Finland";1995;7263005191;165325548;"HIGH"
"1506";"Finland";1996;7863037950;169328101;"HIGH"
"1507";"Finland";1997;8711698820;194673515;"HIGH"
"1508";"Finland";1998;10543057361;215031064;"HIGH"
"1509";"Finland";1999;11098118727;184354586;"HIGH"
"1510";"Finland";2000;13743601407;211787253;"HIGH"
"1511";"Finland";2001;11679146860;295104168;"HIGH"
"1512";"Finland";2002;11792971445;222053333;"HIGH"
"1513";"Finland";2003;13384436193;214561961;"HIGH"
"1514";"Finland";2004;14291461295;244558742;"HIGH"
"1515";"Finland";2005;17717355647;250319931;"HIGH"
"1516";"Finland";2006;18346887463;272135729;"HIGH"
"1517";"Finland";2007;19705656537;266647588;"HIGH"
"1518";"Finland";2008;21907163312;241641306;"HIGH"
"1519";"Finland";2009;12914371362;225569761;"HIGH"
"1520";"Finland";2010;11028830294;183386155;"HIGH"
"1521";"Finland";2011;10806648039;178560176;"HIGH"
"1522";"Finland";2012;9752599718;189370627;"HIGH"
"1523";"Finland";2013;8684474506;181234057;"HIGH"
"1524";"Finland";2014;8950283614;226888163;"HIGH"
"1525";"Finland";2015;7428545881;199344458;"HIGH"
"1526";"Finland";2016;6915210731;167878511;"HIGH"
"1527";"Finland";2017;7808639465;212874001;"HIGH"
"1528";"Finland";2018;8078445913;216979001;"HIGH"
"1529";"Finland";2019;7713890540;18747686;"HIGH"
"1530";"Finland";2020;7779218419;186263005;"HIGH"
"1531";"Finland";2021;9346427409;187090275;"HIGH"
"1532";"France";1988;23963293096;625561725;"HIGH"
"1533";"France";1989;26027713420;757386238;"HIGH"
"1534";"France";1990;31787954880;816081991;"HIGH"
"1535";"France";1991;36035920448;847885664;"HIGH"
"1536";"France";1992;39059258664;879984591;"HIGH"
"1537";"France";1993;36402062632;1015634718;"HIGH"
"1538";"France";1994;41137326480;1049647305;"HIGH"
"1539";"France";1995;52762720544;1131545756;"HIGH"
"1540";"France";1996;54694176848;1238579278;"HIGH"
"1541";"France";1997;58041614600;1321809731;"HIGH"
"1542";"France";1998;64801917408;1469862247;"HIGH"
"1543";"France";1999;65127493136;1504396882;"HIGH"
"1544";"France";2000;69620615008;1637491060;"HIGH"
"1545";"France";2001;68248383268;1633852346;"HIGH"
"1546";"France";2002;68628569955;1653131749;"HIGH"
"1547";"France";2003;76258536581;1623454463;"HIGH"
"1548";"France";2004;87131697278;1594921720;"HIGH"
"1549";"France";2005;91815756924;1611788214;"HIGH"
"1550";"France";2006;1,04437e+11;1742888886;"HIGH"
"1551";"France";2007;1,10759e+11;700344676;"HIGH"
"1552";"France";2008;1,2513e+11;836072544;"HIGH"
"1553";"France";2009;1,10943e+11;382107290;"HIGH"
"1554";"France";2010;1,27385e+11;433952930;"HIGH"
"1555";"France";2011;1,35826e+11;1575100931;"HIGH"
"1556";"France";2012;1,37262e+11;1556365671;"HIGH"
"1557";"France";2013;1,40393e+11;1567892202;"HIGH"
"1558";"France";2014;1,37896e+11;1534631713;"HIGH"
"1559";"France";2015;1,24187e+11;1540917395;"HIGH"
"1560";"France";2016;1,23295e+11;1564068596;"HIGH"
"1561";"France";2017;1,2503e+11;1578164902;"HIGH"
"1562";"France";2018;1,31248e+11;1172691779;"HIGH"
"1563";"France";2019;1,33644e+11;1590796738;"HIGH"
"1564";"France";2020;1,06194e+11;1604061502;"HIGH"
"1565";"France";2021;1,15919e+11;1624607698;"HIGH"
"1566";"Germany";1991;59972467296;1399024438;"HIGH"
"1567";"Germany";1992;62556232416;1364696175;"HIGH"
"1568";"Germany";1993;56208757152;1330525269;"HIGH"
"1569";"Germany";1994;65170081760;1498754539;"HIGH"
"1570";"Germany";1995;80115443120;1623830558;"HIGH"
"1571";"Germany";1996;78639632352;1713904690;"HIGH"
"1572";"Germany";1997;82258448960;1869306748;"HIGH"
"1573";"Germany";1998;92355920648;2042055053;"HIGH"
"1574";"Germany";1999;97434145472;4374930530;"HIGH"
"1575";"Germany";2000;1,02442e+11;2345558458;"HIGH"
"1576";"Germany";2001;1,11867e+11;2516374591;"HIGH"
"1577";"Germany";2002;1,151e+11;2643450552;"HIGH"
"1578";"Germany";2003;1,3251e+11;2637360450;"HIGH"
"1579";"Germany";2004;1,71195e+11;2829665686;"HIGH"
"1580";"Germany";2005;1,88629e+11;3117446028;"HIGH"
"1581";"Germany";2006;2,1385e+11;3406530862;"HIGH"
"1582";"Germany";2007;2,36301e+11;3472329968;"HIGH"
"1583";"Germany";2008;2,63575e+11;3963345074;"HIGH"
"1584";"Germany";2009;2,27119e+11;2570509284;"HIGH"
"1585";"Germany";2010;2,49746e+11;4037887142;"HIGH"
"1586";"Germany";2011;2,76368e+11;4350164686;"HIGH"
"1587";"Germany";2012;2,72768e+11;4403189798;"HIGH"
"1588";"Germany";2013;2,78397e+11;4124489407;"HIGH"
"1589";"Germany";2014;2,8735e+11;4003780848;"HIGH"
"1590";"Germany";2015;2,67227e+11;4111845685;"HIGH"
"1591";"Germany";2016;2,73778e+11;3816076098;"HIGH"
"1592";"Germany";2017;2,97911e+11;4136606351;"HIGH"
"1593";"Germany";2018;3,24848e+11;4256476113;"HIGH"
"1594";"Germany";2019;3,16099e+11;4243155542;"HIGH"
"1595";"Germany";2020;3,02253e+11;4155238311;"HIGH"
"1596";"Germany";2021;3,46112e+11;3743472435;"HIGH"
"1597";"Greece";1988;99965954;4823034;"HIGH"
"1598";"Greece";1989;118732209;6794240;"HIGH"
"1599";"Greece";1990;135194763;7839941;"HIGH"
"1600";"Greece";1991;167173971;9546074;"HIGH"
"1601";"Greece";1992;165865044;11899554;"HIGH"
"1602";"Greece";1993;228075021;10771928;"HIGH"
"1603";"Greece";1994;217706654;10887921;"HIGH"
"1604";"Greece";1995;291135011;11549248;"HIGH"
"1605";"Greece";1996;312254130;11157350;"HIGH"
"1606";"Greece";1997;348096821;13916570;"HIGH"
"1607";"Greece";1998;523919312;20060813;"HIGH"
"1608";"Greece";1999;623797615;20636725;"HIGH"
"1609";"Greece";2000;846505264;25525169;"HIGH"
"1610";"Greece";2001;760983349;92993247;"HIGH"
"1611";"Greece";2002;785021430;33673762;"HIGH"
"1612";"Greece";2003;1270856983;127406331;"HIGH"
"1613";"Greece";2004;1546108522;48094348;"HIGH"
"1614";"Greece";2005;1870557425;53308870;"HIGH"
"1615";"Greece";2006;2052306215;153471087;"HIGH"
"1616";"Greece";2007;2144833276;62193308;"HIGH"
"1617";"Greece";2008;2654275038;66387799;"HIGH"
"1618";"Greece";2009;2539051632;69316626;"HIGH"
"1619";"Greece";2010;2464567552;79176820;"HIGH"
"1620";"Greece";2011;2512317536;81226033;"HIGH"
"1621";"Greece";2012;2306165788;82007158;"HIGH"
"1622";"Greece";2013;2340239116;92464004;"HIGH"
"1623";"Greece";2014;2595759095;91450072;"HIGH"
"1624";"Greece";2015;2427520767;104346766;"HIGH"
"1625";"Greece";2016;2506241803;119826701;"HIGH"
"1626";"Greece";2017;2599694844;122956389;"HIGH"
"1627";"Greece";2018;3278451195;103941907;"HIGH"
"1628";"Greece";2019;3761695338;120960494;"HIGH"
"1629";"Greece";2020;4945025824;171633157;"HIGH"
"1630";"Greece";2021;5485629729;255059852;"HIGH"
"1631";"Ireland";1988;4902145235;87028760;"HIGH"
"1632";"Ireland";1989;5774147460;97397874;"HIGH"
"1633";"Ireland";1990;6618540005;100647796;"HIGH"
"1634";"Ireland";1991;6426654747;107234395;"HIGH"
"1635";"Ireland";1992;7226923569;111492483;"HIGH"
"1636";"Ireland";1993;8169447647;134718417;"HIGH"
"1637";"Ireland";1994;10232050947;158383789;"HIGH"
"1638";"Ireland";1995;14866317048;188461299;"HIGH"
"1639";"Ireland";1996;16829970486;245700423;"HIGH"
"1640";"Ireland";1997;20618786675;243763026;"HIGH"
"1641";"Ireland";1998;25088287730;302646286;"HIGH"
"1642";"Ireland";1999;29589855382;403498764;"HIGH"
"1643";"Ireland";2000;32910333360;498693025;"HIGH"
"1644";"Ireland";2001;38246062408;447424261;"HIGH"
"1645";"Ireland";2002;43173017322;437750821;"HIGH"
"1646";"Ireland";2003;39270592710;465619136;"HIGH"
"1647";"Ireland";2004;44195748252;550856317;"HIGH"
"1648";"Ireland";2005;43106291547;567995996;"HIGH"
"1649";"Ireland";2006;43839688846;527745527;"HIGH"
"1650";"Ireland";2007;47173176309;406138390;"HIGH"
"1651";"Ireland";2008;49394539588;383755771;"HIGH"
"1652";"Ireland";2009;48065038933;283027955;"HIGH"
"1653";"Ireland";2010;43545936777;245341072;"HIGH"
"1654";"Ireland";2011;48901260761;274233931;"HIGH"
"1655";"Ireland";2012;42673230499;256657838;"HIGH"
"1656";"Ireland";2013;39871496037;266576694;"HIGH"
"1657";"Ireland";2014;41779219579;271305895;"HIGH"
"1658";"Ireland";2015;48929865593;298727562;"HIGH"
"1659";"Ireland";2016;53582370636;283804696;"HIGH"
"1660";"Ireland";2017;60116002872;282515005;"HIGH"
"1661";"Ireland";2018;73892144527;299892284;"HIGH"
"1662";"Ireland";2019;77385433811;348925230;"HIGH"
"1663";"Ireland";2020;92780364120;338251885;"HIGH"
"1664";"Ireland";2021;98643626325;338821401;"HIGH"
"1665";"Italy";1988;12236271656;651774950;"HIGH"
"1666";"Italy";1989;13636162971;657880456;"HIGH"
"1667";"Italy";1990;16813498368;661576044;"HIGH"
"1668";"Italy";1991;16684511256;647460193;"HIGH"
"1669";"Italy";1992;18277336620;561673357;"HIGH"
"1670";"Italy";1993;17039351858;765401791;"HIGH"
"1671";"Italy";1994;18855238088;798907284;"HIGH"
"1672";"Italy";1995;22542101984;887246526;"HIGH"
"1673";"Italy";1996;24281346102;1160040646;"HIGH"
"1674";"Italy";1997;22635205724;1245347922;"HIGH"
"1675";"Italy";1998;24434728095;1015837010;"HIGH"
"1676";"Italy";1999;24992717097;1064744877;"HIGH"
"1677";"Italy";2000;27817641586;1206253666;"HIGH"
"1678";"Italy";2001;27645267518;1203422084;"HIGH"
"1679";"Italy";2002;29042458578;1177733075;"HIGH"
"1680";"Italy";2003;31056927683;1157967655;"HIGH"
"1681";"Italy";2004;35853109869;1261688115;"HIGH"
"1682";"Italy";2005;39009995775;1316696352;"HIGH"
"1683";"Italy";2006;40788613863;1423517902;"HIGH"
"1684";"Italy";2007;45952960175;1584679631;"HIGH"
"1685";"Italy";2008;49174380628;1476270667;"HIGH"
"1686";"Italy";2009;42765047928;1229198070;"HIGH"
"1687";"Italy";2010;46726284972;1381692052;"HIGH"
"1688";"Italy";2011;53207399251;1506603091;"HIGH"
"1689";"Italy";2012;52202811244;1650819647;"HIGH"
"1690";"Italy";2013;56216337999;1564152787;"HIGH"
"1691";"Italy";2014;58340574692;1556293358;"HIGH"
"1692";"Italy";2015;49624993549;1047472888;"HIGH"
"1693";"Italy";2016;50997567729;1053205974;"HIGH"
"1694";"Italy";2017;56950888540;795559287;"HIGH"
"1695";"Italy";2018;63567420059;858810433;"HIGH"
"1696";"Italy";2019;63985511855;1123645864;"HIGH"
"1697";"Italy";2020;64956823543;861555723;"HIGH"
"1698";"Italy";2021;70877405293;1765396013;"HIGH"
"1699";"Netherlands";1988;12876576376;320831260;"HIGH"
"1700";"Netherlands";1989;13594507784;328643127;"HIGH"
"1701";"Netherlands";1990;17434255712;332634052;"HIGH"
"1702";"Netherlands";1991;17614864340;339028722;"HIGH"
"1703";"Netherlands";1992;19497846880;340054824;"HIGH"
"1704";"Netherlands";1993;21599620060;383676032;"HIGH"
"1705";"Netherlands";1994;23973937368;545537857;"HIGH"
"1706";"Netherlands";1995;31743417272;522897025;"HIGH"
"1707";"Netherlands";1996;34080351212;589204356;"HIGH"
"1708";"Netherlands";1997;43631462838;1094293070;"HIGH"
"1709";"Netherlands";1998;40776140192;881558102;"HIGH"
"1710";"Netherlands";1999;44560310154;322381182;"HIGH"
"1711";"Netherlands";2000;51163481188;220530593;"HIGH"
"1712";"Netherlands";2001;44409778820;491038616;"HIGH"
"1713";"Netherlands";2002;43347333720;240443471;"HIGH"
"1714";"Netherlands";2003;60726654486;267404882;"HIGH"
"1715";"Netherlands";2004;77345489256;344599917;"HIGH"
"1716";"Netherlands";2005;83368847056;363266747;"HIGH"
"1717";"Netherlands";2006;91266444108;391215779;"HIGH"
"1718";"Netherlands";2007;1,03404e+11;1432951235;"HIGH"
"1719";"Netherlands";2008;95744977350;484509544;"HIGH"
"1720";"Netherlands";2009;84528351184;319295853;"HIGH"
"1721";"Netherlands";2010;98163495746;351872526;"HIGH"
"1722";"Netherlands";2011;1,08209e+11;2838498754;"HIGH"
"1723";"Netherlands";2012;1,02689e+11;2503265950;"HIGH"
"1724";"Netherlands";2013;1,01061e+11;2431641440;"HIGH"
"1725";"Netherlands";2014;1,0735e+11;2034241203;"HIGH"
"1726";"Netherlands";2015;89623368124;2158545967;"HIGH"
"1727";"Netherlands";2016;89855376414;3127631495;"HIGH"
"1728";"Netherlands";2017;1,03485e+11;3665225210;"HIGH"
"1729";"Netherlands";2018;1,09478e+11;5016087766;"HIGH"
"1730";"Netherlands";2019;1,12804e+11;2454862812;"HIGH"
"1731";"Netherlands";2020;1,17639e+11;2485600351;"HIGH"
"1732";"Netherlands";2021;1,35334e+11;3157731365;"HIGH"
"1733";"Portugal";1988;569097140;42259265;"HIGH"
"1734";"Portugal";1989;678390789;46110798;"HIGH"
"1735";"Portugal";1990;835647429;55210730;"HIGH"
"1736";"Portugal";1991;836093765;54543399;"HIGH"
"1737";"Portugal";1992;912279909;53759692;"HIGH"
"1738";"Portugal";1993;645332464;44512926;"HIGH"
"1739";"Portugal";1994;868561367;49227128;"HIGH"
"1740";"Portugal";1995;1430619267;63339548;"HIGH"
"1741";"Portugal";1996;1360979815;64901872;"HIGH"
"1742";"Portugal";1997;1387429280;77148542;"HIGH"
"1743";"Portugal";1998;1487281991;85767576;"HIGH"
"1744";"Portugal";1999;1729208697;63155039;"HIGH"
"1745";"Portugal";2000;2091192280;94495913;"HIGH"
"1746";"Portugal";2001;2194286888;85404379;"HIGH"
"1747";"Portugal";2002;2061656731;71267667;"HIGH"
"1748";"Portugal";2003;2942667485;85312762;"HIGH"
"1749";"Portugal";2004;3380054186;39594873;"HIGH"
"1750";"Portugal";2005;3414223393;34804921;"HIGH"
"1751";"Portugal";2006;3912928953;92124774;"HIGH"
"1752";"Portugal";2007;4519268550;122412788;"HIGH"
"1753";"Portugal";2008;5000377751;174575954;"HIGH"
"1754";"Portugal";2009;2761344759;135848477;"HIGH"
"1755";"Portugal";2010;2922061907;161960157;"HIGH"
"1756";"Portugal";2011;3500037539;186738460;"HIGH"
"1757";"Portugal";2012;3680676652;206529812;"HIGH"
"1758";"Portugal";2013;4127898517;215174943;"HIGH"
"1759";"Portugal";2014;4484772371;226476684;"HIGH"
"1760";"Portugal";2015;3937420700;219412193;"HIGH"
"1761";"Portugal";2016;4690738055;157163389;"HIGH"
"1762";"Portugal";2017;5253355144;238362898;"HIGH"
"1763";"Portugal";2018;5433031349;174013095;"HIGH"
"1764";"Portugal";2019;5563649307;264846027;"HIGH"
"1765";"Portugal";2020;5261950324;228335464;"HIGH"
"1766";"Portugal";2021;5663750231;257987106;"HIGH"
"1767";"Spain";1988;3232697120;214234187;"HIGH"
"1768";"Spain";1989;3743520481;253164953;"HIGH"
"1769";"Spain";1990;4722209517;223959519;"HIGH"
"1770";"Spain";1991;5504746674;235504217;"HIGH"
"1771";"Spain";1992;5863498221;254190074;"HIGH"
"1772";"Spain";1993;5907585767;261242017;"HIGH"
"1773";"Spain";1994;7270684428;360104905;"HIGH"
"1774";"Spain";1995;8130718495;412775075;"HIGH"
"1775";"Spain";1996;9363437506;485691665;"HIGH"
"1776";"Spain";1997;9325019647;570959322;"HIGH"
"1777";"Spain";1998;10153028454;630818315;"HIGH"
"1778";"Spain";1999;11301278817;758813192;"HIGH"
"1779";"Spain";2000;11657396860;346978140;"HIGH"
"1780";"Spain";2001;11621393274;394268183;"HIGH"
"1781";"Spain";2002;13222972346;378665173;"HIGH"
"1782";"Spain";2003;16143969576;744533614;"HIGH"
"1783";"Spain";2004;18813695072;718164722;"HIGH"
"1784";"Spain";2005;21430614826;867456909;"HIGH"
"1785";"Spain";2006;22897809283;619244417;"HIGH"
"1786";"Spain";2007;26860251850;220450513;"HIGH"
"1787";"Spain";2008;30275941388;809994020;"HIGH"
"1788";"Spain";2009;27060008114;601280432;"HIGH"
"1789";"Spain";2010;29247520261;506121102;"HIGH"
"1790";"Spain";2011;34099052283;313148831;"HIGH"
"1791";"Spain";2012;31592115969;221570984;"HIGH"
"1792";"Spain";2013;34693270499;372868500;"HIGH"
"1793";"Spain";2014;33193486129;325895563;"HIGH"
"1794";"Spain";2015;29555451375;190392887;"HIGH"
"1795";"Spain";2016;31273107182;701111831;"HIGH"
"1796";"Spain";2017;32066322241;839857058;"HIGH"
"1797";"Spain";2018;33798457427;899891236;"HIGH"
"1798";"Spain";2019;34400623680;883093241;"HIGH"
"1799";"Spain";2020;33508610992;1711157526;"HIGH"
"1800";"Spain";2021;41930392448;1551077286;"HIGH"
